dispute_id,payment_id,reason_code,amount,respond_by,has_avs_match,has_cvv_match,has_delivery_confirmation,has_device_fingerprint_match,has_duplicate_transaction_proof,has_item_description_match,has_product_photos,has_refund_already_issued,has_return_communication,has_signature_confirmation,has_tracking_number,would_win
D002233,pay_42291774,unauthorized_transaction,1961.09,2026-01-03,True,False,False,True,True,True,False,False,True,True,,False
D001588,pay_67037574,duplicate_charge,5811.78,2026-09-08,False,False,False,False,,False,True,True,False,False,False,True
D001233,pay_68731672,unauthorized_transaction,7548.75,2026-02-20,False,False,False,,False,False,False,True,False,,True,False
D002292,pay_68587038,item_not_as_described,4025.24,2026-08-14,True,,False,False,,False,True,True,True,False,True,False
D002326,pay_84820324,duplicate_charge,6570.97,2026-06-14,True,False,False,False,False,True,True,,True,,True,True
D001374,pay_25252222,item_not_received,1604.44,2026-04-23,,,True,True,False,False,False,True,True,True,,True
D002200,pay_94884208,unauthorized_transaction,7842.82,2026-01-07,True,False,False,True,True,False,,False,True,True,False,False
D002875,pay_82702084,unauthorized_transaction,5536.19,2026-10-11,False,True,,True,True,True,True,True,False,,True,True
D000478,pay_35720719,item_not_as_described,5687.59,2026-03-28,True,,False,True,False,True,True,True,,,True,True
D001498,pay_92923207,unauthorized_transaction,2017.38,2026-08-28,True,True,False,True,False,True,False,False,False,True,,True
D002125,pay_64083996,item_not_as_described,5453.69,2026-02-14,True,False,True,False,,False,False,False,True,,True,True
D001353,pay_98379692,unauthorized_transaction,4447.82,2026-04-29,True,,,,True,False,,,False,False,True,True
D004275,pay_83467220,unauthorized_transaction,1917.26,2026-06-25,True,False,True,False,,True,True,False,,,True,False
D004939,pay_28158793,item_not_received,2151.55,2026-07-03,False,True,True,True,True,False,True,True,True,,False,True
D005589,pay_22937398,item_not_as_described,6837.48,2026-05-26,True,False,True,True,True,False,,True,True,True,False,True
D004342,pay_15999514,item_not_as_described,6836.62,2026-09-21,False,False,False,True,True,,True,,True,,False,True
D005146,pay_50007350,duplicate_charge,7387.67,2026-03-02,True,False,False,False,,False,True,False,,False,True,False
D003068,pay_72602223,item_not_as_described,3409.78,2026-05-03,False,False,,,False,True,False,False,True,True,True,True
D004143,pay_69310953,duplicate_charge,5832.52,2026-06-04,,False,False,False,True,False,False,False,False,False,,True
D000432,pay_75020246,unauthorized_transaction,7026.11,2026-08-12,True,,True,True,,False,True,,True,True,True,True
D003696,pay_74712915,unauthorized_transaction,6893.78,2026-02-03,True,True,True,False,False,True,False,True,True,False,True,True
D000865,pay_33853894,duplicate_charge,5049.23,2026-04-29,True,False,,False,False,True,False,False,True,False,,True
D004758,pay_97998908,duplicate_charge,6366.62,2026-01-18,False,True,True,False,False,,False,True,False,True,,True
D004690,pay_56610960,unauthorized_transaction,3601.16,2026-08-11,True,True,True,True,,True,,False,False,True,,True
D002745,pay_80677046,unauthorized_transaction,4594.75,2026-08-10,False,,,False,True,,True,False,False,True,False,True
D002006,pay_86955800,item_not_received,2358.38,2026-09-16,False,False,False,False,False,,False,False,True,False,True,False
D001273,pay_37407585,unauthorized_transaction,3627.91,2026-04-01,True,True,True,True,True,True,True,False,,False,True,False
D001376,pay_94105435,item_not_received,7993.56,2026-07-10,True,True,False,False,False,False,,True,False,False,True,True
D005740,pay_44321675,item_not_received,320.57,2026-07-24,True,True,,False,False,True,False,,False,,True,True
D004653,pay_28263597,item_not_as_described,3747.67,2026-06-11,False,,True,True,False,True,False,True,True,,True,True
D003024,pay_46622577,item_not_received,6945.32,2026-02-09,True,True,False,True,False,True,True,False,False,False,False,False
D001652,pay_66747243,item_not_received,7996.41,2026-04-03,False,False,True,True,True,False,True,True,True,False,True,True
D005136,pay_02553518,item_not_as_described,5945.02,2026-01-11,False,False,False,False,True,True,,True,True,True,False,False
D004593,pay_05835696,item_not_as_described,458.01,2026-09-15,False,True,False,False,,False,,,True,False,True,False
D002641,pay_19916886,unauthorized_transaction,5023.37,2026-02-13,False,True,False,True,True,False,True,True,True,True,True,True
D005457,pay_41183119,unauthorized_transaction,1906.19,2026-02-18,True,True,True,True,True,True,False,,True,True,True,True
D001916,pay_50945557,unauthorized_transaction,1823.63,2026-07-16,,False,True,,True,False,,False,True,False,False,False
D005366,pay_55743190,duplicate_charge,6241.55,2026-04-18,False,False,True,False,True,False,True,True,False,True,False,True
D002804,pay_66481537,item_not_received,1792.78,2026-02-09,False,False,False,True,True,False,False,True,,False,True,False
D002659,pay_67673490,unauthorized_transaction,3127.71,2026-08-24,False,False,False,True,,True,True,False,,,False,True
D000280,pay_95189821,duplicate_charge,3641.49,2026-07-04,True,True,True,True,True,True,True,True,,True,True,True
D001924,pay_52551119,item_not_as_described,6078.68,2026-04-29,False,True,True,False,True,False,False,False,False,False,False,False
D003509,pay_20736844,item_not_received,4083.22,2026-08-16,True,True,True,False,False,False,False,True,False,,True,True
D004580,pay_07394485,item_not_received,7123.05,2026-07-28,False,True,True,False,False,False,False,False,True,True,,True
D000122,pay_69372824,item_not_received,5874.61,2026-01-14,False,True,False,False,True,False,True,True,False,True,False,True
D000019,pay_32394260,item_not_as_described,7600.08,2026-02-14,True,False,True,True,,False,,False,True,False,,False
D004992,pay_49934029,item_not_as_described,3868.18,2026-08-23,False,True,True,True,False,,False,False,False,False,,True
D000546,pay_95521506,item_not_as_described,6975.39,2026-01-27,False,False,False,,True,True,True,True,False,True,True,True
D001855,pay_46608006,item_not_received,308.9,2026-07-22,False,,,True,,True,False,False,True,True,True,True
D005770,pay_45576887,duplicate_charge,3821.62,2026-09-19,False,False,False,True,,True,False,False,True,False,True,True
D004692,pay_41179533,item_not_as_described,3310.64,2026-01-26,False,False,True,True,False,False,True,True,True,True,,False
D000196,pay_80381832,unauthorized_transaction,2434.57,2026-02-05,,True,True,False,,True,False,True,False,True,,True
D003851,pay_94230479,unauthorized_transaction,1796.1,2026-04-20,False,False,False,True,False,True,True,False,True,False,True,False
D000104,pay_36772637,item_not_as_described,3074.89,2026-04-13,False,False,True,False,True,False,True,False,True,,,True
D005084,pay_53618481,item_not_received,6138.65,2026-08-09,False,True,,True,True,False,False,False,False,True,,True
D003224,pay_85340813,item_not_as_described,5921.69,2026-01-29,True,True,False,True,True,True,True,False,,True,,False
D003194,pay_24526757,item_not_as_described,1217.91,2026-05-28,False,False,True,True,,False,True,True,True,False,False,False
D003127,pay_82516974,unauthorized_transaction,7885.26,2026-04-30,False,,,False,True,False,False,False,True,False,False,False
D000760,pay_30454606,item_not_received,5086.7,2026-03-16,False,True,False,True,True,,True,True,True,False,False,True
D003609,pay_41634614,item_not_received,5660.92,2026-06-17,True,True,False,True,False,True,False,False,False,,False,True
D003782,pay_18185594,unauthorized_transaction,6540.18,2026-05-04,False,False,False,False,True,False,,True,False,True,False,False
D002771,pay_53157464,unauthorized_transaction,1917.4,2026-07-13,True,True,False,,True,False,True,True,True,False,True,True
D005524,pay_70843438,item_not_as_described,470.91,2026-06-01,False,True,True,False,True,False,True,True,True,True,True,True
D001099,pay_14326307,duplicate_charge,2767.78,2026-10-14,True,,False,True,True,,False,True,True,True,True,True
D004605,pay_69795144,unauthorized_transaction,1992.64,2026-01-27,True,True,False,True,True,False,True,False,True,True,True,False
D001918,pay_65294788,item_not_received,5534.44,2026-09-25,True,False,,,,False,False,True,True,False,False,False
D001436,pay_56166745,item_not_received,3389.02,2026-10-16,,False,True,True,False,False,False,,False,True,True,True
D002876,pay_61079664,item_not_received,2485.86,2026-05-11,True,True,False,,True,False,True,False,False,True,True,True
D001561,pay_39098892,duplicate_charge,4653.38,2026-05-22,False,True,,True,True,False,True,False,False,False,False,False
D001085,pay_01958231,duplicate_charge,7511.04,2026-10-08,True,True,False,False,False,True,True,False,False,False,True,False
D001093,pay_68224244,item_not_received,1135.41,2026-02-28,False,False,True,True,True,False,True,False,,True,True,True
D000171,pay_92007417,item_not_received,835.98,2026-02-26,True,False,False,False,False,False,True,True,False,False,False,False
D001956,pay_96623827,item_not_received,2515.49,2026-07-23,True,True,True,False,True,False,True,False,True,,True,True
D002823,pay_68423564,item_not_received,6295.2,2026-10-11,True,False,True,True,,True,False,True,,False,True,False
D005334,pay_85353077,duplicate_charge,6615.36,2026-03-05,True,False,True,False,True,,False,False,True,False,,False
D002042,pay_70822714,duplicate_charge,7997.5,2026-07-02,True,True,False,True,True,True,True,True,,True,True,True
D005309,pay_97473101,item_not_received,4617.22,2026-07-10,False,False,False,,,True,False,True,True,False,,True
D000144,pay_02970357,duplicate_charge,1471.55,2026-10-02,True,False,,False,False,True,False,,True,True,True,False
D005091,pay_18512584,duplicate_charge,6917.07,2026-04-08,,,False,True,False,,False,True,False,True,False,False
D000899,pay_79527979,item_not_received,2627.4,2026-04-18,True,True,False,True,,False,,,,False,False,False
D005501,pay_21153764,duplicate_charge,6291.28,2026-01-23,True,True,False,True,False,,False,True,False,True,False,True
D002700,pay_95675306,item_not_as_described,3541.85,2026-07-29,False,True,,False,False,True,True,False,True,False,True,True
D002329,pay_37899200,item_not_received,637.42,2026-06-14,False,True,True,,True,,False,True,False,True,True,True
D002167,pay_58582003,unauthorized_transaction,4905.67,2026-07-29,True,True,True,True,True,True,False,False,True,False,False,True
D001914,pay_58166614,item_not_as_described,5647.68,2026-02-27,True,False,,False,False,True,True,True,False,True,,False
D002226,pay_29231308,unauthorized_transaction,2232.96,2026-06-07,False,False,,,True,True,True,False,True,False,False,False
D001025,pay_59542582,unauthorized_transaction,5636.54,2026-09-01,False,False,False,False,True,True,True,True,False,True,,False
D002509,pay_00944464,item_not_received,3051.3,2026-07-29,True,True,True,False,True,True,True,True,False,True,True,False
D001569,pay_47158907,item_not_as_described,3927.26,2026-01-22,False,False,False,True,True,,True,True,,True,False,True
D005622,pay_37738579,item_not_as_described,7871.96,2026-08-11,,False,False,True,False,False,True,True,True,True,True,False
D002930,pay_52325735,item_not_as_described,845.79,2026-03-07,False,True,,True,True,False,False,False,True,False,False,True
D001754,pay_30717034,unauthorized_transaction,6413.7,2026-05-16,True,,True,,False,False,False,False,False,True,True,True
D004586,pay_27420249,unauthorized_transaction,6511.54,2026-05-28,False,True,True,True,,True,False,True,False,False,True,True
D001782,pay_61474845,item_not_received,2406.02,2026-01-10,,False,False,False,,False,False,True,False,True,False,True
D003992,pay_80282836,item_not_as_described,1673.27,2026-09-25,True,False,,True,True,,True,False,False,,True,False
D002053,pay_65082784,item_not_as_described,3252.72,2026-01-17,False,,False,False,,False,False,True,,False,False,True
D003987,pay_87554633,unauthorized_transaction,6063.66,2026-08-22,True,True,False,True,True,True,,True,False,True,,True
D003751,pay_83405696,item_not_as_described,5909.15,2026-08-04,True,,True,True,True,True,True,True,True,True,False,True
D004712,pay_61344320,unauthorized_transaction,2314.79,2026-07-27,,False,True,False,True,,True,False,,,False,False
D003837,pay_95540006,item_not_received,6592.9,2026-02-13,True,True,True,True,,False,True,False,False,False,True,False
D002131,pay_82486328,item_not_as_described,3961.97,2026-05-01,,False,True,,False,False,True,True,True,False,False,True
D004878,pay_90664196,unauthorized_transaction,3233.32,2026-05-08,False,,True,True,True,True,False,True,False,False,True,True
D001898,pay_71801391,item_not_received,3614.17,2026-10-08,False,True,,,False,True,True,False,True,True,True,False
D004215,pay_07216062,item_not_received,4432.76,2026-04-28,False,True,True,True,True,False,False,False,,True,,True
D004910,pay_35261519,unauthorized_transaction,6409.9,2026-10-27,,,True,False,True,,False,,True,,,False
D000011,pay_81363974,item_not_received,6355.5,2026-08-13,True,False,False,False,,False,False,False,True,True,True,True
D003595,pay_62071485,duplicate_charge,4248.69,2026-05-30,False,True,False,,True,True,True,False,False,False,True,False
D001196,pay_62902517,item_not_as_described,4370.13,2026-08-08,False,,True,,False,False,,False,,True,,True
D004977,pay_28220424,unauthorized_transaction,6227.45,2026-01-04,True,True,,False,,True,True,False,True,True,True,True
D002249,pay_74583388,item_not_received,2893.29,2026-03-25,False,False,True,True,True,False,False,,True,,True,True
D002548,pay_17814696,duplicate_charge,2552.59,2026-07-07,False,False,False,False,,True,False,True,,False,True,False
D002487,pay_00547111,item_not_received,3912.04,2026-04-23,True,True,True,True,True,,False,True,True,False,False,True
D002908,pay_03565381,unauthorized_transaction,7062.09,2026-09-20,False,False,True,False,True,False,False,,False,False,True,False
D004415,pay_72217166,item_not_received,714.74,2026-01-20,False,True,False,True,False,False,False,True,False,True,True,False
D005013,pay_35230717,unauthorized_transaction,5588.54,2026-05-16,True,True,,,False,,True,False,True,False,,True
D004169,pay_98858670,unauthorized_transaction,5283.84,2026-09-19,True,True,False,True,False,False,True,False,True,False,,True
D001987,pay_82894609,item_not_received,2369.27,2026-10-06,True,False,True,True,True,True,False,True,False,True,True,False
D003374,pay_01143105,duplicate_charge,4933.46,2026-09-04,False,True,True,,False,False,False,True,,False,False,True
D005526,pay_48594416,unauthorized_transaction,2871.16,2026-04-17,False,False,True,True,,,True,False,True,False,,False
D001555,pay_10521724,item_not_as_described,6957.35,2026-09-02,,True,True,True,,True,False,True,True,False,True,True
D005168,pay_46219180,unauthorized_transaction,7706.13,2026-02-24,False,False,True,False,True,True,,True,,True,False,False
D004735,pay_06454580,unauthorized_transaction,2943.67,2026-09-06,True,True,True,False,False,True,True,False,False,True,True,True
D001680,pay_07403416,unauthorized_transaction,5062.43,2026-04-23,,False,True,False,False,False,True,False,True,True,False,True
D002847,pay_04811549,item_not_as_described,941.89,2026-08-30,,False,False,False,False,False,False,False,False,True,False,False
D002299,pay_59870151,duplicate_charge,561.3,2026-06-10,True,False,False,True,True,False,True,True,True,True,False,True
D000141,pay_13825676,item_not_as_described,1921.4,2026-07-24,False,False,,True,False,False,False,False,,True,False,False
D004407,pay_22332435,duplicate_charge,1178.93,2026-05-25,,False,,True,False,,False,False,False,True,True,True
D001888,pay_65927890,unauthorized_transaction,3369.56,2026-02-27,False,True,,False,False,False,True,,True,False,False,True
D004367,pay_14634525,item_not_received,5346.72,2026-07-15,,False,False,True,True,True,False,True,,False,True,False
D002376,pay_49471596,item_not_as_described,682.44,2026-10-21,True,False,False,True,False,,,,True,,True,True
D002770,pay_98482541,duplicate_charge,5711.31,2026-04-14,False,,False,True,True,False,True,True,False,False,True,True
D001222,pay_87373916,item_not_received,6483.64,2026-10-01,False,,True,True,False,False,,False,False,False,True,True
D003215,pay_83102873,duplicate_charge,7929.72,2026-04-06,True,,True,False,True,True,True,True,True,True,,True
D001633,pay_55102031,item_not_as_described,6277.86,2026-08-12,True,False,,True,True,,True,False,True,False,True,True
D004768,pay_82850947,duplicate_charge,4335.24,2026-09-11,,,True,True,False,True,True,False,True,,True,False
D001324,pay_11514888,duplicate_charge,3912.71,2026-10-04,,True,False,True,False,True,True,True,False,False,False,False
D003968,pay_77898689,unauthorized_transaction,7719.48,2026-06-24,True,False,True,False,True,False,True,False,True,True,True,False
D003017,pay_73300187,item_not_received,3824.39,2026-03-16,True,True,False,True,True,True,False,,False,True,False,False
D000915,pay_99384681,unauthorized_transaction,2461.88,2026-02-25,True,False,True,True,,False,True,True,False,False,False,False
D002588,pay_48208148,item_not_received,7488.47,2026-04-15,True,True,False,False,True,True,,False,True,,False,False
D004369,pay_31047938,duplicate_charge,4261.32,2026-08-21,,,False,,True,False,,True,False,False,False,False
D002845,pay_54059082,item_not_as_described,4959.94,2026-07-24,True,True,True,True,True,True,True,True,True,False,False,True
D003237,pay_76677544,item_not_as_described,6489.78,2026-10-25,True,True,True,False,True,True,True,,True,True,,True
D001808,pay_14951020,item_not_as_described,7280.26,2026-04-17,True,False,False,True,False,,True,True,False,False,True,False
D005881,pay_50985416,item_not_received,1217.83,2026-06-20,True,False,,,True,True,True,,True,False,True,True
D002083,pay_74752564,item_not_as_described,4463.5,2026-05-12,,False,,False,False,,False,True,True,True,False,True
D002636,pay_94320488,item_not_received,3375.64,2026-08-18,,False,False,True,True,True,False,True,False,True,,True
D001562,pay_53549773,item_not_received,985.05,2026-07-02,,,True,,True,,False,True,False,,True,False
D004962,pay_88747688,duplicate_charge,2302.31,2026-08-09,True,,False,True,True,False,False,True,True,False,False,True
D000199,pay_15961469,duplicate_charge,4867.46,2026-08-30,True,False,False,True,True,False,True,,True,True,True,True
D005656,pay_15631782,item_not_received,1355.48,2026-06-25,True,True,True,False,True,False,False,True,False,True,True,True
D002853,pay_73020003,unauthorized_transaction,1474.84,2026-05-21,True,True,True,,False,False,True,,False,False,True,False
D002295,pay_59826794,item_not_received,3492.28,2026-01-26,,True,False,False,False,False,,True,,False,False,False
D003046,pay_12268172,item_not_as_described,7534.24,2026-01-14,False,True,False,False,True,False,True,False,False,True,False,False
D004774,pay_42257807,item_not_received,839.07,2026-03-01,True,True,True,True,False,False,True,,,True,True,False
D000029,pay_75957706,item_not_as_described,3347.7,2026-01-06,True,True,False,True,True,False,True,False,True,True,True,True
D005176,pay_94208761,unauthorized_transaction,7280.3,2026-03-10,True,True,False,True,False,False,False,,True,False,False,True
D002513,pay_62221420,duplicate_charge,3245.81,2026-06-01,,True,True,False,,False,True,False,True,True,False,True
D004233,pay_59059919,item_not_as_described,2518.53,2026-10-17,False,False,True,False,True,False,,False,False,False,,False
D001611,pay_63111238,item_not_as_described,7864.89,2026-05-12,False,True,False,False,True,,True,False,False,False,False,False
D000700,pay_32038577,item_not_as_described,619.78,2026-07-23,False,,True,False,False,False,,True,True,True,False,True
D000647,pay_41741993,duplicate_charge,1001.53,2026-07-10,,True,True,True,True,,False,True,True,,,False
D001346,pay_25028275,unauthorized_transaction,1018.46,2026-08-05,,True,,True,True,True,True,True,True,False,True,True
D003993,pay_32237150,duplicate_charge,5893.81,2026-08-06,False,True,True,True,True,False,True,True,True,True,True,True
D003811,pay_05688866,duplicate_charge,6897.53,2026-09-12,False,False,False,False,True,False,True,False,False,True,,False
D005080,pay_39789220,item_not_as_described,4168.15,2026-05-28,True,True,False,False,True,,True,True,False,,False,False
D001066,pay_04198813,item_not_as_described,7795.43,2026-02-25,True,True,True,True,True,True,True,False,True,False,,True
D005723,pay_61775552,item_not_as_described,7641.05,2026-07-23,False,True,False,False,False,,,False,False,,True,True
D004405,pay_14478377,item_not_as_described,5092.44,2026-05-11,False,False,False,False,True,,,False,False,False,True,True
D001547,pay_33981992,duplicate_charge,1500.69,2026-06-18,False,,False,True,False,False,True,False,True,True,True,True
D001101,pay_87703852,item_not_as_described,1665.02,2026-07-21,True,False,False,,,False,False,True,True,,False,False
D000038,pay_51030579,item_not_received,3616.04,2026-03-09,,True,False,True,,False,False,True,True,False,True,True
D002068,pay_14559267,item_not_received,2899.55,2026-03-08,,,False,,False,False,True,False,False,,True,True
D002563,pay_97741159,unauthorized_transaction,5576.54,2026-04-23,True,True,,True,,False,False,False,True,True,True,True
D002602,pay_29043304,item_not_received,3087.83,2026-08-28,False,True,False,True,False,True,True,True,True,False,True,False
D003457,pay_14006182,unauthorized_transaction,1179.93,2026-05-11,True,False,True,False,,False,,False,,True,False,True
D004114,pay_00247846,duplicate_charge,4530.2,2026-03-20,,False,,False,True,False,True,True,True,False,False,False
D002168,pay_43364617,unauthorized_transaction,2142.64,2026-10-25,False,True,False,False,True,,True,False,,,False,False
D002935,pay_24691573,item_not_received,7194.64,2026-08-14,False,False,True,True,True,True,True,True,False,False,False,False
D004600,pay_34033379,duplicate_charge,2656.25,2026-10-03,False,False,False,False,False,False,True,True,,True,False,True
D002871,pay_92589476,item_not_received,2029.44,2026-05-26,,True,False,True,,False,,False,True,,True,True
D000463,pay_36726628,duplicate_charge,3611.08,2026-02-09,True,False,False,False,True,True,,True,True,True,True,True
D003213,pay_17066650,item_not_as_described,5385.52,2026-03-16,True,False,False,True,True,False,True,,,False,False,False
D005517,pay_53215094,unauthorized_transaction,4961.12,2026-06-02,True,False,False,False,False,True,False,True,True,True,True,False
D001396,pay_03914485,duplicate_charge,2306.24,2026-08-22,False,False,True,True,False,False,True,True,,True,False,True
D002282,pay_00860877,item_not_received,7159.04,2026-02-24,False,False,True,False,False,True,False,False,,True,False,True
D003813,pay_57579813,unauthorized_transaction,6832.31,2026-09-18,,True,False,True,False,,True,,,True,False,True
D002044,pay_28615005,item_not_as_described,6467.97,2026-10-01,,True,True,True,False,True,True,False,True,True,False,True
D004494,pay_58134001,unauthorized_transaction,6304.15,2026-03-06,True,,True,True,False,False,False,True,False,,,True
D000112,pay_13396125,item_not_received,2333.76,2026-01-27,False,False,False,False,False,,,False,False,True,False,False
D000441,pay_52449097,duplicate_charge,5894.01,2026-07-12,True,False,True,,True,True,False,True,True,True,True,True
D002701,pay_62789819,unauthorized_transaction,5651.97,2026-06-10,,False,False,True,True,,False,False,,False,False,False
D005150,pay_21811156,item_not_received,1126.59,2026-04-07,True,True,,True,False,True,True,False,True,True,True,False
D002844,pay_32962630,duplicate_charge,6697.91,2026-05-11,False,True,,True,True,True,True,False,False,False,True,True
D001959,pay_10680980,unauthorized_transaction,6021.92,2026-01-25,False,,False,False,True,,True,True,True,True,True,False
D001389,pay_93233000,item_not_as_described,4269.53,2026-08-09,True,True,True,False,True,True,False,True,False,False,True,True
D004438,pay_39308486,duplicate_charge,3677.33,2026-10-12,False,False,True,False,True,False,True,,False,False,False,True
D005776,pay_45954894,item_not_as_described,1203.45,2026-01-06,,True,False,False,,,False,False,False,True,True,False
D003585,pay_46404426,item_not_as_described,2834.92,2026-02-01,False,True,True,False,True,False,True,False,,,False,True
D005130,pay_98130193,unauthorized_transaction,5016.2,2026-03-10,True,True,False,,True,False,False,True,False,False,,True
D003463,pay_82955858,duplicate_charge,5489.67,2026-09-22,False,False,,True,False,True,True,False,False,True,,False
D002518,pay_41687279,duplicate_charge,986.15,2026-01-22,True,True,False,True,True,False,True,False,False,True,True,True
D005120,pay_35275955,item_not_as_described,5919.66,2026-01-10,False,False,False,,True,True,False,False,False,True,True,False
D000419,pay_21800123,item_not_received,2774.82,2026-04-28,,True,True,False,True,False,True,True,,True,False,True
D000124,pay_52478133,item_not_as_described,4407.7,2026-03-12,False,True,False,True,False,False,True,True,False,True,False,False
D002986,pay_48687959,item_not_as_described,6050.66,2026-06-14,True,True,False,,True,True,True,False,True,False,False,True
D005555,pay_37378295,duplicate_charge,2156.79,2026-10-03,False,True,False,False,,True,True,False,True,False,True,True
D002135,pay_06528076,item_not_received,2737.28,2026-05-06,False,,True,False,True,False,False,False,,,False,False
D002815,pay_47817872,duplicate_charge,1589.37,2026-06-21,True,True,False,False,True,False,True,False,False,True,False,True
D004950,pay_15718198,unauthorized_transaction,6551.7,2026-03-30,False,False,False,False,True,True,True,True,False,,False,False
D000403,pay_14465305,item_not_received,7493.71,2026-05-31,False,,True,False,True,True,True,False,False,True,,True
D003846,pay_05576525,item_not_received,6224.75,2026-10-01,False,True,True,False,False,True,,False,False,True,False,True
D004011,pay_38021771,item_not_received,578.52,2026-01-04,,True,False,False,True,True,True,False,False,False,True,True
D003731,pay_92771300,item_not_received,1073.06,2026-03-21,False,True,,False,False,True,True,True,,True,True,True
D005273,pay_87460252,item_not_received,2552.97,2026-05-27,True,False,True,False,,,True,True,False,True,False,True
D003290,pay_12329693,item_not_as_described,2690.71,2026-04-22,,False,,False,True,False,False,,True,,False,True
D004232,pay_78431338,item_not_received,5439.22,2026-05-08,False,False,False,True,False,False,True,False,False,True,False,False
D002123,pay_27619159,duplicate_charge,6440.64,2026-01-03,False,False,False,True,True,True,,False,True,,False,False
D002471,pay_15296798,item_not_as_described,7880.44,2026-03-02,True,True,,True,False,False,True,True,False,True,False,True
D003833,pay_17675003,item_not_received,1303.95,2026-08-20,True,True,,False,False,,True,False,False,True,True,True
D004047,pay_78498002,item_not_received,3401.76,2026-06-04,True,True,,True,,False,False,True,True,True,False,False
D003193,pay_55530118,item_not_received,5474.87,2026-04-29,False,True,,,True,False,True,,False,,,True
D001577,pay_81274601,unauthorized_transaction,6334.21,2026-08-30,True,True,True,True,,True,True,,False,False,False,True
D004569,pay_02707805,unauthorized_transaction,1504.86,2026-04-18,False,True,True,False,True,True,False,True,,True,,False
D005738,pay_06003318,item_not_as_described,7445.34,2026-09-16,False,,True,True,False,False,False,False,True,,False,True
D000123,pay_07283737,unauthorized_transaction,591.72,2026-02-08,True,,False,True,False,False,True,False,True,True,True,True
D000405,pay_72851642,unauthorized_transaction,6058.46,2026-10-21,False,,False,False,True,True,True,False,,False,True,False
D000006,pay_38285503,duplicate_charge,7434.19,2026-08-22,True,,True,,,False,,False,True,False,True,False
D004374,pay_87314617,item_not_received,2119.28,2026-04-25,,True,,True,True,False,False,False,True,True,False,True
D005234,pay_30741937,item_not_received,7277.23,2026-08-14,False,,False,True,True,False,True,False,False,False,True,False
D000439,pay_16241805,duplicate_charge,7444.58,2026-03-13,True,True,,True,False,True,,,True,False,False,False
D001340,pay_77335158,unauthorized_transaction,825.41,2026-06-10,False,False,True,False,,False,False,True,,False,True,True
D003524,pay_04744290,duplicate_charge,1592.36,2026-03-19,True,True,True,True,,True,True,False,,True,False,True
D003102,pay_58692589,unauthorized_transaction,7973.12,2026-04-04,False,True,False,False,True,True,True,False,False,False,,True
D000980,pay_64013724,duplicate_charge,6478.33,2026-04-20,False,False,False,False,True,False,False,,True,False,True,True
D004924,pay_38983803,unauthorized_transaction,3049.89,2026-08-24,True,False,False,False,True,True,True,False,False,True,False,True
D002805,pay_97840877,unauthorized_transaction,2483.06,2026-06-06,True,True,False,,False,,False,False,False,False,False,True
D003410,pay_96171771,unauthorized_transaction,6420.84,2026-01-31,True,True,False,False,False,True,False,False,False,False,True,True
D000049,pay_48607028,item_not_as_described,6294.57,2026-07-08,True,True,True,,False,False,True,True,,False,,True
D004902,pay_13540548,item_not_as_described,6372.92,2026-03-18,False,True,True,False,,True,True,False,True,False,False,True
D004019,pay_93317785,item_not_received,1243.47,2026-05-07,True,False,True,False,True,True,False,True,,False,True,True
D000837,pay_10689300,item_not_as_described,5423.65,2026-08-18,False,True,True,False,,True,True,,True,True,True,True
D000878,pay_68905255,unauthorized_transaction,5604.45,2026-04-01,True,True,True,True,False,False,True,False,True,False,False,True
D001682,pay_68559883,unauthorized_transaction,785.28,2026-02-10,True,False,True,True,True,True,True,,,True,True,False
D001731,pay_92369236,duplicate_charge,7180.51,2026-01-12,False,False,True,False,False,True,False,False,True,False,True,True
D005061,pay_59236636,unauthorized_transaction,7826.18,2026-02-18,False,True,False,,True,False,,False,,False,False,True
D005460,pay_24217408,item_not_received,425.65,2026-05-26,,True,True,True,,True,True,True,False,False,True,False
D001423,pay_96515082,item_not_as_described,6600.13,2026-01-23,False,,True,True,False,,True,True,False,True,False,True
D001984,pay_75421175,item_not_received,4248.8,2026-02-07,True,,True,True,False,False,True,False,True,True,False,True
D005641,pay_59438180,duplicate_charge,398.45,2026-10-19,True,True,True,False,,True,False,,False,True,False,True
D001563,pay_13458961,item_not_received,6061.71,2026-06-28,False,True,True,False,False,,True,True,False,,False,False
D001026,pay_52408380,unauthorized_transaction,2365.67,2026-07-19,True,True,False,True,False,True,True,True,True,False,False,True
D005458,pay_59061185,item_not_as_described,5893.91,2026-08-28,False,True,False,False,False,True,False,False,False,False,True,True
D003603,pay_43917481,duplicate_charge,3384.1,2026-02-28,False,True,True,True,,,True,True,,True,True,False
D003115,pay_51173624,item_not_received,3660.03,2026-01-07,False,True,False,True,False,,,True,False,False,True,True
D001412,pay_40156839,duplicate_charge,2752.88,2026-09-09,True,False,True,True,True,True,False,,False,,,True
D004710,pay_36940534,unauthorized_transaction,925.45,2026-08-10,True,False,True,,False,True,False,True,False,True,True,False
D001861,pay_21422515,item_not_as_described,7077.59,2026-04-07,,False,False,,False,True,True,False,True,,False,True
D005165,pay_22321368,item_not_received,3486.07,2026-04-01,,False,False,True,False,False,False,True,False,True,True,True
D003769,pay_92845576,unauthorized_transaction,5415.64,2026-08-07,True,True,,True,False,,False,,True,True,,True
D003736,pay_77449276,item_not_as_described,4840.17,2026-07-10,True,,True,False,False,True,False,False,True,False,,True
D003014,pay_15807940,item_not_as_described,5508.84,2026-06-05,False,True,True,False,True,False,False,True,True,,False,True
D002788,pay_51750256,duplicate_charge,3874.51,2026-04-23,False,True,True,,False,,True,False,True,False,False,False
D004946,pay_90014967,unauthorized_transaction,1705.09,2026-07-17,False,False,False,False,,False,True,True,True,False,True,True
D005741,pay_72662703,item_not_received,7777.1,2026-08-04,False,True,True,False,True,True,True,True,False,False,False,False
D003563,pay_61487085,item_not_as_described,1812.3,2026-04-12,True,,,True,True,False,False,,,,False,False
D002858,pay_86469836,item_not_received,7701.78,2026-10-13,False,False,True,False,False,,True,False,True,True,True,False
D005664,pay_09599685,item_not_as_described,446.59,2026-03-22,False,,False,True,True,True,True,,False,True,False,False
D003873,pay_07618875,unauthorized_transaction,6949.21,2026-01-27,,True,True,False,True,False,True,False,False,True,False,False
D001021,pay_48792241,duplicate_charge,3019.58,2026-06-23,,True,False,True,,True,True,True,,True,False,True
D004309,pay_66568377,item_not_received,1415.49,2026-01-18,False,True,True,False,True,False,True,,False,True,True,True
D001529,pay_02305116,item_not_received,2594.53,2026-06-13,False,False,True,True,,True,True,True,False,True,True,True
D002585,pay_81198513,unauthorized_transaction,6348.26,2026-09-16,False,True,True,False,False,,True,True,False,False,False,False
D001428,pay_32315629,duplicate_charge,7178.06,2026-07-07,,,False,True,False,True,False,True,True,True,False,False
D004565,pay_18855694,duplicate_charge,7662.89,2026-08-25,False,,False,False,,False,True,False,True,False,False,True
D001881,pay_98719005,unauthorized_transaction,5208.81,2026-07-20,True,True,True,True,False,True,False,True,,True,True,True
D001042,pay_11951646,duplicate_charge,4079.95,2026-10-24,True,False,False,True,True,False,True,False,True,True,True,False
D001352,pay_91363103,item_not_received,6401.79,2026-03-24,True,True,,True,False,False,False,True,False,False,,False
D004940,pay_25554599,item_not_as_described,5644.74,2026-08-18,False,True,True,False,True,True,False,True,True,True,False,True
D000240,pay_26424359,unauthorized_transaction,7674.87,2026-05-09,True,False,False,True,,,False,True,True,False,True,False
D005032,pay_12304511,item_not_received,681.95,2026-10-22,True,False,True,,True,True,False,True,True,True,True,True
D002210,pay_77701308,item_not_received,3773.56,2026-09-29,False,True,True,True,,False,,False,True,False,True,False
D003590,pay_26948813,unauthorized_transaction,4942.18,2026-08-17,True,False,False,True,True,False,True,True,False,False,True,True
D000867,pay_05642947,unauthorized_transaction,3356.03,2026-04-04,True,True,True,,False,False,False,True,True,False,False,True
D003120,pay_25492797,item_not_as_described,2892.88,2026-01-25,,,True,True,False,True,False,False,True,True,,True
D003340,pay_88458787,duplicate_charge,2345.81,2026-06-30,True,,False,True,True,True,False,True,False,True,False,False
D001821,pay_17596470,item_not_received,1617.44,2026-01-03,True,,False,True,False,True,False,False,False,False,,False
D005419,pay_06157825,item_not_as_described,3279.77,2026-04-08,,False,False,False,False,False,False,False,False,False,False,False
D005531,pay_15418249,item_not_received,3299.68,2026-03-22,True,True,True,False,False,False,True,True,,False,False,False
D001373,pay_38555946,duplicate_charge,7736.72,2026-06-23,False,,True,False,False,True,True,False,False,True,False,False
D001755,pay_72326441,unauthorized_transaction,7135.38,2026-09-03,False,False,True,True,True,True,True,,False,True,False,True
D003547,pay_27322367,unauthorized_transaction,1360.65,2026-05-03,True,True,False,True,True,True,True,False,True,False,False,True
D005385,pay_31474775,unauthorized_transaction,5090.89,2026-06-10,,False,False,False,False,True,True,False,,False,False,False
D001620,pay_01075142,unauthorized_transaction,4059.27,2026-03-25,False,False,False,False,,True,True,False,True,False,False,True
D004028,pay_80452781,duplicate_charge,3582.18,2026-02-26,False,False,False,True,True,True,True,True,,False,False,True
D002931,pay_84567942,unauthorized_transaction,5269.82,2026-03-02,False,True,False,True,False,False,True,False,False,True,False,True
D003652,pay_15740308,item_not_as_described,5563.72,2026-01-11,True,False,,False,True,False,False,True,True,False,False,False
D000425,pay_10564233,item_not_as_described,521.92,2026-08-05,True,False,False,True,True,True,False,False,True,False,True,True
D000296,pay_03178988,item_not_received,4166.76,2026-03-19,False,True,True,True,,True,False,False,True,True,True,True
D001005,pay_56385000,unauthorized_transaction,5596.52,2026-10-10,False,False,True,,True,True,False,False,,False,True,False
D001447,pay_46984008,item_not_received,5755.31,2026-03-17,False,,True,True,False,True,False,False,,True,True,False
D003543,pay_42985120,item_not_received,3937.56,2026-06-19,True,True,True,False,False,True,False,False,True,False,True,True
D000037,pay_80023800,duplicate_charge,6281.63,2026-10-19,False,,False,True,False,True,False,,False,True,True,False
D000998,pay_34338038,duplicate_charge,5867.54,2026-09-13,True,,False,True,False,False,True,True,False,True,True,False
D003350,pay_07468011,unauthorized_transaction,986.56,2026-08-09,True,,True,True,False,True,True,True,False,True,True,True
D003235,pay_29416584,item_not_received,2981.19,2026-08-01,True,,True,False,False,False,True,True,True,True,True,False
D000167,pay_69276026,duplicate_charge,2820.5,2026-02-21,False,False,,False,False,True,True,True,False,True,False,True
D005328,pay_22291777,duplicate_charge,1078.78,2026-10-20,True,,,False,True,True,,False,False,False,,True
D003427,pay_20967961,unauthorized_transaction,6848.0,2026-04-17,True,True,True,,True,False,False,True,False,True,True,True
D004205,pay_39873368,unauthorized_transaction,4303.29,2026-10-05,False,True,True,False,False,False,True,True,False,False,False,False
D002088,pay_21045342,item_not_received,5135.91,2026-04-28,False,False,,,,True,False,True,True,True,True,False
D004578,pay_96265013,item_not_received,2029.91,2026-07-26,True,True,True,False,,,True,False,False,True,True,False
D004428,pay_40566881,duplicate_charge,4980.42,2026-10-20,True,True,True,False,True,True,True,True,False,False,True,True
D004268,pay_25070059,duplicate_charge,4085.3,2026-01-04,True,False,True,,False,False,,True,False,True,False,False
D003218,pay_26907879,unauthorized_transaction,2864.65,2026-05-30,,False,False,False,True,,,False,False,True,False,True
D004533,pay_19738276,item_not_as_described,4235.44,2026-06-09,True,True,True,False,True,False,True,,,True,False,True
D001549,pay_82159937,item_not_received,775.71,2026-06-04,True,False,False,True,False,,False,False,True,False,False,False
D000427,pay_03251451,item_not_received,2142.34,2026-10-14,,,True,True,False,True,True,False,True,False,True,True
D000509,pay_53981512,item_not_received,4356.23,2026-06-29,,False,False,True,,True,False,True,,True,True,True
D000023,pay_78802305,item_not_as_described,1003.22,2026-10-23,False,False,False,False,True,False,True,False,,True,True,False
D003762,pay_22661620,item_not_received,5919.82,2026-08-10,True,True,True,,False,False,False,False,False,,False,True
D001947,pay_62262075,unauthorized_transaction,7036.25,2026-04-28,,True,True,False,False,True,True,True,True,False,False,False
D000547,pay_87224832,item_not_as_described,4558.35,2026-06-14,,True,True,True,True,True,True,,True,False,False,True
D001824,pay_03973468,unauthorized_transaction,2760.72,2026-03-15,False,True,False,True,False,True,True,True,False,False,True,True
D004517,pay_49032649,duplicate_charge,5136.35,2026-07-20,True,False,False,True,,False,True,False,False,True,True,True
D004645,pay_45910202,duplicate_charge,7887.44,2026-08-04,,False,True,False,False,True,False,True,False,False,True,False
D000893,pay_29861312,item_not_received,5887.46,2026-01-15,False,False,True,True,False,True,True,False,,True,,True
D005969,pay_77539576,item_not_as_described,6503.44,2026-08-01,True,,False,True,,False,True,False,True,True,False,True
D004999,pay_54925021,item_not_as_described,7795.72,2026-03-27,False,False,True,False,True,False,,False,,False,True,True
D000076,pay_44506155,item_not_received,641.08,2026-07-25,True,False,False,True,True,False,False,False,False,False,False,False
D004414,pay_46729728,item_not_received,5945.64,2026-06-28,,False,,False,,,False,False,True,True,True,True
D000933,pay_15644418,unauthorized_transaction,4851.95,2026-02-20,True,False,False,True,True,True,True,False,True,True,True,True
D001422,pay_61053371,duplicate_charge,3924.34,2026-08-20,,True,True,,,False,False,True,True,True,False,True
D000957,pay_95474341,unauthorized_transaction,1168.1,2026-06-10,False,,True,,True,False,True,,True,True,True,True
D005913,pay_09666776,duplicate_charge,4125.54,2026-05-05,False,False,True,False,False,False,False,False,,False,True,False
D002902,pay_36004722,item_not_as_described,7398.11,2026-04-04,True,,True,True,,False,True,True,True,False,True,True
D005954,pay_61848055,item_not_received,4119.51,2026-05-09,,True,False,True,False,False,True,False,,False,False,False
D002846,pay_39167220,item_not_received,6647.75,2026-08-28,,True,False,False,True,False,True,True,False,False,True,True
D005625,pay_79906513,duplicate_charge,664.77,2026-05-28,False,,True,False,True,False,True,False,False,True,False,False
D003129,pay_47457421,duplicate_charge,4141.57,2026-05-01,,False,False,False,True,True,True,True,True,True,True,True
D003681,pay_03976476,unauthorized_transaction,4598.49,2026-09-12,False,False,False,False,True,True,False,False,False,False,False,False
D004719,pay_73103140,item_not_as_described,1438.25,2026-10-09,False,False,,True,False,True,False,True,True,,False,True
D005402,pay_77830758,item_not_received,3425.82,2026-02-27,True,False,True,False,False,True,True,True,True,True,,False
D000935,pay_61158617,duplicate_charge,1643.69,2026-05-08,False,,False,False,True,False,,True,False,False,,True
D005059,pay_08977806,duplicate_charge,3220.88,2026-05-30,False,True,True,True,,True,False,,True,True,True,False
D003961,pay_07104969,duplicate_charge,2040.04,2026-06-27,False,False,False,,,,False,False,,False,True,False
D002541,pay_81088532,unauthorized_transaction,6999.75,2026-05-02,True,False,,True,False,True,False,False,True,True,True,True
D003599,pay_31195648,unauthorized_transaction,3264.43,2026-04-03,,False,,False,False,True,False,False,False,True,True,False
D000819,pay_86666133,duplicate_charge,2442.44,2026-01-10,False,,True,False,True,True,False,True,False,False,False,True
D005767,pay_29115781,item_not_received,7789.92,2026-06-01,False,True,False,,False,True,False,False,False,,True,False
D003671,pay_31106601,duplicate_charge,7849.11,2026-07-19,,False,False,,True,True,True,True,False,True,False,True
D003641,pay_14563687,item_not_as_described,4761.98,2026-08-21,False,False,True,True,True,True,True,True,True,,False,True
D004411,pay_77951022,item_not_received,587.66,2026-08-28,True,True,True,,False,False,,,True,True,True,False
D003828,pay_51665871,item_not_received,3609.14,2026-03-25,False,True,False,False,True,False,False,False,False,False,False,False
D002030,pay_09520606,duplicate_charge,2056.45,2026-08-24,True,False,False,True,False,True,False,,False,False,,False
D003903,pay_32619649,duplicate_charge,2173.11,2026-04-27,False,False,False,True,True,True,True,True,,True,False,True
D005132,pay_25401600,unauthorized_transaction,2819.04,2026-05-23,True,True,False,True,True,False,False,True,False,False,False,False
D005092,pay_65806983,item_not_as_described,1115.69,2026-10-13,True,True,False,False,True,False,True,False,True,False,True,True
D003817,pay_51692835,duplicate_charge,4320.69,2026-03-05,True,False,False,True,,True,False,True,False,False,True,True
D002308,pay_13563310,unauthorized_transaction,7300.47,2026-07-03,True,,False,True,False,False,True,True,False,,False,True
D004650,pay_65331852,item_not_as_described,1790.12,2026-09-24,,False,False,False,False,False,False,True,True,True,True,False
D001198,pay_65657473,unauthorized_transaction,5778.58,2026-10-02,,False,True,,False,False,,False,,False,True,True
D003721,pay_47275288,item_not_received,6855.34,2026-03-08,False,False,False,True,False,True,True,False,True,False,True,False
D003513,pay_57656641,item_not_as_described,911.74,2026-04-19,,True,True,,False,,,False,False,,,True
D005035,pay_39056389,duplicate_charge,7865.62,2026-07-25,True,True,True,True,True,True,True,True,False,False,False,False
D005429,pay_82415121,item_not_as_described,6497.71,2026-09-04,,True,False,True,True,True,True,True,True,,False,True
D004425,pay_23073632,item_not_received,980.07,2026-03-18,False,False,False,True,True,,True,False,False,False,True,False
D004441,pay_64039306,item_not_as_described,7806.3,2026-08-24,True,False,False,False,True,,True,True,True,False,False,True
D001038,pay_55119183,unauthorized_transaction,4773.44,2026-03-24,False,False,False,True,False,False,True,,False,True,False,True
D005028,pay_88386080,duplicate_charge,1073.18,2026-09-30,False,True,True,True,,False,False,,,True,True,False
D005443,pay_50054096,item_not_as_described,6225.82,2026-03-30,False,False,False,True,False,True,True,False,False,,False,False
D002517,pay_02208777,item_not_received,2402.48,2026-03-10,True,False,True,False,True,False,False,True,False,,,True
D004103,pay_73558794,item_not_as_described,4640.45,2026-09-02,True,False,True,True,False,False,False,True,False,False,True,True
D000031,pay_44024257,item_not_as_described,492.69,2026-10-16,True,False,True,True,False,False,,False,True,False,True,False
D000027,pay_44099326,duplicate_charge,5633.83,2026-02-12,True,False,True,False,False,False,False,True,True,True,False,True
D000889,pay_68027044,duplicate_charge,4277.69,2026-03-27,False,True,True,,False,,True,,True,False,,False
D005999,pay_79723750,duplicate_charge,7258.43,2026-10-01,,False,True,False,True,True,False,,,True,True,True
D003077,pay_77873373,item_not_as_described,2882.17,2026-08-04,True,True,,,True,False,True,True,False,True,False,False
D003716,pay_81963358,unauthorized_transaction,6119.15,2026-04-09,False,False,False,True,False,False,True,False,False,True,,False
D003604,pay_19281443,item_not_as_described,2306.44,2026-07-24,,False,False,False,False,True,True,True,True,True,True,True
D004507,pay_60633977,item_not_as_described,7995.04,2026-10-23,,False,False,False,False,True,True,True,True,True,False,False
D003664,pay_03490496,item_not_as_described,769.98,2026-09-16,True,False,False,False,,False,False,False,True,False,,False
D003351,pay_76426516,unauthorized_transaction,4081.43,2026-06-27,,True,True,True,False,False,True,True,,False,True,True
D001702,pay_48898211,item_not_received,1749.22,2026-09-27,False,True,,,True,,False,True,False,True,True,True
D000705,pay_50231698,item_not_received,3349.11,2026-01-05,False,False,False,False,False,True,True,False,,True,False,False
D004237,pay_16676023,duplicate_charge,3448.73,2026-06-07,False,True,,False,,False,False,True,True,False,False,True
D002194,pay_08110163,duplicate_charge,6346.31,2026-06-11,True,False,True,True,False,False,True,False,True,True,True,False
D003728,pay_31717766,item_not_received,3669.14,2026-08-22,True,False,True,True,True,True,False,True,False,True,,True
D001327,pay_81875694,unauthorized_transaction,5268.56,2026-02-22,True,True,True,False,True,False,True,False,True,True,False,True
D000446,pay_65264320,unauthorized_transaction,4698.55,2026-05-20,,,False,True,False,False,,False,True,True,True,True
D002885,pay_43542078,item_not_as_described,1342.26,2026-10-11,False,False,False,False,True,True,True,True,True,False,False,False
D003858,pay_16977411,item_not_as_described,1713.79,2026-09-10,True,False,True,False,,True,True,True,,False,True,True
D004364,pay_82663682,duplicate_charge,970.05,2026-03-31,True,False,True,False,True,False,True,True,False,True,False,True
D004228,pay_72671806,item_not_as_described,6655.15,2026-08-28,False,True,True,,False,False,False,True,True,,False,False
D000268,pay_42402900,duplicate_charge,4444.86,2026-08-25,,True,False,True,False,,False,False,False,False,True,False
D005993,pay_62236384,item_not_as_described,7683.05,2026-07-13,False,True,False,False,True,True,,False,True,False,False,False
D003516,pay_11536626,duplicate_charge,2565.77,2026-02-20,True,False,,False,False,True,False,False,,,False,True
D002391,pay_27494273,unauthorized_transaction,2353.34,2026-04-01,,True,,True,False,,,True,False,,,True
D002019,pay_44638710,duplicate_charge,3710.58,2026-05-21,True,False,,True,,False,,True,False,False,,True
D000594,pay_23294933,item_not_as_described,7219.57,2026-01-31,False,,True,True,True,,True,True,,True,False,False
D001797,pay_58944755,duplicate_charge,4943.03,2026-07-12,True,,False,True,True,True,True,True,True,False,,True
D001201,pay_54733982,item_not_received,2267.52,2026-09-17,True,True,True,False,False,False,,True,True,False,,True
D001578,pay_12356702,unauthorized_transaction,3532.04,2026-06-14,,True,,False,False,False,False,True,True,False,False,False
D000471,pay_98147047,item_not_as_described,7985.72,2026-01-25,False,False,True,False,True,True,True,True,True,True,,True
D004077,pay_16455014,duplicate_charge,5016.02,2026-06-01,True,False,False,,True,False,False,True,False,False,True,False
D000918,pay_29926302,duplicate_charge,2719.54,2026-09-18,True,False,,True,False,False,False,False,True,False,True,False
D003256,pay_82050548,duplicate_charge,1946.64,2026-07-22,False,False,True,True,True,True,True,,,False,False,True
D005284,pay_85142556,unauthorized_transaction,5881.14,2026-01-19,False,False,True,False,False,False,False,True,True,False,True,True
D005184,pay_92494344,item_not_received,3738.92,2026-08-02,True,False,False,False,False,True,False,,True,,False,True
D003047,pay_40524187,duplicate_charge,3144.58,2026-05-06,True,False,,,False,,True,False,False,False,False,False
D004322,pay_31359509,item_not_as_described,7217.29,2026-10-24,False,False,False,False,False,,True,,False,True,False,False
D004201,pay_76756165,item_not_as_described,7014.8,2026-08-23,False,False,,,,True,True,True,,True,False,True
D002977,pay_23357001,item_not_received,1024.4,2026-02-15,True,,,True,False,True,False,False,True,True,False,True
D004581,pay_06365328,item_not_as_described,5997.81,2026-09-03,False,,False,False,True,False,True,False,False,,,True
D005186,pay_74299503,item_not_received,2748.52,2026-01-03,True,False,,False,True,False,True,False,False,False,False,False
D004941,pay_82609022,duplicate_charge,7758.69,2026-05-29,True,False,False,,True,False,,True,,False,,False
D004642,pay_67494250,item_not_received,4006.37,2026-02-03,False,,True,False,,,True,False,False,True,True,True
D004439,pay_14797630,item_not_received,5485.74,2026-08-22,True,True,True,,False,True,False,,True,False,True,True
D003491,pay_39196773,item_not_received,7189.41,2026-07-11,False,,True,False,True,,False,False,True,True,True,True
D001943,pay_01566712,item_not_received,7077.75,2026-09-16,True,True,,True,True,True,False,False,True,True,,True
D005643,pay_11917601,item_not_as_described,7854.95,2026-08-20,True,True,True,True,False,True,,True,False,False,True,False
D001654,pay_49605793,item_not_as_described,1124.03,2026-06-22,False,True,False,False,False,True,True,,False,False,False,True
D004158,pay_40503251,unauthorized_transaction,6327.15,2026-05-06,True,True,True,False,True,,False,True,False,False,False,True
D001601,pay_46472114,item_not_as_described,1535.69,2026-03-30,,False,,,True,True,True,True,False,True,False,True
D005821,pay_34550137,item_not_as_described,3206.26,2026-04-28,,False,True,False,False,True,,True,,False,False,False
D000701,pay_31039891,duplicate_charge,5660.08,2026-07-08,True,False,True,False,,True,False,,True,True,False,False
D001853,pay_38003458,duplicate_charge,3527.62,2026-04-23,False,True,True,True,,False,,True,False,False,True,True
D002561,pay_24272824,duplicate_charge,949.71,2026-02-20,False,,True,,True,False,,False,True,True,False,False
D000598,pay_23642126,item_not_received,1411.43,2026-07-13,False,True,,False,False,True,False,,True,True,True,True
D001665,pay_56198890,item_not_as_described,4671.51,2026-07-21,True,False,False,False,False,,False,False,False,,True,False
D004420,pay_71920210,unauthorized_transaction,7456.81,2026-01-08,True,True,False,True,True,,False,True,True,True,False,True
D004238,pay_30978332,unauthorized_transaction,7502.99,2026-06-19,True,False,False,True,,False,True,,True,False,False,True
D000795,pay_37634250,item_not_as_described,7632.47,2026-04-22,True,True,True,True,,True,True,,False,True,False,True
D003278,pay_27137840,item_not_received,5667.34,2026-06-17,False,False,True,True,False,True,False,False,False,False,True,True
D000007,pay_75863473,duplicate_charge,931.27,2026-10-27,False,True,,,True,False,True,,False,False,,False
D003264,pay_76461330,duplicate_charge,6719.35,2026-01-04,True,,False,False,False,False,True,True,,True,,True
D005679,pay_14504194,item_not_as_described,2093.58,2026-08-08,,False,False,False,True,,False,True,False,,,True
D001314,pay_13268550,duplicate_charge,6467.37,2026-09-11,False,True,False,True,True,True,False,True,True,False,False,True
D000621,pay_27663707,unauthorized_transaction,1061.39,2026-05-18,False,False,True,False,,False,False,False,False,False,True,True
D000260,pay_55810437,duplicate_charge,3181.79,2026-07-28,True,False,False,True,True,True,True,True,False,,False,True
D004658,pay_88816723,item_not_received,4265.73,2026-01-13,True,False,True,False,True,False,,False,True,,False,False
D002496,pay_49801802,unauthorized_transaction,948.59,2026-04-05,True,,False,True,False,False,False,,True,False,False,True
D002558,pay_32787368,item_not_as_described,6239.16,2026-06-12,False,,False,True,True,True,True,True,False,,False,True
D000563,pay_76680961,item_not_received,5976.66,2026-01-18,True,True,True,True,True,False,True,,True,True,,True
D005570,pay_61746007,item_not_received,3818.5,2026-01-13,False,True,False,True,,True,True,False,True,True,True,True
D003074,pay_97334964,item_not_received,2630.86,2026-07-16,True,True,True,False,False,,False,False,True,True,False,False
D000555,pay_79604276,item_not_as_described,4318.65,2026-08-01,True,False,True,,True,,True,False,True,False,False,True
D004323,pay_10274990,item_not_received,6375.66,2026-04-29,True,True,,True,True,True,True,True,False,False,False,True
D003066,pay_48057494,item_not_received,3738.56,2026-05-27,True,False,True,False,True,False,False,True,False,True,,True
D003426,pay_37720477,duplicate_charge,4727.75,2026-03-30,True,True,True,,,False,False,True,False,,False,True
D000596,pay_24142912,duplicate_charge,2913.98,2026-02-03,False,False,,False,False,True,False,True,False,False,False,False
D002221,pay_30405690,item_not_as_described,3763.31,2026-06-12,False,True,True,True,False,True,True,True,False,False,False,True
D000504,pay_83703711,item_not_received,3260.45,2026-03-19,True,True,False,True,False,True,False,True,True,True,False,False
D004452,pay_57813358,duplicate_charge,5817.96,2026-05-30,False,True,True,False,False,False,False,True,False,False,,True
D002924,pay_54874548,item_not_received,5367.98,2026-07-16,True,True,True,True,True,False,False,,False,,True,True
D004424,pay_51481202,item_not_received,3180.37,2026-02-25,True,False,True,False,False,True,True,False,False,True,,True
D004274,pay_46434548,duplicate_charge,4017.74,2026-03-13,,True,,False,,False,,,True,True,True,True
D002211,pay_65944617,item_not_received,2139.41,2026-03-14,True,False,True,False,True,False,,True,,False,False,True
D004603,pay_27557662,item_not_as_described,826.03,2026-01-16,True,True,False,True,True,False,True,True,,True,True,True
D002727,pay_09586364,item_not_as_described,5631.11,2026-03-31,False,False,False,True,,True,True,True,True,True,,True
D000308,pay_68807596,item_not_received,6529.39,2026-08-13,True,,,False,False,True,,,,,True,True
D000095,pay_23635791,unauthorized_transaction,7501.09,2026-03-31,True,False,True,True,True,True,True,False,False,False,False,True
D002364,pay_94277936,unauthorized_transaction,3150.99,2026-08-23,True,True,True,False,,,True,True,True,True,False,True
D000763,pay_19220143,item_not_as_described,5669.14,2026-04-18,False,,False,True,True,True,,False,True,False,True,True
D004684,pay_43587580,duplicate_charge,1567.43,2026-10-03,False,True,,False,True,True,True,False,False,,True,True
D003511,pay_31592460,duplicate_charge,7121.09,2026-07-04,True,False,False,False,,True,,True,False,True,False,True
D000431,pay_61101892,item_not_received,962.93,2026-05-02,False,True,True,True,True,False,True,False,True,,,True
D002746,pay_02769254,item_not_received,5624.65,2026-07-06,True,True,False,True,,False,,True,True,False,True,True
D004062,pay_65400068,duplicate_charge,5134.65,2026-04-23,False,False,True,False,,True,,False,True,False,False,True
D002108,pay_85574435,item_not_as_described,1756.44,2026-03-10,True,True,True,True,True,False,False,True,False,True,False,False
D000787,pay_02659250,item_not_received,4138.26,2026-04-12,,False,True,False,True,True,,True,True,,False,False
D002179,pay_16964145,unauthorized_transaction,1109.33,2026-09-11,False,False,True,True,True,,True,False,False,False,False,True
D000883,pay_63502724,item_not_as_described,3438.76,2026-09-19,True,False,,True,False,False,False,True,True,False,True,False
D002978,pay_98703767,unauthorized_transaction,4616.0,2026-06-09,True,False,True,True,True,True,True,,False,False,False,True
D004022,pay_79992075,duplicate_charge,7352.92,2026-07-07,False,True,False,False,False,True,False,False,True,False,False,False
D004475,pay_39655732,duplicate_charge,1265.56,2026-05-05,False,,False,,,False,True,True,True,True,,False
D004756,pay_28425307,unauthorized_transaction,2808.08,2026-04-29,True,True,,True,,True,,False,True,False,False,True
D000921,pay_85210492,item_not_as_described,4640.63,2026-02-18,True,False,False,True,True,,True,False,False,True,,True
D001450,pay_46244761,item_not_received,6166.68,2026-05-26,True,True,True,True,True,True,False,True,False,True,True,True
D000583,pay_36456110,item_not_as_described,2935.1,2026-08-09,True,,False,True,True,True,True,False,True,,False,True
D000453,pay_25968352,unauthorized_transaction,821.72,2026-06-20,False,True,,,,True,False,,True,,False,True
D003384,pay_09890642,unauthorized_transaction,3028.07,2026-01-09,True,True,False,True,False,False,True,,,True,True,False
D001409,pay_38472787,duplicate_charge,2516.27,2026-01-05,False,True,False,False,False,True,True,True,True,True,False,False
D002205,pay_79310317,item_not_received,6473.35,2026-02-13,False,True,True,True,,False,False,True,True,True,True,True
D005633,pay_36886400,item_not_received,6674.66,2026-09-26,True,,,False,True,,False,False,True,True,True,True
D003247,pay_42962711,unauthorized_transaction,2783.15,2026-03-09,True,False,False,True,,False,True,False,True,False,False,True
D004963,pay_11344603,item_not_as_described,6292.18,2026-09-19,True,False,False,False,False,True,True,False,True,False,False,True
D000693,pay_80211229,unauthorized_transaction,5089.51,2026-10-27,True,True,True,False,True,True,True,True,True,False,True,True
D004804,pay_44793569,item_not_received,2424.97,2026-06-30,False,False,False,True,False,True,False,False,,False,False,False
D001770,pay_60940058,item_not_as_described,3041.49,2026-03-16,True,True,True,True,True,False,False,False,False,False,True,False
D005298,pay_31217665,item_not_received,4419.57,2026-09-29,True,False,,False,False,False,True,False,True,False,True,True
D001990,pay_51758879,item_not_received,6195.57,2026-10-24,,True,False,False,False,,True,False,False,True,,False
D001060,pay_78042954,item_not_as_described,3626.28,2026-06-22,False,False,True,True,False,True,True,False,,False,,False
D002651,pay_49580192,unauthorized_transaction,5635.75,2026-04-26,False,False,True,,False,,False,,False,True,False,False
D003557,pay_80346197,item_not_received,1992.71,2026-08-23,True,False,False,True,True,False,False,False,True,False,False,True
D003069,pay_26808624,duplicate_charge,2934.57,2026-05-03,True,False,True,False,True,,False,True,False,False,False,True
D001406,pay_52767226,item_not_as_described,4705.57,2026-01-22,False,False,True,True,,,False,False,True,,False,False
D001929,pay_90130702,unauthorized_transaction,965.39,2026-05-19,True,False,True,False,True,True,,True,False,,,True
D000084,pay_56682016,duplicate_charge,5656.1,2026-03-04,True,True,True,True,True,True,True,True,True,True,,False
D002769,pay_32069223,unauthorized_transaction,6237.05,2026-07-30,True,True,True,,False,False,False,False,True,,True,True
D004876,pay_58863612,unauthorized_transaction,6283.26,2026-02-15,False,False,False,False,False,,False,,True,,,False
D004410,pay_53787499,unauthorized_transaction,2819.86,2026-02-15,True,,True,,False,True,True,True,True,True,True,False
D003010,pay_45219333,duplicate_charge,4990.53,2026-01-04,True,True,False,False,True,False,True,True,True,,,True
D001607,pay_19470520,unauthorized_transaction,4823.02,2026-06-02,False,True,,False,True,False,True,False,True,True,False,True
D002522,pay_44014040,unauthorized_transaction,3142.4,2026-02-03,True,True,True,False,False,False,True,False,True,True,True,True
D003823,pay_23350985,item_not_as_described,4876.17,2026-07-31,False,True,True,False,True,True,True,False,True,False,False,True
D002344,pay_72848801,unauthorized_transaction,7423.3,2026-05-09,,,True,True,True,,False,False,False,False,True,True
D003589,pay_21039563,item_not_received,2906.25,2026-03-02,True,False,True,True,,True,,False,True,,True,True
D005277,pay_93443685,duplicate_charge,3437.88,2026-01-03,False,,,True,False,True,True,True,True,False,True,True
D003644,pay_49705636,unauthorized_transaction,501.22,2026-03-25,False,False,True,True,,False,,False,True,False,True,False
D002597,pay_57160433,duplicate_charge,2640.8,2026-02-17,False,True,True,False,True,True,False,,True,False,True,True
D002564,pay_67555246,duplicate_charge,4953.27,2026-10-11,False,True,False,,False,True,,False,False,,,False
D000876,pay_93085304,item_not_received,5046.72,2026-08-02,True,True,False,,True,False,True,False,True,True,False,False
D001624,pay_05490715,item_not_as_described,887.49,2026-05-25,True,False,False,True,True,False,False,True,True,True,False,False
D004948,pay_40706420,item_not_received,2957.24,2026-07-02,,True,True,False,False,False,False,False,,True,True,True
D005365,pay_35623630,unauthorized_transaction,5889.09,2026-08-21,False,True,True,,,True,True,False,False,,False,True
D002812,pay_30604322,duplicate_charge,6160.58,2026-04-11,True,False,True,False,True,False,,True,False,True,True,True
D003663,pay_03574995,unauthorized_transaction,5302.65,2026-01-21,True,False,False,False,False,False,True,True,True,True,False,False
D001878,pay_47180732,item_not_received,2143.35,2026-06-15,,,,True,True,True,,True,False,True,True,True
D002606,pay_80439279,item_not_as_described,856.8,2026-03-13,False,True,False,,True,True,False,,,True,,True
D003417,pay_71452560,duplicate_charge,382.69,2026-08-31,,True,True,True,False,False,True,True,True,True,True,False
D001117,pay_48838709,unauthorized_transaction,5058.22,2026-01-22,,False,False,False,True,False,,,,False,,False
D002731,pay_28526033,item_not_as_described,510.93,2026-06-23,True,True,False,False,False,False,True,True,False,,False,True
D005856,pay_92704392,item_not_received,682.71,2026-01-03,False,False,True,False,,True,True,True,True,False,False,True
D005315,pay_27190880,item_not_received,6345.44,2026-03-06,False,,False,False,True,False,False,True,False,True,,False
D003355,pay_87403099,item_not_as_described,4470.87,2026-04-30,False,True,False,True,False,True,False,False,,,False,True
D000663,pay_75839021,duplicate_charge,4501.43,2026-02-23,False,False,True,False,True,False,,False,True,True,False,False
D000976,pay_38262927,item_not_as_described,1731.33,2026-04-16,False,True,False,True,,True,True,True,True,True,True,True
D005348,pay_49303666,unauthorized_transaction,872.26,2026-03-21,True,False,True,True,False,False,True,False,True,False,False,False
D001991,pay_30602319,item_not_received,1684.61,2026-01-13,True,False,True,False,True,True,False,True,True,True,False,True
D002437,pay_55715144,item_not_received,3160.6,2026-06-13,False,,True,False,False,False,True,True,True,True,True,True
D005010,pay_55136766,duplicate_charge,2309.87,2026-08-02,False,False,False,True,,False,False,,,,False,True
D002647,pay_75079343,item_not_received,483.54,2026-04-06,True,True,,False,False,False,False,False,,,True,False
D001414,pay_51048256,item_not_as_described,6025.8,2026-01-24,,False,True,False,False,True,,False,False,True,,True
D000884,pay_37945749,unauthorized_transaction,1922.99,2026-08-05,True,False,True,True,True,True,False,True,False,False,True,True
D000712,pay_66801198,item_not_as_described,5714.63,2026-06-06,True,True,False,False,True,True,,True,False,True,False,False
D002199,pay_84401763,duplicate_charge,4364.43,2026-02-07,False,True,,True,False,True,,False,True,False,False,False
D002357,pay_31287378,unauthorized_transaction,1809.03,2026-08-21,True,False,False,False,True,True,True,False,True,True,False,False
D004863,pay_21035166,item_not_received,2195.3,2026-08-24,True,True,False,False,False,True,,False,False,True,True,True
D002526,pay_10685360,duplicate_charge,2043.44,2026-04-27,,False,False,False,True,False,False,False,True,False,False,True
D002291,pay_24729114,unauthorized_transaction,1522.54,2026-03-17,True,True,False,True,,False,,,False,True,False,True
D001899,pay_65756936,unauthorized_transaction,4074.34,2026-10-02,True,False,True,True,False,False,False,False,True,,False,True
D005534,pay_41011904,duplicate_charge,5299.73,2026-10-10,True,,False,False,True,False,,True,,False,False,True
D005936,pay_58074249,item_not_received,6298.65,2026-08-16,False,,,True,False,True,True,True,False,True,True,False
D000470,pay_66122740,item_not_received,6277.22,2026-04-08,True,False,True,True,False,False,True,False,False,,True,True
D004966,pay_00134730,duplicate_charge,6168.72,2026-08-24,False,False,True,True,,False,False,False,False,True,True,True
D005753,pay_80819671,item_not_received,2222.55,2026-09-18,False,True,True,,True,False,False,True,False,True,True,True
D003495,pay_03783552,item_not_as_described,3829.33,2026-08-15,,False,True,True,False,True,,,True,False,True,True
D003544,pay_60120169,duplicate_charge,5230.09,2026-09-27,False,True,False,False,False,True,,False,False,True,False,True
D000452,pay_87116877,duplicate_charge,6962.02,2026-03-14,True,False,False,True,False,False,True,False,True,True,,False
D002013,pay_53377591,item_not_as_described,4986.2,2026-05-16,False,True,True,True,True,,,False,False,False,True,False
D002451,pay_23098737,unauthorized_transaction,7349.83,2026-08-24,False,False,True,False,,False,False,False,True,False,True,False
D002534,pay_45534143,item_not_received,1269.59,2026-07-17,True,False,False,False,,False,False,True,True,,False,False
D000871,pay_75477483,item_not_as_described,1306.36,2026-03-04,,True,True,True,True,,False,False,True,,,True
D005889,pay_89242661,unauthorized_transaction,447.89,2026-08-13,,True,False,True,False,True,False,,False,False,True,False
D005994,pay_34287315,item_not_received,1529.89,2026-02-21,True,,False,True,False,True,True,True,True,False,True,False
D005426,pay_33865158,duplicate_charge,6759.67,2026-08-10,False,False,True,True,False,True,True,,True,True,True,False
D005720,pay_01665821,duplicate_charge,6321.33,2026-02-09,,,,False,,,True,False,True,True,False,False
D005053,pay_24756927,item_not_as_described,431.5,2026-02-26,False,,False,True,True,False,True,False,True,False,True,True
D001709,pay_69916149,item_not_received,3495.17,2026-07-07,False,True,True,True,False,False,,False,False,,True,True
D004527,pay_46593304,item_not_as_described,1369.44,2026-08-21,True,False,False,True,False,False,False,False,,True,False,False
D004837,pay_82945686,unauthorized_transaction,6372.63,2026-06-06,True,,True,True,False,True,False,,True,False,False,True
D003358,pay_09825291,item_not_received,2890.59,2026-02-14,True,False,False,False,False,True,False,False,False,False,False,False
D002169,pay_95094533,duplicate_charge,5060.56,2026-10-04,False,True,False,False,False,True,True,True,False,False,,False
D001814,pay_66980956,unauthorized_transaction,3334.87,2026-01-29,True,True,True,False,,True,True,False,False,False,,True
D001493,pay_15928981,item_not_received,1788.48,2026-10-22,True,False,False,True,False,False,True,True,,True,False,True
D004142,pay_41436446,duplicate_charge,2777.83,2026-05-24,True,False,True,,True,True,,True,False,False,False,True
D003959,pay_02146838,unauthorized_transaction,1527.2,2026-06-04,False,,False,False,True,,True,True,False,True,,False
D001515,pay_56061838,duplicate_charge,7962.6,2026-08-13,True,True,False,True,True,False,True,True,True,True,False,True
D005043,pay_55664486,item_not_received,6161.55,2026-02-06,False,False,True,,,True,False,True,False,True,,True
D004135,pay_58879244,duplicate_charge,798.7,2026-07-10,False,True,True,False,False,False,True,False,,False,False,False
D004934,pay_33904796,duplicate_charge,6637.1,2026-03-16,True,False,True,True,True,False,False,False,True,True,False,True
D002774,pay_29096449,item_not_as_described,4782.25,2026-07-27,,False,True,False,False,False,False,False,,True,,False
D001124,pay_87364234,unauthorized_transaction,1218.07,2026-07-09,True,True,False,True,True,True,False,False,False,True,True,True
D001636,pay_62336402,duplicate_charge,2680.33,2026-10-19,True,True,False,,True,,,True,,False,True,False
D002173,pay_31973034,item_not_received,424.0,2026-01-10,False,False,True,False,True,True,,False,,True,True,True
D001724,pay_87591634,item_not_as_described,1036.1,2026-05-01,False,False,False,True,,False,False,False,True,,True,False
D002258,pay_60021607,item_not_received,3307.08,2026-01-19,True,False,True,False,True,True,,False,False,True,True,True
D003820,pay_94413378,item_not_as_described,7939.83,2026-10-15,True,True,,False,False,True,False,False,False,True,True,True
D004703,pay_55188176,unauthorized_transaction,3544.15,2026-05-11,,False,False,True,True,False,False,False,False,True,False,False
D005861,pay_66213852,duplicate_charge,5944.8,2026-01-09,True,False,False,False,True,True,False,,True,False,True,True
D003659,pay_81474182,duplicate_charge,4632.75,2026-01-14,True,False,True,False,False,False,False,False,True,True,True,False
D001800,pay_59058111,item_not_as_described,6765.67,2026-09-27,True,False,False,True,False,True,True,False,,True,False,False
D002542,pay_19134884,item_not_received,4444.92,2026-10-16,True,,False,True,True,False,,True,False,True,True,True
D001267,pay_19866320,item_not_received,2776.54,2026-05-22,True,False,False,False,True,False,True,False,False,False,False,False
D005372,pay_45818061,item_not_as_described,6564.3,2026-03-19,False,False,True,False,,True,,False,True,False,False,False
D004554,pay_73879405,duplicate_charge,6000.23,2026-09-06,True,True,True,True,False,False,True,True,False,True,False,False
D004943,pay_16080311,item_not_received,5812.82,2026-04-10,True,True,,True,False,False,False,True,True,False,False,False
D001901,pay_20216051,item_not_received,4637.04,2026-03-25,False,False,,True,False,False,,True,,True,,True
D001556,pay_34838195,unauthorized_transaction,4398.73,2026-09-01,False,True,False,True,True,False,,True,True,False,,False
D005302,pay_49946420,item_not_as_described,1624.57,2026-05-05,True,,False,,False,True,,,True,False,True,True
D001860,pay_80630307,duplicate_charge,6749.71,2026-02-13,,True,False,False,,False,False,False,,True,True,True
D000861,pay_10741296,unauthorized_transaction,3803.86,2026-05-01,True,False,False,True,False,False,False,True,True,False,False,False
D004949,pay_05729250,item_not_as_described,7095.52,2026-07-13,True,False,False,True,,True,True,True,False,False,True,True
D000174,pay_19070658,duplicate_charge,4768.07,2026-02-11,True,False,False,False,False,True,True,False,False,,True,True
D005188,pay_19839923,duplicate_charge,1064.99,2026-08-27,,False,True,False,False,False,False,,True,True,True,True
D001851,pay_77245078,item_not_as_described,2638.17,2026-08-28,False,False,True,False,True,True,True,False,False,True,,False
D005465,pay_21201306,unauthorized_transaction,7269.63,2026-04-28,False,False,,,,True,False,,True,True,True,False
D003911,pay_00287159,unauthorized_transaction,590.42,2026-05-28,True,,True,True,True,False,False,False,False,True,,False
D000874,pay_06786673,item_not_as_described,4775.1,2026-08-04,False,False,True,False,True,False,,True,True,,True,False
D004488,pay_15325426,item_not_as_described,3416.6,2026-03-10,False,False,,True,False,,False,True,False,False,True,True
D004397,pay_47668480,duplicate_charge,2949.64,2026-09-18,,False,True,False,False,False,True,True,,False,False,False
D000179,pay_23881291,item_not_as_described,762.45,2026-05-17,,,False,False,False,True,False,True,False,True,True,False
D000477,pay_26287354,duplicate_charge,5978.56,2026-04-03,False,True,False,True,True,True,True,,True,True,True,False
D002106,pay_84572573,duplicate_charge,1021.56,2026-05-05,False,,True,,True,False,True,,,True,,True
D000977,pay_12262898,duplicate_charge,3095.62,2026-05-25,False,True,,True,True,False,False,True,False,False,True,True
D003630,pay_18310733,item_not_received,4141.2,2026-03-15,False,True,True,True,,True,False,True,,False,True,False
D004688,pay_78514076,duplicate_charge,7105.39,2026-06-29,True,False,False,True,False,False,False,False,True,True,False,False
D004500,pay_05204386,item_not_received,2130.15,2026-02-03,False,True,False,True,True,False,True,True,True,,False,False
D000072,pay_65847681,unauthorized_transaction,5182.75,2026-08-20,True,False,False,True,False,,False,True,True,False,False,True
D002154,pay_79804932,item_not_received,2178.53,2026-10-11,True,True,True,False,,True,False,True,False,False,True,True
D000013,pay_66354180,item_not_received,4732.67,2026-07-17,False,True,True,False,False,False,True,True,,True,True,True
D001359,pay_58723377,item_not_as_described,306.74,2026-06-01,True,False,True,True,False,False,False,True,,,True,False
D005818,pay_19874432,unauthorized_transaction,4360.89,2026-04-18,True,True,False,True,False,,False,True,True,False,True,True
D002940,pay_30610780,unauthorized_transaction,3379.97,2026-05-30,False,False,,True,True,True,True,False,,True,False,True
D004422,pay_10768998,duplicate_charge,5570.91,2026-08-19,True,False,True,False,True,False,,True,True,True,False,True
D002349,pay_13056817,item_not_received,996.43,2026-01-16,True,False,False,True,False,True,True,True,False,True,True,False
D005001,pay_34893920,item_not_received,6183.13,2026-05-01,False,True,True,True,,True,True,False,True,,False,False
D004453,pay_98289694,duplicate_charge,2296.53,2026-01-25,True,True,False,True,,,,True,True,False,True,True
D004236,pay_40656447,duplicate_charge,6204.49,2026-07-18,True,False,True,False,True,False,False,False,False,False,True,True
D005966,pay_74968241,unauthorized_transaction,4582.41,2026-04-12,True,False,,False,True,False,,False,False,False,False,True
D004437,pay_58791961,item_not_received,6159.07,2026-01-04,True,True,,True,True,False,,False,,False,False,True
D004529,pay_31388066,duplicate_charge,1886.37,2026-03-27,True,False,False,True,False,,False,True,False,True,False,True
D001002,pay_17485523,item_not_as_described,1679.5,2026-09-10,False,False,True,True,True,True,,True,False,False,False,False
D003889,pay_89913876,duplicate_charge,3851.98,2026-03-03,True,,False,True,False,,,True,,,True,True
D002657,pay_26457318,duplicate_charge,4113.68,2026-10-13,,True,False,False,False,True,False,False,True,True,True,False
D005291,pay_22083280,duplicate_charge,2548.26,2026-02-22,,False,True,True,False,,False,True,,False,True,True
D004182,pay_00956156,duplicate_charge,3744.69,2026-09-17,True,True,False,,False,False,False,True,True,False,False,True
D005033,pay_22023335,duplicate_charge,900.27,2026-10-09,False,True,True,True,False,True,False,True,,True,,False
D001649,pay_75759351,duplicate_charge,7392.09,2026-04-20,False,True,False,True,False,True,False,False,False,True,False,False
D003840,pay_75268220,duplicate_charge,3367.06,2026-07-05,True,False,,True,False,True,True,True,True,False,True,False
D005805,pay_04653789,item_not_received,4049.0,2026-02-17,True,False,True,False,False,False,True,True,False,False,False,True
D002215,pay_39168403,item_not_received,1417.02,2026-10-16,False,False,False,False,True,False,True,True,False,False,False,True
D003660,pay_14074404,item_not_received,4283.61,2026-07-06,False,True,True,,True,True,False,True,True,True,False,True
D001263,pay_77975411,item_not_received,445.74,2026-10-11,True,,True,True,,True,True,True,False,False,False,True
D000172,pay_39484797,duplicate_charge,4230.26,2026-03-08,True,True,False,False,True,True,False,False,False,False,False,True
D003217,pay_83959712,item_not_received,7929.33,2026-09-11,False,False,,False,True,False,,True,True,True,False,True
D000616,pay_80434851,item_not_as_described,663.16,2026-06-08,True,False,True,True,False,False,False,True,,True,True,False
D004808,pay_80230637,item_not_as_described,2667.81,2026-07-06,False,True,False,True,,,True,False,False,True,True,False
D002742,pay_60708343,item_not_as_described,2283.69,2026-06-10,True,False,False,False,False,True,True,True,True,True,True,True
D002072,pay_93764498,duplicate_charge,7057.73,2026-02-18,False,True,False,False,False,,True,True,False,True,False,True
D002303,pay_64228837,unauthorized_transaction,1922.68,2026-03-20,,False,False,False,False,,True,True,False,,False,False
D004973,pay_89458818,item_not_received,5478.06,2026-07-15,False,True,False,False,False,False,True,,False,False,False,False
D003621,pay_42511947,item_not_received,3198.69,2026-06-16,True,False,False,False,False,True,True,,,True,True,False
D001203,pay_71408187,duplicate_charge,1301.62,2026-06-22,True,False,False,True,True,True,True,True,False,True,False,True
D003898,pay_17802065,duplicate_charge,3412.81,2026-03-21,True,False,True,False,False,True,False,True,,True,,False
D000709,pay_97700383,item_not_as_described,6391.36,2026-06-03,True,False,False,True,False,,True,True,True,,False,False
D000569,pay_78120126,item_not_received,614.75,2026-03-24,True,True,True,False,True,False,True,False,,True,True,False
D004302,pay_73732309,duplicate_charge,5544.62,2026-03-29,True,False,False,True,True,True,True,True,,True,True,False
D001793,pay_83092603,duplicate_charge,6713.33,2026-03-09,False,False,False,False,,True,True,False,False,,,False
D001247,pay_25276538,item_not_as_described,3570.1,2026-06-17,True,False,False,,True,False,False,False,True,,False,True
D005986,pay_72572235,unauthorized_transaction,4536.37,2026-03-21,False,True,True,False,True,False,True,False,False,False,True,False
D005760,pay_34535295,duplicate_charge,4384.89,2026-06-25,False,False,False,False,False,False,,True,,True,True,True
D001616,pay_94056226,unauthorized_transaction,6109.85,2026-06-07,True,True,True,False,True,False,False,,True,True,True,True
D001243,pay_13238397,duplicate_charge,4564.55,2026-05-09,False,True,True,False,True,False,,True,False,False,True,True
D002993,pay_61338666,unauthorized_transaction,3432.28,2026-04-16,False,False,,True,False,True,,True,False,False,False,False
D005708,pay_39371358,duplicate_charge,1163.26,2026-03-26,False,False,True,,True,False,True,True,False,True,False,False
D005187,pay_11750919,item_not_received,481.45,2026-10-07,False,True,True,,False,True,True,False,False,False,True,True
D003447,pay_37952687,duplicate_charge,5900.61,2026-05-21,,False,True,True,False,False,True,True,False,True,False,False
D003437,pay_32084325,duplicate_charge,1738.21,2026-03-15,False,True,,False,True,False,False,,,True,True,True
D003649,pay_23211584,unauthorized_transaction,1301.26,2026-09-16,True,True,,True,True,,True,,False,True,False,False
D003888,pay_09780705,unauthorized_transaction,5181.96,2026-06-22,,False,False,True,,False,False,False,False,False,False,True
D001331,pay_08525005,duplicate_charge,3174.22,2026-01-12,False,False,,True,True,True,,True,True,False,False,True
D000967,pay_77851729,item_not_as_described,5728.88,2026-08-12,False,True,True,False,,True,True,False,False,False,False,True
D005311,pay_83003565,item_not_as_described,7631.5,2026-07-04,False,True,False,True,False,,True,False,True,True,False,True
D005352,pay_00614119,item_not_received,4754.05,2026-03-29,True,False,True,False,False,True,True,False,,True,True,True
D004560,pay_43355971,unauthorized_transaction,3703.49,2026-02-21,False,True,False,False,False,False,True,,False,False,False,True
D005325,pay_04202471,item_not_received,987.63,2026-09-18,True,True,True,False,,False,True,True,False,True,False,False
D002760,pay_87089349,unauthorized_transaction,4048.17,2026-10-22,,True,True,,True,False,True,,,True,True,True
D003249,pay_55996778,item_not_as_described,3939.64,2026-03-01,True,True,True,False,False,False,False,True,True,,,False
D005082,pay_71507004,duplicate_charge,7978.14,2026-08-02,False,True,True,True,True,True,True,True,False,True,False,False
D004450,pay_43311232,item_not_as_described,3403.76,2026-07-01,True,False,,True,True,True,True,False,False,True,False,False
D000843,pay_65035969,unauthorized_transaction,614.95,2026-08-13,False,False,True,True,True,True,True,True,True,False,False,True
D000292,pay_74943752,item_not_received,6849.58,2026-07-06,False,True,False,True,False,False,True,,False,True,True,True
D005155,pay_55567574,duplicate_charge,2635.37,2026-05-24,True,True,True,True,,True,,True,True,,False,True
D004192,pay_44375765,unauthorized_transaction,1761.9,2026-08-28,True,False,,True,True,True,True,False,False,False,False,True
D001429,pay_01243979,item_not_received,7768.46,2026-09-27,False,False,False,True,False,True,False,True,False,,True,False
D001810,pay_59579993,unauthorized_transaction,6159.04,2026-10-07,False,True,True,True,False,True,False,True,True,False,False,True
D002691,pay_44000872,item_not_received,2260.15,2026-02-05,True,False,,False,True,False,True,True,True,False,True,True
D001672,pay_67323036,item_not_received,6959.39,2026-03-11,False,False,,False,,,True,True,,True,True,True
D003729,pay_23193851,item_not_received,3371.94,2026-04-01,True,True,True,False,,True,False,True,False,True,True,True
D005163,pay_70262240,duplicate_charge,7395.3,2026-10-01,True,True,True,True,False,True,True,True,,True,True,True
D003126,pay_68431176,unauthorized_transaction,1029.26,2026-03-06,True,,True,True,,False,False,True,True,True,True,True
D004227,pay_95309783,duplicate_charge,3836.86,2026-07-03,True,False,False,False,False,False,,False,True,,,True
D005522,pay_60179263,item_not_as_described,7153.11,2026-06-14,True,False,False,,False,True,True,False,True,False,True,True
D000129,pay_88732634,unauthorized_transaction,1511.65,2026-03-03,True,True,True,True,False,True,True,,False,True,True,False
D001245,pay_56625181,item_not_received,4820.91,2026-07-04,False,,False,,,,,True,True,True,True,True
D003885,pay_87576845,unauthorized_transaction,628.43,2026-09-17,True,False,False,True,,True,,False,True,True,True,True
D001819,pay_52071719,duplicate_charge,5285.37,2026-02-21,False,True,False,True,False,True,False,True,False,False,True,True
D005072,pay_08833134,unauthorized_transaction,4184.52,2026-10-18,True,True,False,False,False,True,False,False,False,False,False,True
D002692,pay_87629326,unauthorized_transaction,2853.63,2026-03-19,,False,True,True,False,True,True,False,True,False,True,True
D005105,pay_59774730,duplicate_charge,4063.65,2026-10-04,True,True,True,True,True,False,False,True,True,False,True,True
D001931,pay_65530169,item_not_received,7262.05,2026-04-23,,False,,False,True,False,True,False,True,False,True,True
D001541,pay_66403700,item_not_as_described,4266.51,2026-10-28,True,False,True,True,True,True,True,True,False,True,False,True
D000145,pay_33173547,item_not_as_described,3262.94,2026-08-16,True,,True,True,True,,False,True,True,,False,False
D003956,pay_76425766,item_not_received,3933.67,2026-07-08,False,,True,False,True,True,False,True,False,False,True,True
D005567,pay_07393904,duplicate_charge,3120.2,2026-06-01,True,True,False,True,True,,False,True,False,True,True,True
D005520,pay_97537120,item_not_as_described,2207.88,2026-10-10,False,False,False,False,False,True,True,False,True,True,True,True
D004538,pay_78906498,item_not_received,5011.68,2026-09-21,False,True,False,True,True,False,False,False,True,,False,False
D000772,pay_03769354,item_not_received,620.97,2026-06-15,,False,True,,True,True,,False,False,True,True,True
D004755,pay_15012735,item_not_received,4446.13,2026-07-24,False,True,True,False,,True,,False,True,,True,False
D003185,pay_11379140,item_not_as_described,3161.18,2026-03-06,False,True,True,,True,True,False,,True,False,True,True
D004489,pay_31890167,item_not_as_described,1371.66,2026-08-15,True,,True,,False,True,True,,True,False,True,True
D002290,pay_63987716,unauthorized_transaction,3158.43,2026-05-02,True,True,False,True,True,True,True,False,True,True,True,False
D001215,pay_29654295,unauthorized_transaction,4863.23,2026-10-04,True,True,True,True,True,True,True,True,False,False,True,True
D001536,pay_30450185,item_not_received,873.89,2026-07-19,True,True,,True,False,True,False,False,False,True,True,False
D003212,pay_79494599,duplicate_charge,7504.11,2026-10-14,False,True,False,,True,False,False,False,False,False,True,True
D002478,pay_83247688,duplicate_charge,6314.99,2026-06-22,,True,True,True,True,True,False,,False,False,,True
D000395,pay_76092056,duplicate_charge,7292.23,2026-04-22,,True,,True,True,False,,False,,True,False,False
D005718,pay_12767851,item_not_received,682.48,2026-02-16,True,True,False,,True,True,,True,False,,,True
D002763,pay_05043125,duplicate_charge,3984.08,2026-10-13,False,False,False,False,,True,False,True,False,False,True,True
D005551,pay_85613217,unauthorized_transaction,6423.27,2026-07-03,True,True,False,False,True,False,,False,True,True,,True
D003359,pay_87720504,item_not_as_described,6976.99,2026-09-27,,True,True,False,False,True,,True,True,True,True,True
D003157,pay_49971888,duplicate_charge,6244.68,2026-02-28,True,True,False,True,True,False,False,True,True,False,False,True
D001156,pay_73834957,item_not_as_described,6599.42,2026-08-30,False,True,,False,False,True,True,False,True,False,False,True
D005235,pay_75887274,unauthorized_transaction,1796.85,2026-04-03,True,,False,True,False,True,False,False,True,,True,False
D004922,pay_49451368,unauthorized_transaction,7306.93,2026-10-27,,False,,True,True,False,True,,True,True,,True
D000526,pay_02637090,duplicate_charge,7337.26,2026-01-21,False,False,,,True,,True,True,,True,True,True
D004791,pay_99703850,item_not_as_described,6331.38,2026-01-14,,,True,True,,False,False,,True,True,True,True
D004239,pay_32062133,unauthorized_transaction,5404.32,2026-03-22,True,True,False,True,True,True,True,,,True,False,False
D000792,pay_53835402,item_not_as_described,7951.94,2026-03-28,True,False,True,,False,False,False,False,True,True,,False
D000324,pay_05721942,duplicate_charge,5267.34,2026-08-17,True,True,False,False,False,False,False,False,,True,True,False
D002060,pay_66141583,duplicate_charge,3763.86,2026-09-29,True,True,False,False,True,True,True,False,True,True,True,False
D004815,pay_97535036,item_not_as_described,3326.91,2026-02-08,False,,False,False,True,True,True,,True,False,True,True
D000733,pay_73729354,unauthorized_transaction,2521.82,2026-05-12,False,False,True,True,True,False,,True,True,False,False,False
D000267,pay_87767609,item_not_as_described,6020.85,2026-07-16,False,True,True,True,True,True,True,True,True,,True,True
D001405,pay_88261015,duplicate_charge,3737.0,2026-03-18,False,True,False,True,False,,True,,False,False,False,True
D001954,pay_36396853,item_not_as_described,2403.28,2026-05-08,False,True,True,True,True,True,False,False,True,False,False,True
D003943,pay_03209271,item_not_as_described,3558.29,2026-05-30,False,False,True,True,True,False,True,False,False,False,False,False
D002939,pay_20883338,item_not_received,3301.96,2026-10-19,False,False,False,True,,False,False,True,,True,True,False
D003549,pay_06188000,duplicate_charge,1755.26,2026-04-27,False,False,True,True,,True,True,True,False,False,True,False
D002706,pay_13803536,unauthorized_transaction,7597.11,2026-06-01,False,True,False,False,False,True,False,False,False,True,True,False
D002787,pay_44911029,unauthorized_transaction,543.65,2026-07-09,False,False,False,True,False,True,False,False,True,False,True,False
D002038,pay_40348921,unauthorized_transaction,3091.65,2026-09-30,False,False,False,False,False,True,False,False,False,False,True,False
D002861,pay_44344644,unauthorized_transaction,496.5,2026-03-05,,False,False,False,True,True,False,False,False,False,True,False
D002859,pay_57934552,unauthorized_transaction,2805.39,2026-04-03,True,True,False,False,True,,False,,False,False,False,False
D001764,pay_46580297,unauthorized_transaction,2715.62,2026-04-01,True,True,,,,True,,True,False,True,False,True
D002628,pay_29619203,item_not_received,2363.25,2026-01-16,True,False,True,True,,True,True,False,,True,False,True
D005183,pay_69203365,duplicate_charge,5830.58,2026-10-07,True,,True,False,False,False,True,True,False,True,False,False
D000625,pay_88587007,duplicate_charge,5527.09,2026-01-23,True,False,False,False,True,True,False,False,True,,True,True
D000506,pay_25045268,item_not_as_described,5540.08,2026-06-18,True,False,False,True,True,False,False,False,True,False,,False
D001494,pay_36874819,item_not_received,1361.92,2026-07-14,True,True,True,False,False,True,True,True,,False,True,False
D000232,pay_18592146,duplicate_charge,6725.34,2026-03-10,True,True,True,,False,True,True,,True,True,True,True
D005786,pay_00095584,item_not_received,2939.65,2026-01-23,True,False,False,True,,False,True,False,False,,False,False
D003238,pay_16129719,unauthorized_transaction,1076.39,2026-06-27,True,False,False,False,,True,True,True,True,,True,True
D002116,pay_75921992,item_not_received,6598.3,2026-08-16,False,,True,False,False,False,True,False,True,True,True,False
D001009,pay_65188533,unauthorized_transaction,6899.76,2026-03-12,True,,,True,False,True,True,True,False,True,True,False
D001404,pay_40379612,unauthorized_transaction,2452.63,2026-09-23,False,False,True,,True,False,False,False,,False,True,False
D003225,pay_34485674,unauthorized_transaction,3404.35,2026-08-01,True,True,False,,False,False,True,False,False,False,True,True
D003815,pay_80674043,unauthorized_transaction,1641.41,2026-03-29,True,,False,False,False,False,,True,True,True,,False
D005700,pay_03028408,duplicate_charge,1882.63,2026-07-27,False,False,True,True,False,,True,True,False,False,True,True
D003510,pay_28786306,item_not_received,306.17,2026-10-16,,True,True,True,,True,False,False,True,False,False,True
D004398,pay_24165666,item_not_as_described,7904.37,2026-10-10,True,False,True,True,False,False,False,False,False,False,True,False
D000320,pay_53568120,item_not_received,5205.24,2026-08-06,True,,False,True,True,False,False,True,False,False,False,True
D005514,pay_40109108,duplicate_charge,2206.07,2026-10-14,,True,False,False,True,,True,True,True,False,False,True
D002507,pay_96186592,unauthorized_transaction,7380.09,2026-03-14,True,False,True,True,True,True,False,True,False,True,False,True
D003445,pay_41230409,unauthorized_transaction,3683.32,2026-10-26,,,False,True,False,False,False,False,True,True,True,True
D001289,pay_95496400,unauthorized_transaction,7940.72,2026-05-05,False,False,False,False,False,True,False,,,True,False,False
D003806,pay_29422992,unauthorized_transaction,6302.24,2026-09-07,False,False,False,True,False,False,False,False,,False,True,True
D000367,pay_90326645,unauthorized_transaction,1921.91,2026-03-30,,True,True,,True,False,False,True,True,True,True,True
D003216,pay_68117399,unauthorized_transaction,5652.18,2026-05-02,True,True,,False,True,,True,True,False,False,True,False
D000993,pay_46550393,unauthorized_transaction,3945.73,2026-05-26,False,True,False,,,False,False,True,False,False,False,True
D004345,pay_61796463,unauthorized_transaction,1425.72,2026-07-20,True,True,,True,,False,False,False,,True,False,True
D001710,pay_73113250,duplicate_charge,1073.31,2026-02-24,True,False,,False,,False,True,False,True,False,False,False
D001488,pay_31615387,item_not_received,4310.19,2026-09-25,True,False,,True,False,True,False,False,True,True,True,True
D000352,pay_78828361,item_not_as_described,1275.62,2026-09-26,,False,True,False,True,True,True,False,True,True,True,True
D001763,pay_13453000,unauthorized_transaction,5520.4,2026-10-19,,True,True,,True,False,True,True,,False,True,True
D005678,pay_52979634,item_not_received,6515.01,2026-03-22,False,False,False,True,True,True,False,True,,True,False,True
D002757,pay_58186373,item_not_as_described,7259.08,2026-04-01,False,False,True,False,False,False,True,True,False,,False,False
D002666,pay_24404049,unauthorized_transaction,6274.26,2026-08-04,True,True,False,True,,,,True,True,True,True,True
D003999,pay_06278626,duplicate_charge,4465.19,2026-02-19,False,True,False,True,False,True,False,True,False,False,True,True
D002521,pay_35158638,duplicate_charge,4563.2,2026-08-17,True,,True,False,False,True,False,True,False,True,False,True
D000633,pay_61040634,duplicate_charge,3949.5,2026-01-05,True,,False,True,False,,False,False,False,True,False,True
D000758,pay_39660101,duplicate_charge,1516.07,2026-09-07,,False,False,True,True,True,False,True,True,True,,True
D000319,pay_38689596,duplicate_charge,1552.07,2026-09-08,True,True,False,True,False,True,False,,,False,True,False
D003773,pay_38509709,duplicate_charge,5045.4,2026-05-14,False,,True,,True,False,False,True,,True,True,False
D003586,pay_91911425,item_not_as_described,5852.64,2026-01-26,True,False,,False,False,False,True,True,True,False,False,False
D005976,pay_62207467,unauthorized_transaction,985.29,2026-03-23,True,True,,True,False,True,,True,True,False,False,True
D002601,pay_18720521,unauthorized_transaction,6225.77,2026-09-14,True,True,,False,True,,False,True,,,True,True
D001008,pay_11725411,unauthorized_transaction,7750.45,2026-05-22,True,True,False,True,False,True,True,True,True,,True,True
D001739,pay_18193030,item_not_received,7823.49,2026-10-23,True,True,True,True,True,False,,False,False,True,True,True
D003489,pay_54361119,item_not_as_described,7936.42,2026-06-24,True,False,True,True,True,False,True,True,False,False,False,False
D004018,pay_08722127,item_not_as_described,536.86,2026-05-25,True,,False,True,False,True,True,False,False,,True,True
D001464,pay_47818717,duplicate_charge,5697.59,2026-06-16,True,False,True,False,True,False,False,False,False,,True,True
D005591,pay_88343726,duplicate_charge,7863.96,2026-06-12,False,False,False,True,False,False,True,True,True,False,True,False
D000744,pay_98164377,item_not_as_described,4671.19,2026-05-21,False,,False,True,True,True,False,,False,,True,True
D005139,pay_44614844,duplicate_charge,3066.15,2026-07-05,,False,,True,True,False,False,False,True,True,True,False
D004031,pay_30184749,unauthorized_transaction,7038.09,2026-10-07,True,True,False,False,True,True,,,False,True,False,False
D004341,pay_62991551,unauthorized_transaction,3398.7,2026-03-05,,False,False,True,,False,True,False,True,True,False,True
D004807,pay_02042379,item_not_received,2248.99,2026-07-23,False,,,True,True,False,False,True,False,False,True,True
D002187,pay_68217454,item_not_as_described,6597.42,2026-02-14,False,False,False,True,True,False,True,False,False,True,False,False
D002098,pay_23518268,item_not_received,3559.04,2026-01-18,True,False,False,True,False,True,,,,True,False,False
D001128,pay_94264819,unauthorized_transaction,6102.12,2026-09-09,True,,True,True,True,True,False,True,False,False,False,False
D005067,pay_36598338,duplicate_charge,4649.78,2026-04-16,False,,False,False,False,True,,False,True,False,True,True
D001491,pay_97063105,item_not_as_described,1900.49,2026-07-22,False,False,True,False,,False,True,True,False,False,,False
D000572,pay_49074470,unauthorized_transaction,7593.71,2026-04-07,True,False,False,True,True,True,True,False,True,,False,True
D003919,pay_01843079,item_not_received,7289.84,2026-03-27,,,,True,,False,False,False,True,True,True,True
D002979,pay_40323128,item_not_received,6375.44,2026-08-18,True,,False,True,False,,True,,True,False,False,True
D004171,pay_18858839,item_not_received,1812.76,2026-06-12,False,False,False,True,,True,True,True,,True,False,False
D002399,pay_33297043,unauthorized_transaction,415.11,2026-01-15,True,False,,True,False,,,True,False,True,True,False
D000111,pay_37944260,item_not_as_described,4239.2,2026-03-03,False,False,False,,,,True,,True,False,True,True
D000593,pay_26705345,item_not_as_described,5919.71,2026-03-24,False,True,True,True,True,False,True,False,True,True,True,True
D001656,pay_36445325,item_not_received,5236.74,2026-09-27,False,False,True,True,True,,True,False,False,True,True,True
D002596,pay_49900956,duplicate_charge,1485.67,2026-06-16,True,False,False,False,False,False,True,True,True,True,True,False
D001811,pay_91496434,item_not_as_described,5919.22,2026-06-17,True,False,True,True,True,True,True,,,False,False,False
D002396,pay_15748549,item_not_as_described,5977.6,2026-01-03,True,False,,True,False,True,True,False,True,True,False,True
D002369,pay_20215971,item_not_received,2846.74,2026-10-06,True,True,,False,,False,False,True,True,False,False,False
D003052,pay_69694558,unauthorized_transaction,7075.45,2026-09-05,True,True,True,False,True,False,True,True,False,True,True,True
D005717,pay_11615515,duplicate_charge,7944.87,2026-08-05,True,False,True,True,False,True,False,True,True,,False,True
D000849,pay_96685654,unauthorized_transaction,5454.7,2026-09-09,False,True,False,True,True,False,True,True,False,True,True,False
D003311,pay_59097518,duplicate_charge,5567.39,2026-02-18,True,True,False,False,False,True,False,False,False,False,False,True
D003588,pay_12089185,unauthorized_transaction,2753.16,2026-06-09,True,True,True,True,True,False,False,False,True,False,False,False
D000153,pay_65479608,item_not_received,4003.1,2026-04-13,True,True,False,False,False,,True,True,True,False,False,False
D002245,pay_58741131,item_not_as_described,4917.51,2026-02-11,False,,True,False,False,,False,False,True,True,,True
D001875,pay_97658205,unauthorized_transaction,2017.62,2026-03-18,True,,False,False,True,True,True,False,True,False,False,True
D001621,pay_62704664,duplicate_charge,6218.56,2026-04-13,True,,False,True,True,True,False,False,True,True,True,True
D003908,pay_34668128,unauthorized_transaction,6882.31,2026-04-01,False,False,False,False,,False,False,False,True,True,,False
D004055,pay_37313633,duplicate_charge,7008.76,2026-08-25,True,False,,True,True,,False,True,False,False,True,True
D003967,pay_66053521,unauthorized_transaction,3269.93,2026-05-09,False,False,False,True,False,True,True,True,False,True,True,False
D002755,pay_44057983,duplicate_charge,2387.35,2026-01-10,True,False,False,False,True,False,False,True,False,,True,True
D002470,pay_45436670,item_not_received,649.08,2026-10-08,False,False,True,True,True,True,False,True,False,True,,False
D004481,pay_38277273,unauthorized_transaction,7836.19,2026-06-07,True,False,False,,False,True,False,False,True,False,True,True
D004751,pay_06753435,duplicate_charge,6624.44,2026-02-21,False,True,False,True,,False,False,True,,,True,True
D003415,pay_97242087,item_not_as_described,1021.93,2026-06-30,True,True,False,False,True,False,False,False,False,,,False
D004223,pay_75610231,item_not_as_described,6490.18,2026-05-10,True,True,True,,True,False,True,,True,False,True,False
D000459,pay_48150867,unauthorized_transaction,5650.8,2026-08-21,True,False,True,True,False,,False,False,True,,False,True
D001131,pay_38982170,item_not_as_described,7524.23,2026-10-11,True,False,True,,True,False,True,False,True,False,True,True
D003724,pay_78856527,item_not_as_described,6115.37,2026-04-11,False,True,False,False,False,False,True,False,True,,True,False
D005333,pay_82267226,item_not_as_described,5642.37,2026-10-03,True,True,True,False,True,True,False,,False,False,False,False
D004056,pay_95640771,item_not_as_described,1248.46,2026-07-04,False,True,False,False,,,False,False,True,False,False,False
D002240,pay_05323616,unauthorized_transaction,1344.26,2026-01-23,False,True,False,False,False,True,False,False,,True,True,True
D005847,pay_97974736,duplicate_charge,7940.52,2026-09-23,False,False,True,False,True,False,False,False,False,False,True,False
D001940,pay_20918003,unauthorized_transaction,3077.94,2026-03-02,,True,True,False,False,False,False,False,False,False,True,True
D002631,pay_29890062,item_not_received,2152.3,2026-08-28,True,,True,True,True,True,False,False,True,False,True,False
D004834,pay_75652367,item_not_received,3931.37,2026-08-10,True,,False,True,False,False,False,False,True,False,,True
D003902,pay_68548050,duplicate_charge,4424.04,2026-04-12,False,False,True,,False,True,False,False,False,True,False,False
D001871,pay_36024638,item_not_as_described,6019.69,2026-07-11,False,False,True,False,True,True,False,False,True,True,False,True
D001426,pay_84006924,unauthorized_transaction,5443.53,2026-05-17,True,True,True,True,True,,False,False,True,False,True,True
D002905,pay_58256163,duplicate_charge,6229.06,2026-01-08,False,True,True,False,False,False,False,True,True,True,True,True
D003735,pay_10113088,item_not_received,5607.09,2026-09-24,True,False,True,True,False,False,False,False,False,True,False,True
D001076,pay_23260029,item_not_as_described,4204.47,2026-03-02,False,False,False,True,False,,False,True,False,False,True,False
D004451,pay_83621217,duplicate_charge,7564.27,2026-01-10,False,False,,False,True,,True,True,False,True,False,True
D003412,pay_68944368,item_not_as_described,2164.9,2026-02-12,True,False,True,True,,False,True,False,,False,,False
D002773,pay_88871878,unauthorized_transaction,7705.91,2026-02-21,,True,False,False,True,False,False,,True,False,,False
D002857,pay_77247410,duplicate_charge,1625.28,2026-04-13,,False,True,False,False,,False,True,False,True,False,False
D001212,pay_77464714,item_not_received,1829.47,2026-09-04,False,False,True,True,True,False,True,False,False,True,True,True
D002775,pay_55430049,item_not_as_described,6446.98,2026-05-05,False,True,True,False,True,True,True,False,True,True,True,True
D001306,pay_03012782,item_not_as_described,1430.54,2026-01-19,False,True,True,False,True,False,,False,,True,,True
D002570,pay_54956627,item_not_as_described,6903.88,2026-06-15,True,False,False,False,True,True,True,False,True,False,True,True
D001572,pay_35806531,item_not_received,6787.61,2026-09-15,False,,,False,False,,False,,,False,True,False
D001685,pay_46452751,item_not_as_described,6618.05,2026-04-22,,False,True,True,True,False,False,True,False,False,,False
D003451,pay_69073519,duplicate_charge,2778.16,2026-08-01,False,True,True,True,True,False,False,,False,,True,False
D001512,pay_61238643,unauthorized_transaction,5863.82,2026-08-21,,False,False,True,True,,,True,False,True,False,True
D005097,pay_76939353,unauthorized_transaction,1216.86,2026-10-04,False,True,False,False,False,True,,True,,True,True,False
D002485,pay_80229496,unauthorized_transaction,5751.67,2026-05-06,True,False,True,,False,False,True,False,True,False,True,True
D001475,pay_31178676,item_not_as_described,4549.69,2026-06-06,False,False,True,False,,True,False,,False,True,False,True
D003270,pay_81054800,unauthorized_transaction,7598.61,2026-08-30,True,True,True,True,False,False,True,,False,True,True,True
D005659,pay_22430151,unauthorized_transaction,3622.57,2026-04-09,True,False,False,True,False,False,,True,,False,True,False
D003246,pay_45758632,item_not_received,7473.92,2026-08-11,True,True,True,,False,True,True,,True,True,,False
D004172,pay_47320176,item_not_as_described,5857.95,2026-03-21,False,True,True,True,True,,False,False,False,False,False,True
D005896,pay_31007724,item_not_as_described,6468.93,2026-08-16,False,False,False,False,True,True,False,False,True,True,False,True
D005782,pay_86697322,item_not_received,5992.16,2026-06-29,False,False,True,False,False,True,,,True,True,,True
D002896,pay_22964998,duplicate_charge,4546.27,2026-05-19,False,True,,False,True,False,True,False,True,True,False,False
D002789,pay_58607520,unauthorized_transaction,7920.19,2026-01-08,,False,True,False,False,,True,,False,True,False,True
D002584,pay_68401166,duplicate_charge,2899.08,2026-07-12,False,True,False,False,True,False,False,,True,True,False,True
D000113,pay_21393688,item_not_as_described,1320.34,2026-02-01,True,,False,,False,False,False,True,False,True,False,False
D003808,pay_08116867,item_not_as_described,4458.46,2026-01-24,True,True,True,False,False,True,False,True,False,,True,False
D001638,pay_55019151,unauthorized_transaction,2012.78,2026-10-21,,True,True,False,False,False,True,,,False,,False
D000094,pay_95746990,item_not_received,450.38,2026-07-16,False,False,False,False,,False,False,False,True,False,True,True
D003372,pay_40337810,item_not_received,5927.69,2026-03-18,True,False,True,,True,False,True,,True,False,True,False
D000416,pay_05429877,duplicate_charge,7970.39,2026-06-23,False,True,True,False,False,False,True,False,True,True,False,True
D003997,pay_60230205,item_not_received,5332.71,2026-03-04,True,,True,,,True,,False,True,True,True,False
D001968,pay_50023458,item_not_as_described,6990.77,2026-10-24,True,,True,True,True,True,True,,,True,True,False
D005713,pay_35628530,item_not_received,6479.77,2026-02-26,True,True,False,,False,False,True,False,False,,False,False
D003518,pay_48874505,item_not_received,3674.71,2026-03-09,True,True,False,False,True,False,True,False,False,False,True,True
D002662,pay_00979352,unauthorized_transaction,5545.52,2026-04-14,False,False,False,,True,True,True,,False,,False,True
D004747,pay_83173393,duplicate_charge,7377.64,2026-03-21,True,False,False,True,True,,True,False,False,False,True,False
D002741,pay_21350188,duplicate_charge,7704.91,2026-03-13,False,True,False,True,,False,False,False,True,True,False,False
D002352,pay_60712260,item_not_as_described,4770.25,2026-09-24,False,True,True,False,True,,True,False,True,True,False,True
D005042,pay_59121062,unauthorized_transaction,6003.22,2026-05-31,True,True,True,False,False,True,True,False,False,,,True
D003476,pay_11803792,item_not_as_described,6535.53,2026-05-28,False,,False,True,False,True,True,False,True,,False,True
D004270,pay_63083884,item_not_as_described,1262.27,2026-08-25,,True,True,True,,True,True,False,False,True,True,False
D005536,pay_25156686,duplicate_charge,7082.72,2026-10-20,True,False,True,False,False,False,False,True,True,True,False,True
D005736,pay_13303444,duplicate_charge,1821.56,2026-02-13,True,,True,False,True,,False,False,,True,,False
D003243,pay_75386357,unauthorized_transaction,6089.98,2026-09-24,True,,True,True,False,False,True,True,True,False,,True
D000247,pay_83366096,duplicate_charge,616.8,2026-09-21,False,True,True,False,True,True,True,True,,False,False,True
D000193,pay_75864089,item_not_received,7954.31,2026-03-18,True,True,,True,,True,False,False,False,False,False,False
D005683,pay_66271218,item_not_as_described,1396.96,2026-01-14,False,,True,,True,,True,True,False,False,False,True
D004866,pay_82754842,item_not_received,4268.74,2026-10-14,True,True,True,False,True,False,False,False,False,True,False,True
D005500,pay_18873602,item_not_as_described,1600.03,2026-08-09,True,True,True,False,True,True,True,True,False,,,True
D003709,pay_72518765,item_not_received,2170.23,2026-10-03,True,True,False,,,False,True,False,True,False,False,True
D001514,pay_47037608,duplicate_charge,3129.95,2026-07-24,False,False,True,False,True,False,True,True,True,False,True,True
D001379,pay_08211628,duplicate_charge,2257.15,2026-01-10,True,False,True,False,False,True,True,True,False,False,False,True
D002625,pay_41456068,unauthorized_transaction,3040.46,2026-08-28,False,True,True,True,True,True,True,True,True,False,False,True
D001836,pay_65259607,item_not_as_described,908.13,2026-03-31,False,,,True,,False,False,True,True,False,False,False
D002203,pay_39851000,item_not_received,4003.49,2026-02-14,False,False,False,True,False,False,False,True,True,,False,False
D004363,pay_94617205,unauthorized_transaction,1860.32,2026-05-31,True,False,True,False,True,True,,True,,False,True,True
D003759,pay_22628292,item_not_received,3669.1,2026-07-02,False,False,False,True,False,True,True,False,True,True,,False
D003661,pay_18265282,unauthorized_transaction,6330.77,2026-01-07,True,False,True,True,True,False,True,False,False,False,,False
D005106,pay_63552015,item_not_received,7773.37,2026-03-19,False,False,True,False,False,False,,False,False,,True,True
D003580,pay_90404496,item_not_as_described,1202.54,2026-03-15,True,False,False,True,True,True,True,,True,False,True,False
D002346,pay_41431032,item_not_received,2461.26,2026-07-26,False,,,,True,True,False,True,,True,True,True
D001292,pay_12426963,duplicate_charge,4249.19,2026-07-04,True,True,True,,,False,True,False,True,,False,True
D000143,pay_25309568,duplicate_charge,355.58,2026-07-12,False,False,True,False,False,True,False,True,False,True,True,False
D002589,pay_00163839,item_not_as_described,5662.93,2026-05-23,True,True,False,False,True,False,True,False,,True,True,False
D000930,pay_10993558,unauthorized_transaction,5056.86,2026-01-18,False,False,,,True,True,True,,False,True,False,False
D002268,pay_63413999,item_not_received,6414.87,2026-06-10,True,True,True,True,True,False,True,True,False,,False,True
D002305,pay_26456051,item_not_received,5531.15,2026-05-08,True,True,False,True,False,True,False,True,False,False,False,False
D000070,pay_32642810,item_not_as_described,3426.41,2026-10-18,False,False,,,False,True,True,,True,False,True,True
D000362,pay_12462163,item_not_as_described,1926.49,2026-08-12,True,True,False,False,,False,True,True,False,False,True,True
D000801,pay_75246298,item_not_received,3639.5,2026-05-19,True,True,False,True,,False,True,,,True,False,False
D000516,pay_74935401,item_not_as_described,2816.95,2026-10-25,False,True,False,False,True,False,,True,False,,True,False
D003327,pay_81136862,duplicate_charge,448.05,2026-07-09,,True,True,False,False,False,True,,False,,False,False
D005100,pay_80527584,item_not_as_described,4153.67,2026-10-08,True,,False,True,False,True,,False,,True,True,True
D005975,pay_26317286,item_not_as_described,5089.88,2026-10-01,,False,True,False,True,False,False,False,True,False,True,False
D004269,pay_43250273,item_not_as_described,6144.5,2026-05-26,False,True,True,False,False,True,True,,True,False,False,True
D001559,pay_73502838,item_not_as_described,1996.14,2026-09-12,False,True,True,False,True,True,True,False,False,,True,False
D002149,pay_74830557,item_not_received,431.25,2026-06-03,,False,True,False,True,True,False,False,True,True,True,True
D005090,pay_45417029,item_not_received,5564.62,2026-02-10,True,,True,False,True,,False,True,False,,False,True
D000698,pay_14957006,item_not_received,2155.46,2026-03-04,False,True,False,False,False,False,,False,False,True,True,False
D002330,pay_21563112,item_not_as_described,936.21,2026-08-26,True,False,True,True,False,True,True,False,True,True,False,True
D001718,pay_45597188,item_not_received,4398.1,2026-06-15,False,False,True,,False,False,True,False,False,True,True,True
D003645,pay_36794189,duplicate_charge,3222.41,2026-07-02,False,True,,True,,True,False,True,False,False,,True
D002177,pay_03085040,duplicate_charge,2858.66,2026-01-03,True,False,True,True,False,,True,,False,False,False,True
D004705,pay_13255010,unauthorized_transaction,4801.0,2026-09-30,False,True,,True,True,False,,False,False,True,True,True
D000397,pay_35348929,item_not_as_described,5779.82,2026-07-28,,True,False,True,True,True,False,True,True,True,,True
D003571,pay_08955035,duplicate_charge,7513.14,2026-08-25,True,True,False,False,False,True,,False,,True,True,False
D001163,pay_82264212,item_not_as_described,796.07,2026-10-05,False,True,True,True,False,False,True,False,True,True,True,True
D001154,pay_85392984,item_not_received,2086.22,2026-10-22,True,False,False,,True,True,True,False,True,True,True,True
D001784,pay_60086907,item_not_as_described,5376.64,2026-08-05,True,True,True,False,True,False,True,False,True,True,True,False
D002489,pay_63787897,item_not_received,7652.57,2026-04-06,True,False,True,False,True,True,True,True,False,True,False,True
D004446,pay_79097709,duplicate_charge,4623.89,2026-09-22,True,False,False,False,False,,True,False,False,,True,True
D005872,pay_74413627,item_not_received,5593.29,2026-02-25,True,True,True,True,True,True,,False,False,,True,True
D005363,pay_46274442,item_not_received,4961.17,2026-04-30,False,,False,False,False,False,False,False,,True,False,False
D002453,pay_34316241,duplicate_charge,1435.76,2026-08-22,True,,,False,False,False,,False,False,True,True,False
D004510,pay_86696921,unauthorized_transaction,871.79,2026-05-26,False,False,,False,False,False,True,True,False,True,,False
D002900,pay_60857964,item_not_received,1586.17,2026-10-20,True,True,True,False,False,,False,True,True,False,False,True
D000580,pay_84841711,item_not_as_described,7713.14,2026-10-15,True,False,,True,True,,False,,,False,False,False
D001733,pay_83675389,item_not_as_described,4516.51,2026-07-25,False,False,False,,,True,True,True,,True,,True
D002253,pay_96323615,unauthorized_transaction,2667.09,2026-06-14,True,True,False,False,True,False,False,False,False,True,,False
D002864,pay_55884489,unauthorized_transaction,2815.18,2026-08-14,,False,True,False,True,True,True,False,False,False,True,True
D002055,pay_68714016,item_not_as_described,7960.74,2026-10-03,True,True,True,True,,False,False,True,True,True,True,False
D001704,pay_46333485,duplicate_charge,5370.09,2026-03-14,False,True,True,False,True,True,,False,True,False,True,True
D005125,pay_96439019,unauthorized_transaction,6074.66,2026-05-15,True,False,,True,False,True,False,False,False,False,,False
D002136,pay_92520022,unauthorized_transaction,4048.26,2026-02-09,True,True,False,False,True,True,False,,False,True,True,True
D002648,pay_24361161,duplicate_charge,1576.64,2026-06-28,True,False,False,False,True,True,False,True,True,True,True,False
D004009,pay_35561425,duplicate_charge,3308.09,2026-03-22,True,True,False,False,True,True,False,,False,,,True
D004257,pay_98565953,item_not_received,7935.35,2026-04-06,True,True,True,False,True,False,,False,True,True,True,True
D005434,pay_68577757,item_not_as_described,5707.7,2026-04-01,True,True,True,,False,True,False,,,,False,False
D002658,pay_06725457,duplicate_charge,7388.29,2026-05-19,False,False,False,False,False,False,True,False,True,True,False,False
D000641,pay_46230062,item_not_as_described,1530.22,2026-04-25,,False,False,True,True,False,False,False,True,False,False,True
D005750,pay_80509901,item_not_as_described,2300.95,2026-08-30,True,True,True,True,True,False,True,True,False,False,,True
D002810,pay_59569391,unauthorized_transaction,6570.91,2026-09-16,False,False,False,True,False,True,False,True,True,True,True,True
D000025,pay_55766169,duplicate_charge,4218.31,2026-05-21,True,False,True,False,True,False,True,True,False,True,True,True
D000588,pay_29716697,duplicate_charge,2315.28,2026-05-31,False,False,True,True,True,False,False,True,True,True,True,True
D003285,pay_93255560,unauthorized_transaction,487.4,2026-08-21,True,,,True,False,True,False,True,False,True,True,True
D004300,pay_83886294,duplicate_charge,2272.57,2026-07-23,True,False,True,False,True,True,False,True,True,False,True,True
D001180,pay_81506018,duplicate_charge,6271.36,2026-08-17,False,True,,False,True,True,True,True,True,,False,False
D004671,pay_50502903,item_not_as_described,2807.79,2026-07-28,False,,True,False,False,True,,False,True,False,False,False
D005439,pay_02235279,item_not_received,580.16,2026-07-02,False,True,False,False,True,,False,,True,,False,False
D000822,pay_60195738,duplicate_charge,6785.03,2026-01-26,,True,True,False,True,True,False,True,False,True,True,True
D002623,pay_48921866,duplicate_charge,6150.58,2026-07-30,,True,True,False,True,,True,True,False,False,,True
D000510,pay_17300241,item_not_as_described,2517.85,2026-09-16,False,False,False,False,False,,False,False,False,True,False,False
D002929,pay_89151448,item_not_as_described,6054.14,2026-06-01,True,True,,True,True,,False,True,True,True,True,True
D001139,pay_80412028,unauthorized_transaction,3918.43,2026-09-08,False,False,True,False,,True,True,False,True,True,False,True
D000078,pay_25093324,item_not_received,1083.49,2026-10-03,False,False,False,True,False,True,False,True,True,False,,True
D000077,pay_40300763,duplicate_charge,3783.84,2026-02-05,True,False,True,True,True,True,,False,True,False,True,True
D005850,pay_86848783,item_not_as_described,5050.75,2026-05-06,False,False,True,False,True,False,False,True,False,,True,False
D002161,pay_92508288,item_not_as_described,7760.38,2026-04-10,False,True,False,True,True,True,True,False,True,False,True,True
D003283,pay_14091559,item_not_as_described,6930.29,2026-08-12,False,,False,True,False,False,True,False,True,True,False,True
D000574,pay_77271371,unauthorized_transaction,6356.26,2026-07-11,False,False,True,,True,True,True,False,False,False,,False
D004383,pay_20399922,unauthorized_transaction,4797.59,2026-04-09,False,False,False,True,False,True,,,True,False,True,True
D000737,pay_89020563,unauthorized_transaction,5343.62,2026-02-19,True,True,False,True,False,,,True,True,True,True,True
D003673,pay_87044266,unauthorized_transaction,2861.83,2026-05-09,,,False,True,False,True,,,False,False,False,True
D000973,pay_82357224,unauthorized_transaction,592.72,2026-08-23,,False,True,True,False,True,False,False,True,True,True,False
D001161,pay_01014183,item_not_received,1781.31,2026-10-07,False,True,True,False,False,True,,False,True,False,,True
D002316,pay_47350872,unauthorized_transaction,2099.04,2026-04-01,True,,True,,,True,True,False,True,True,True,False
D001078,pay_93846632,unauthorized_transaction,5112.12,2026-06-13,True,False,False,,False,False,True,False,True,False,False,True
D003049,pay_74150789,item_not_received,2174.2,2026-03-11,True,False,False,False,True,True,False,True,True,,False,False
D004641,pay_31253465,item_not_received,4311.17,2026-03-30,False,True,True,True,False,True,False,False,False,True,True,True
D001603,pay_24054008,item_not_as_described,5606.03,2026-06-29,True,,False,True,True,,,True,True,True,True,True
D001320,pay_43215109,item_not_as_described,6739.98,2026-01-08,,,False,False,True,True,True,,True,False,False,True
D000655,pay_03666354,item_not_received,797.87,2026-02-23,,True,False,True,,False,True,True,True,False,,False
D004828,pay_96405336,item_not_as_described,3323.71,2026-10-28,False,False,,False,True,True,True,False,True,False,True,True
D004720,pay_81781719,item_not_received,3430.74,2026-08-07,True,True,True,False,True,False,,False,True,True,True,True
D000615,pay_31786590,unauthorized_transaction,823.52,2026-08-31,True,True,True,,False,True,True,False,True,True,False,True
D005437,pay_55754839,duplicate_charge,6211.76,2026-01-10,True,True,False,,True,False,,,False,False,True,True
D000040,pay_84743076,item_not_received,825.8,2026-08-16,False,True,False,True,False,False,False,False,True,True,False,True
D002232,pay_41234260,unauthorized_transaction,2897.31,2026-08-16,False,True,False,False,False,True,,True,True,,False,True
D000524,pay_26237653,unauthorized_transaction,768.18,2026-02-14,,False,False,True,True,True,,True,,False,True,True
D004121,pay_24334332,unauthorized_transaction,3182.97,2026-01-04,False,False,False,False,,True,True,False,True,True,False,False
D000752,pay_46577480,item_not_as_described,1189.05,2026-05-08,True,,,True,True,True,False,,True,False,,True
D002186,pay_90527640,item_not_received,4369.49,2026-05-09,True,True,True,,True,True,False,True,True,True,False,True
D000449,pay_30747760,duplicate_charge,2444.55,2026-04-07,True,True,True,False,False,False,,False,,False,True,True
D000903,pay_60963566,item_not_received,1448.72,2026-07-26,False,True,False,True,True,False,True,,False,False,False,False
D002895,pay_03170946,unauthorized_transaction,3129.78,2026-05-19,False,True,True,True,False,True,False,,True,True,True,True
D003309,pay_55945301,duplicate_charge,1467.97,2026-06-05,False,True,False,True,False,True,,True,False,True,False,False
D000209,pay_44196006,item_not_as_described,6253.57,2026-06-11,False,True,True,True,False,False,False,,False,False,True,True
D001615,pay_66362606,item_not_received,3089.61,2026-02-28,True,True,True,False,False,True,False,False,,True,False,True
D003394,pay_63205762,item_not_as_described,6519.22,2026-08-21,,True,False,False,True,True,,,False,True,False,False
D005386,pay_49674862,item_not_received,6624.8,2026-01-08,,False,False,True,True,False,False,True,False,True,True,False
D000310,pay_42652151,unauthorized_transaction,5276.28,2026-08-12,False,True,True,True,True,True,True,True,False,False,False,True
D001349,pay_45481326,duplicate_charge,6531.77,2026-01-23,True,False,False,True,True,False,True,,False,False,True,True
D000202,pay_47794571,item_not_received,4871.1,2026-07-25,False,True,False,,True,False,False,True,True,False,False,False
D003155,pay_78344227,duplicate_charge,2813.1,2026-07-05,True,False,False,True,True,False,True,False,False,False,False,True
D005533,pay_24069182,duplicate_charge,5594.83,2026-01-24,False,False,,False,True,False,True,,False,True,False,False
D001084,pay_07328474,item_not_as_described,5078.58,2026-02-15,True,True,False,True,False,False,True,False,True,False,False,False
D004936,pay_96997397,unauthorized_transaction,3579.07,2026-07-25,False,,False,True,True,False,False,False,True,True,True,True
D001031,pay_16576253,item_not_received,3989.34,2026-07-08,True,True,True,False,False,,True,True,False,False,True,True
D000894,pay_53227723,item_not_as_described,650.14,2026-09-09,True,False,,False,True,False,True,True,True,True,True,False
D003118,pay_61410263,item_not_as_described,5169.95,2026-07-22,False,,False,False,False,True,,True,,,False,True
D002639,pay_34025448,unauthorized_transaction,7398.98,2026-03-14,True,,True,,True,True,True,True,False,False,True,True
D002887,pay_85601106,unauthorized_transaction,676.15,2026-06-05,False,False,False,False,True,False,False,True,False,True,False,False
D000638,pay_97543497,duplicate_charge,4395.88,2026-10-24,False,,True,False,,,False,True,,True,False,True
D001774,pay_98936564,item_not_received,6268.56,2026-02-11,True,True,False,True,True,,False,False,,False,False,False
D002252,pay_61991269,duplicate_charge,3626.03,2026-08-27,False,False,True,True,True,False,True,,True,,True,False
D002547,pay_42996177,item_not_received,1582.02,2026-01-20,True,True,True,False,True,True,False,False,False,True,False,True
D005180,pay_18263222,unauthorized_transaction,2734.09,2026-01-12,True,True,False,True,,False,False,True,,,True,True
D000955,pay_92059502,duplicate_charge,7332.67,2026-03-15,False,True,True,False,False,False,False,False,,False,False,True
D001533,pay_03277473,item_not_received,6268.85,2026-01-18,False,,True,False,True,True,False,True,,True,,False
D004952,pay_01242185,item_not_as_described,1001.12,2026-09-02,True,,,,True,,True,False,False,False,True,True
D004495,pay_33041547,unauthorized_transaction,4152.46,2026-05-14,True,False,True,False,False,False,False,False,False,True,True,True
D004788,pay_06135662,item_not_received,5604.75,2026-10-10,True,True,False,True,False,False,False,False,,False,True,False
D002593,pay_30253801,unauthorized_transaction,3654.44,2026-06-08,,False,False,,,False,True,True,True,True,,True
D001847,pay_28339064,unauthorized_transaction,1504.17,2026-05-15,True,False,False,False,True,True,False,False,False,True,True,True
D005016,pay_74987418,item_not_received,4399.63,2026-01-08,,,True,,False,False,False,False,True,,True,True
D004674,pay_92594117,item_not_received,2182.7,2026-03-20,False,False,True,False,,False,True,True,False,True,True,True
D001469,pay_16450049,duplicate_charge,7823.87,2026-01-13,True,False,True,False,False,,True,False,False,,True,True
D000387,pay_59111612,item_not_as_described,3496.09,2026-10-03,,True,True,,,,True,False,True,,False,False
D005140,pay_29081570,item_not_as_described,2555.28,2026-09-24,False,True,,True,True,False,False,False,False,False,False,True
D000237,pay_90289125,unauthorized_transaction,3969.27,2026-01-06,True,True,True,True,False,True,True,False,True,True,,True
D000114,pay_58095862,item_not_received,5694.47,2026-02-19,False,True,False,False,True,True,True,True,False,True,True,True
D003689,pay_23464195,unauthorized_transaction,7534.5,2026-04-18,True,False,,True,False,True,True,True,True,True,False,True
D005798,pay_04661539,item_not_received,7314.79,2026-09-21,True,,,True,False,False,False,True,False,True,,False
D003527,pay_06164615,duplicate_charge,5159.08,2026-09-09,False,False,True,True,True,,True,True,True,True,False,True
D003478,pay_94004463,unauthorized_transaction,5419.98,2026-01-13,True,False,,False,False,True,False,False,,True,True,True
D004371,pay_30817419,item_not_as_described,7922.84,2026-05-21,True,False,True,True,True,False,False,False,False,False,True,False
D004490,pay_22026105,unauthorized_transaction,4108.01,2026-06-22,True,False,True,False,False,,True,,False,,,True
D004617,pay_13090948,item_not_received,1601.67,2026-04-20,False,False,False,False,True,True,False,False,False,,False,True
D001070,pay_85909776,item_not_as_described,4857.42,2026-01-15,False,True,False,True,True,True,False,True,False,True,,True
D005663,pay_42374079,item_not_as_described,4033.05,2026-06-04,False,,False,False,False,False,True,False,,,True,True
D001004,pay_21237474,item_not_received,4670.63,2026-08-14,False,False,False,True,False,False,,,False,True,True,True
D005232,pay_56128461,duplicate_charge,3428.99,2026-08-11,False,True,True,False,False,False,True,False,True,False,True,False
D001000,pay_58115874,item_not_as_described,4310.58,2026-06-09,True,False,False,True,False,True,True,True,True,True,,True
D004693,pay_67245474,duplicate_charge,5425.28,2026-09-29,False,False,False,True,True,,False,True,True,True,True,True
D001932,pay_43121109,duplicate_charge,6111.27,2026-04-10,False,True,True,,,False,,True,True,True,False,True
D002201,pay_97143188,item_not_received,7250.27,2026-03-01,False,True,True,False,False,False,False,False,False,True,True,True
D000491,pay_89537557,unauthorized_transaction,2597.99,2026-09-03,False,True,False,True,False,True,False,,True,True,True,False
D003168,pay_85961464,duplicate_charge,2607.73,2026-01-24,False,False,False,False,False,False,True,True,True,False,,True
D000966,pay_96492407,duplicate_charge,4466.8,2026-07-05,False,,False,False,True,False,,False,False,False,,False
D004289,pay_86992484,item_not_received,2528.56,2026-08-17,False,,False,True,True,False,False,False,False,True,False,False
D001504,pay_02648580,unauthorized_transaction,4033.62,2026-08-28,True,True,True,True,,True,True,False,,True,True,True
D001171,pay_64670302,duplicate_charge,6141.86,2026-04-30,False,True,False,,,False,,True,False,True,False,False
D005981,pay_26650496,unauthorized_transaction,3918.69,2026-07-01,True,True,True,False,False,True,True,True,False,False,True,True
D003613,pay_19229592,item_not_received,6341.67,2026-01-16,False,,,False,True,True,False,False,False,True,True,True
D002425,pay_32119507,unauthorized_transaction,2959.62,2026-02-18,False,False,False,False,False,,False,False,False,False,,True
D001579,pay_96812960,duplicate_charge,965.2,2026-07-15,True,False,False,True,True,True,False,,True,False,False,True
D005849,pay_68291728,item_not_as_described,3788.58,2026-10-28,False,True,True,True,,False,True,False,,False,False,False
D005316,pay_28498917,duplicate_charge,1837.42,2026-10-14,False,False,,False,True,,True,True,False,False,False,True
D005197,pay_19557618,item_not_as_described,3287.25,2026-06-30,False,True,False,True,True,True,,True,True,False,False,True
D005568,pay_34295410,duplicate_charge,7327.99,2026-04-11,False,True,False,True,,False,True,False,False,True,True,False
D000662,pay_40059312,duplicate_charge,2980.07,2026-01-26,True,False,False,True,False,True,True,True,True,True,True,False
D002378,pay_43050164,item_not_received,661.66,2026-02-23,False,,True,False,True,True,True,False,False,True,True,True
D002213,pay_74675496,item_not_as_described,5384.13,2026-09-04,False,,True,False,False,True,,True,True,,True,True
D003577,pay_62166178,unauthorized_transaction,4103.48,2026-03-17,False,False,True,False,True,False,True,True,True,True,True,False
D004676,pay_59068103,duplicate_charge,2357.4,2026-01-27,False,True,False,False,False,False,True,,,False,True,False
D000092,pay_53183031,duplicate_charge,2211.28,2026-07-03,True,True,False,True,False,False,True,True,False,True,,False
D000736,pay_22575378,unauthorized_transaction,5499.66,2026-03-13,True,,True,True,True,False,,True,False,False,True,True
D000917,pay_18178143,unauthorized_transaction,1611.74,2026-08-08,,False,True,True,False,False,True,False,False,,True,False
D004393,pay_14863713,item_not_received,410.15,2026-10-26,False,True,True,False,True,False,False,True,,True,True,True
D005873,pay_38251648,unauthorized_transaction,7662.04,2026-07-19,True,True,False,True,False,True,,False,False,False,True,False
D000217,pay_90853123,item_not_received,2195.41,2026-09-14,,False,True,,,True,True,False,False,,True,True
D000533,pay_57031050,unauthorized_transaction,4934.96,2026-02-05,True,True,True,,False,False,True,,True,True,False,True
D003572,pay_40580827,duplicate_charge,1860.81,2026-04-30,True,False,False,True,,False,False,True,False,True,True,False
D005052,pay_91075146,item_not_as_described,2362.59,2026-02-04,False,False,False,True,False,False,True,False,True,False,True,False
D005324,pay_15787165,duplicate_charge,3011.53,2026-09-15,True,,True,,True,True,True,True,False,,True,True
D004290,pay_42377022,item_not_received,7060.44,2026-04-28,False,True,False,False,False,True,False,,False,False,False,False
D001962,pay_09105029,item_not_as_described,419.86,2026-03-19,True,True,True,False,,True,True,,True,False,,True
D003912,pay_72980868,item_not_received,3317.88,2026-10-13,False,False,False,True,False,False,,False,True,True,True,True
D001003,pay_61776297,item_not_as_described,6285.5,2026-05-10,False,True,,True,True,True,True,False,,False,True,True
D000627,pay_76459518,unauthorized_transaction,5652.83,2026-01-03,True,True,True,True,False,True,True,True,,True,True,True
D005671,pay_01946972,unauthorized_transaction,5537.68,2026-02-24,True,True,False,True,False,True,True,True,False,True,True,False
D001870,pay_80462115,unauthorized_transaction,7402.2,2026-03-04,False,True,True,True,,False,True,False,False,False,False,False
D000346,pay_53086639,unauthorized_transaction,1508.85,2026-10-03,False,False,True,False,True,True,,False,False,False,True,False
D001130,pay_46847338,duplicate_charge,2559.14,2026-09-15,,False,True,,False,,True,False,,True,False,False
D003222,pay_06683152,item_not_as_described,6762.72,2026-09-14,False,,False,False,False,False,False,False,True,False,True,True
D001364,pay_15542115,unauthorized_transaction,6175.99,2026-05-27,False,True,True,True,False,False,False,False,True,True,True,True
D000306,pay_34960996,item_not_received,6306.22,2026-07-14,False,True,,True,,False,True,,True,False,True,False
D002081,pay_39002072,item_not_as_described,2247.63,2026-07-22,False,,False,False,,False,False,True,False,True,True,False
D000531,pay_05908424,item_not_received,1166.2,2026-08-08,False,False,True,True,False,True,False,False,False,,False,True
D005094,pay_28533453,unauthorized_transaction,3891.21,2026-09-14,,,,False,False,False,False,False,False,False,True,False
D001792,pay_30991967,unauthorized_transaction,1709.71,2026-01-31,True,False,True,True,False,True,,,,True,False,True
D000858,pay_18870433,item_not_received,3391.77,2026-01-03,False,False,,False,True,False,,,True,True,True,True
D005370,pay_41419325,duplicate_charge,6399.39,2026-02-04,True,True,True,False,True,True,False,False,,True,False,False
D000885,pay_45315433,item_not_received,826.51,2026-10-16,False,False,True,False,False,True,False,True,True,False,True,True
D003941,pay_95468739,duplicate_charge,2104.0,2026-04-02,True,False,True,False,True,True,False,False,False,True,True,False
D003413,pay_41908979,unauthorized_transaction,4575.64,2026-01-16,True,False,False,,False,,,False,False,False,True,False
D001886,pay_12625132,item_not_received,4930.73,2026-09-23,True,True,True,True,False,,,False,False,,True,True
D004547,pay_00497031,duplicate_charge,6482.82,2026-05-03,False,False,False,,False,True,False,,False,True,True,True
D003085,pay_85100052,duplicate_charge,6367.82,2026-04-07,False,,True,False,True,False,False,True,False,True,,True
D005039,pay_55710306,unauthorized_transaction,1576.1,2026-10-04,True,,False,True,False,,False,False,True,True,True,False
D005461,pay_85435325,item_not_as_described,3327.05,2026-10-04,False,True,True,False,True,True,True,,,False,True,False
D000683,pay_55333444,item_not_received,7514.25,2026-03-22,False,True,True,False,False,True,False,False,True,True,False,True
D000371,pay_51716183,duplicate_charge,6976.38,2026-08-30,True,False,True,True,True,False,,True,True,,True,False
D001788,pay_93142096,duplicate_charge,3523.79,2026-09-24,True,True,False,True,False,True,False,True,False,True,True,False
D004915,pay_36152504,item_not_received,3785.33,2026-05-08,True,False,True,True,True,,True,True,False,True,True,True
D000479,pay_95623282,unauthorized_transaction,3990.78,2026-10-26,False,False,False,True,,True,False,,False,True,,True
D001184,pay_91543649,unauthorized_transaction,7854.34,2026-01-24,True,True,,True,True,,False,True,,True,False,True
D004073,pay_52160099,unauthorized_transaction,884.69,2026-01-22,False,False,False,True,False,,True,,,True,False,True
D001454,pay_10115832,item_not_received,2546.58,2026-04-22,True,True,True,True,False,False,True,False,True,,True,True
D000285,pay_22215479,item_not_as_described,7000.97,2026-02-09,False,False,False,False,False,True,False,,True,False,True,True
D002493,pay_48655606,item_not_received,4616.62,2026-06-24,False,True,True,False,,False,True,,True,False,False,False
D001957,pay_76051620,item_not_received,1802.83,2026-01-05,True,True,True,False,False,False,False,False,True,True,True,True
D004265,pay_86980408,item_not_received,7631.97,2026-02-05,False,True,,True,True,,,True,True,,True,True
D000658,pay_98884291,item_not_received,3468.5,2026-01-31,False,False,True,,False,False,True,,False,False,False,False
D003332,pay_84149821,item_not_received,1750.3,2026-10-05,True,False,True,True,,False,False,True,True,True,True,True
D003916,pay_85224117,item_not_as_described,7674.27,2026-08-28,True,True,False,False,True,,,False,True,False,,True
D000499,pay_06413678,duplicate_charge,6957.1,2026-06-16,True,False,True,,True,,True,True,True,True,True,True
D003263,pay_00785360,unauthorized_transaction,4547.47,2026-06-26,,False,True,False,False,False,False,False,False,True,False,False
D001583,pay_32986839,item_not_as_described,6120.07,2026-04-15,,False,False,,True,False,False,False,False,True,False,False
D000117,pay_68227286,item_not_received,6758.88,2026-09-06,True,,True,True,False,True,False,False,True,False,False,True
D001420,pay_73091377,item_not_as_described,4353.48,2026-03-30,True,,True,False,,False,True,True,,,,False
D003797,pay_72637162,item_not_as_described,4801.61,2026-01-11,False,True,False,True,False,,False,True,True,False,True,True
D004208,pay_88001544,unauthorized_transaction,6767.88,2026-06-01,False,True,False,True,True,,,False,False,False,True,True
D005895,pay_32066214,duplicate_charge,2242.09,2026-05-24,True,True,False,False,True,True,,False,False,False,True,False
D002482,pay_66918928,unauthorized_transaction,1450.59,2026-02-01,True,True,True,False,False,True,True,True,,False,True,True
D005797,pay_08540532,unauthorized_transaction,2790.08,2026-07-17,False,True,,,False,False,False,True,,True,True,True
D001786,pay_04020263,unauthorized_transaction,1983.68,2026-08-25,False,True,True,False,True,True,True,False,False,False,False,True
D001105,pay_65051695,duplicate_charge,5237.04,2026-04-29,True,False,True,False,True,,True,,True,False,False,True
D001553,pay_20637712,duplicate_charge,4368.12,2026-07-15,False,,True,True,False,False,True,False,True,,True,False
D003121,pay_77820926,duplicate_charge,847.71,2026-10-06,True,True,False,False,True,True,False,True,False,False,False,False
D005934,pay_46078181,item_not_received,2397.58,2026-09-12,True,False,True,True,False,False,True,True,False,False,False,True
D004740,pay_55719357,item_not_received,6265.48,2026-05-06,False,False,True,True,False,True,,False,False,True,True,True
D003280,pay_24609077,item_not_received,3829.19,2026-02-04,True,True,True,False,True,True,True,False,False,,False,False
D003765,pay_06959923,item_not_received,1389.49,2026-06-23,,False,False,False,True,True,False,,True,True,,False
D002537,pay_45771649,item_not_received,4087.88,2026-08-22,True,False,True,False,True,True,,False,False,True,False,False
D001444,pay_21427735,duplicate_charge,903.85,2026-02-06,False,False,True,False,False,False,,True,False,True,True,False
D000052,pay_20695604,item_not_received,1598.5,2026-10-26,True,False,True,,True,True,False,False,False,,True,True
D004012,pay_11142182,duplicate_charge,3539.87,2026-03-05,True,True,False,False,,True,False,False,False,False,True,True
D002465,pay_37215274,item_not_as_described,5253.59,2026-04-20,False,True,True,False,,False,False,,False,,False,False
D004040,pay_04144068,item_not_as_described,6475.95,2026-07-04,False,False,False,True,False,True,True,False,False,True,False,True
D005466,pay_10224842,unauthorized_transaction,6166.63,2026-09-06,False,False,False,True,False,True,False,,False,False,True,True
D000717,pay_92784930,item_not_as_described,6102.03,2026-07-14,False,True,True,False,True,False,True,True,True,True,True,True
D001979,pay_93966818,item_not_as_described,6999.9,2026-05-16,,True,True,True,True,True,False,True,True,False,True,True
D005392,pay_25784863,item_not_as_described,2087.29,2026-06-19,False,,,True,False,True,True,True,True,,False,True
D004610,pay_17178673,unauthorized_transaction,6216.24,2026-03-02,True,False,False,True,True,True,False,True,True,True,,False
D005477,pay_44155544,item_not_received,6158.96,2026-04-07,False,,True,False,True,True,True,False,False,False,False,False
D004430,pay_02215382,unauthorized_transaction,1293.21,2026-07-03,,False,True,False,False,True,True,True,True,False,False,True
D004246,pay_73375103,item_not_as_described,1862.9,2026-03-25,,True,False,False,True,False,False,False,False,True,False,False
D000532,pay_68679294,duplicate_charge,497.28,2026-08-21,True,False,False,,False,False,True,False,True,True,True,False
D005219,pay_35920160,item_not_as_described,5520.0,2026-01-22,False,True,False,True,False,,False,,,True,False,True
D004961,pay_70782466,item_not_received,4620.75,2026-02-28,False,True,False,,,False,False,False,False,False,False,False
D005638,pay_72520903,duplicate_charge,7032.54,2026-08-18,True,True,False,True,True,True,True,True,True,True,True,True
D001570,pay_56899305,item_not_received,6700.46,2026-01-15,True,False,True,True,True,False,True,True,True,True,False,True
D000064,pay_00466177,duplicate_charge,5904.51,2026-04-26,False,True,True,False,False,False,False,True,False,True,False,True
D003932,pay_50838109,item_not_as_described,3225.51,2026-02-25,True,False,,False,True,False,True,False,True,False,True,True
D000096,pay_14887509,item_not_as_described,468.73,2026-03-15,False,True,False,False,False,True,True,,,False,False,True
D003303,pay_25006832,item_not_as_described,963.13,2026-07-23,False,True,False,False,False,True,True,,True,True,True,True
D000848,pay_65227723,item_not_received,6074.05,2026-06-27,False,True,False,True,False,,False,True,False,False,True,False
D002011,pay_45880555,item_not_as_described,6081.64,2026-06-06,False,,True,True,False,True,False,False,True,,False,False
D003980,pay_47326741,item_not_as_described,4354.07,2026-07-26,True,True,False,False,True,True,,True,False,True,,False
D004670,pay_12018549,unauthorized_transaction,7199.64,2026-03-24,False,,True,,True,True,True,True,False,,True,False
D001385,pay_50705939,unauthorized_transaction,7610.39,2026-10-10,True,True,False,False,True,,True,True,,False,False,True
D004190,pay_70777251,unauthorized_transaction,608.46,2026-08-31,True,False,False,True,False,True,,False,False,False,False,True
D001029,pay_31599206,duplicate_charge,3448.13,2026-02-22,True,True,True,,True,True,False,,False,False,False,True
D005491,pay_85448135,item_not_as_described,6833.22,2026-10-20,True,True,True,True,False,,True,False,True,True,True,True
D000944,pay_38040455,item_not_received,7729.29,2026-03-26,False,True,True,False,False,False,False,False,False,True,True,True
D004598,pay_91265394,item_not_received,4284.62,2026-06-10,True,False,True,False,True,True,False,False,False,False,False,True
D001981,pay_57472603,item_not_as_described,6764.93,2026-02-22,True,False,False,True,True,True,True,False,False,False,True,True
D003488,pay_79634794,unauthorized_transaction,1359.96,2026-01-07,False,True,True,True,True,False,,False,True,True,True,True
D001072,pay_93102065,unauthorized_transaction,2978.16,2026-01-30,False,False,False,True,False,,False,False,True,True,True,True
D005655,pay_72483719,item_not_received,7527.72,2026-05-13,,False,True,True,True,,False,False,False,True,False,False
D005666,pay_60385082,unauthorized_transaction,7065.48,2026-08-10,False,False,True,False,True,False,False,False,False,,False,False
D002416,pay_11789731,duplicate_charge,5834.0,2026-01-20,True,False,False,True,True,True,False,True,False,True,True,True
D000911,pay_49993132,item_not_received,6740.72,2026-06-20,True,,True,True,False,,True,,False,True,,True
D001608,pay_57447556,duplicate_charge,2521.72,2026-03-31,,False,True,True,,False,False,False,True,False,True,True
D000794,pay_52647572,unauthorized_transaction,1212.67,2026-08-16,True,True,True,False,,True,False,False,False,True,True,False
D002653,pay_76748104,item_not_received,910.59,2026-09-01,False,False,True,True,False,False,True,,False,,False,True
D004644,pay_87705132,duplicate_charge,5106.93,2026-04-01,,False,True,True,False,False,,,True,,False,True
D005027,pay_01510374,item_not_received,6943.91,2026-04-25,False,False,True,False,True,True,True,False,True,True,True,False
D005119,pay_81448985,unauthorized_transaction,1598.11,2026-10-19,True,True,True,,False,True,,True,True,False,True,True
D005404,pay_94016037,unauthorized_transaction,5557.64,2026-02-22,False,True,True,False,False,True,,,False,,True,False
D002080,pay_77544561,item_not_as_described,792.1,2026-08-02,False,,,True,False,False,True,,True,True,True,True
D005942,pay_99964913,duplicate_charge,6980.26,2026-02-20,False,True,False,True,True,False,False,,,True,True,False
D000896,pay_44853899,item_not_received,2561.68,2026-07-03,True,True,False,False,True,,,False,False,False,True,False
D005521,pay_36883307,item_not_received,5162.53,2026-03-31,True,,,True,False,False,True,False,,,False,False
D002064,pay_87450957,item_not_received,3477.65,2026-06-05,True,True,False,True,True,False,True,False,True,True,,False
D004045,pay_89881402,duplicate_charge,5616.23,2026-04-08,True,False,False,False,True,False,False,True,True,,True,False
D001264,pay_66740984,item_not_as_described,7458.53,2026-02-07,True,True,False,False,True,True,False,True,,True,True,False
D001134,pay_50157791,item_not_received,2081.83,2026-09-17,True,True,,True,True,False,,True,,False,True,True
D004373,pay_47220816,item_not_as_described,2651.68,2026-05-29,,True,True,True,False,True,True,True,True,True,True,True
D003503,pay_94289915,item_not_received,6210.94,2026-03-06,False,,True,False,False,,True,False,False,True,False,True
D005958,pay_61137772,item_not_received,848.54,2026-09-26,False,True,False,True,,False,True,,False,True,False,False
D001678,pay_65826152,duplicate_charge,7641.93,2026-08-27,True,,False,False,True,True,False,False,False,False,False,True
D002248,pay_72475086,unauthorized_transaction,2725.61,2026-05-25,True,False,False,False,,False,False,True,False,,False,False
D004790,pay_69982589,item_not_as_described,6149.13,2026-04-21,True,True,,False,False,False,True,False,True,,False,True
D001632,pay_31224912,unauthorized_transaction,6953.67,2026-08-09,True,False,False,True,False,True,True,True,True,False,False,True
D003301,pay_08940494,unauthorized_transaction,4158.98,2026-06-28,False,False,,False,True,True,False,,,False,True,False
D002974,pay_79832295,duplicate_charge,941.64,2026-06-30,False,True,False,False,False,,True,True,False,,True,False
D003619,pay_30185400,duplicate_charge,6654.55,2026-09-23,True,False,False,False,False,False,True,False,True,False,True,True
D005692,pay_43685018,duplicate_charge,3675.17,2026-01-07,False,True,False,False,,True,False,,False,False,True,False
D003125,pay_52470704,item_not_as_described,1032.23,2026-05-28,False,False,True,,False,False,False,True,False,True,False,False
D001706,pay_74815065,unauthorized_transaction,3413.74,2026-06-28,True,True,True,,False,True,True,,,False,False,True
D001129,pay_74026266,item_not_as_described,1326.93,2026-07-03,True,True,False,True,True,False,True,True,,True,,True
D003949,pay_03124603,item_not_as_described,3174.86,2026-08-21,False,False,False,False,True,False,,False,,True,True,False
D003016,pay_56859699,item_not_received,4618.13,2026-09-19,True,,True,True,False,True,True,True,,False,True,True
D000909,pay_26506844,unauthorized_transaction,6608.42,2026-05-22,False,True,False,True,,,,True,False,False,,True
D003874,pay_36317744,unauthorized_transaction,2534.24,2026-08-01,,False,True,False,False,True,True,False,True,,False,False
D003295,pay_05526955,unauthorized_transaction,2124.35,2026-06-10,False,True,False,True,,True,False,True,False,False,True,True
D000907,pay_14848585,duplicate_charge,2018.42,2026-03-30,True,True,,True,True,,True,True,True,False,False,True
D001995,pay_84371680,duplicate_charge,6662.39,2026-09-28,True,True,True,False,False,False,False,False,True,False,False,False
D003173,pay_20797517,item_not_as_described,5562.64,2026-02-26,True,False,True,True,True,True,False,True,True,True,False,True
D002730,pay_34188741,item_not_received,7650.31,2026-02-13,True,False,True,True,False,False,,False,True,False,False,False
D003915,pay_19091205,item_not_as_described,5315.95,2026-08-18,True,True,True,,True,True,True,False,True,True,True,True
D001216,pay_45128661,item_not_as_described,726.0,2026-07-29,True,False,True,False,True,True,False,,,True,True,False
D003897,pay_05163078,unauthorized_transaction,5356.91,2026-07-27,False,,True,True,True,True,False,True,True,True,False,True
D004066,pay_75793145,duplicate_charge,7736.85,2026-06-12,,True,True,False,True,False,True,,False,False,,True
D003558,pay_30263951,item_not_as_described,2175.34,2026-08-19,False,False,False,False,True,True,False,True,False,False,False,True
D002023,pay_43202021,unauthorized_transaction,6917.12,2026-02-04,True,False,True,False,,False,False,,True,False,False,True
D004923,pay_81285417,duplicate_charge,2904.13,2026-05-13,True,True,,,True,False,False,,True,False,False,False
D000661,pay_59539153,duplicate_charge,1531.3,2026-05-24,False,True,False,,False,False,False,True,True,True,True,True
D002684,pay_28300339,item_not_received,4785.53,2026-05-17,True,True,False,False,True,True,False,True,True,True,True,True
D002545,pay_17827681,item_not_as_described,7282.03,2026-06-26,,True,False,True,False,False,True,False,True,True,False,True
D000305,pay_67680235,duplicate_charge,2078.47,2026-03-07,,True,False,False,True,False,False,True,False,False,True,True
D005218,pay_46461151,unauthorized_transaction,3690.49,2026-10-24,True,False,True,False,False,False,False,False,False,True,True,False
D004826,pay_55700577,item_not_as_described,3185.97,2026-01-11,True,,False,False,,False,True,True,,,,False
D004370,pay_35616552,item_not_as_described,7583.38,2026-01-13,True,False,False,,False,False,True,True,False,True,,True
D004314,pay_35601198,item_not_as_described,7071.4,2026-04-12,True,False,True,False,False,True,False,False,True,False,True,False
D000228,pay_93612968,unauthorized_transaction,4492.07,2026-08-16,False,True,True,True,True,False,True,,True,False,True,False
D003319,pay_25907532,unauthorized_transaction,3358.83,2026-04-07,True,,False,True,,True,False,True,True,False,True,True
D002402,pay_73865262,unauthorized_transaction,4711.0,2026-05-25,,True,False,False,,False,False,,True,True,False,False
D005088,pay_67339708,item_not_as_described,4832.55,2026-09-13,False,True,False,True,True,True,True,False,False,False,False,True
D002795,pay_14474682,item_not_as_described,7596.12,2026-09-05,,True,True,True,False,True,False,True,True,True,False,True
D004978,pay_63459043,unauthorized_transaction,1025.87,2026-01-19,,True,,True,,False,False,True,False,True,True,True
D000161,pay_50825385,item_not_as_described,7808.97,2026-03-24,True,True,False,True,True,False,True,False,True,,False,True
D002307,pay_81583492,unauthorized_transaction,2655.73,2026-01-12,,True,False,False,False,False,True,True,True,False,,True
D001080,pay_21462628,duplicate_charge,4282.4,2026-01-28,,True,False,True,True,True,False,,True,True,False,False
D001716,pay_29449714,item_not_received,727.01,2026-02-03,True,False,False,False,True,False,False,True,False,True,True,True
D000045,pay_63411827,duplicate_charge,1359.52,2026-05-28,True,False,False,,False,True,,False,,False,False,False
D001294,pay_93010697,item_not_as_described,2658.0,2026-06-12,True,,True,,True,True,False,False,True,False,,False
D004497,pay_79197624,item_not_as_described,7502.79,2026-01-24,False,False,False,True,True,True,True,True,False,False,True,True
D001715,pay_73032104,duplicate_charge,5528.61,2026-08-28,True,False,True,False,True,True,False,True,False,,True,True
D003480,pay_66663159,item_not_received,2212.49,2026-05-08,,False,False,,True,False,True,False,False,False,False,False
D002304,pay_78457167,duplicate_charge,5026.8,2026-07-21,False,,False,True,False,False,,False,False,True,True,False
D000916,pay_73296061,item_not_received,4246.48,2026-02-24,False,True,,False,,False,True,False,False,True,False,False
D002695,pay_46965223,duplicate_charge,7681.32,2026-09-13,True,True,,True,True,False,False,False,,False,False,False
D004123,pay_94094149,item_not_as_described,6185.69,2026-05-16,False,True,False,,True,True,True,,True,True,False,True
D003693,pay_27011340,duplicate_charge,1936.53,2026-06-18,True,True,False,False,,,True,True,True,True,False,True
D001118,pay_72883547,item_not_received,494.35,2026-06-03,,True,True,False,False,True,True,False,True,True,False,True
D001587,pay_03626070,item_not_received,7022.69,2026-01-06,,True,False,True,False,True,False,,True,False,False,False
D002296,pay_22185264,item_not_received,3344.95,2026-09-19,,False,,True,True,True,False,True,False,False,,True
D000134,pay_82569402,item_not_received,4271.76,2026-04-30,,True,False,,True,False,False,False,False,True,False,False
D002866,pay_11739351,item_not_received,4419.06,2026-05-05,True,True,True,True,True,True,True,True,True,,False,False
D002228,pay_12695409,item_not_received,3329.4,2026-01-14,,True,,,True,True,False,False,False,,True,False
D003871,pay_80518853,unauthorized_transaction,2936.33,2026-05-12,,True,False,False,False,True,True,False,,True,True,False
D001288,pay_23862424,item_not_received,766.72,2026-03-18,True,,True,True,True,False,False,False,,False,,True
D001922,pay_66500665,duplicate_charge,7176.75,2026-08-25,False,False,False,False,True,True,False,True,True,True,True,True
D003308,pay_41326956,item_not_as_described,3849.2,2026-08-16,False,False,False,False,False,True,,True,True,True,True,True
D004596,pay_02558337,duplicate_charge,2556.71,2026-04-16,False,,,False,True,,,True,True,False,True,True
D003149,pay_50756552,duplicate_charge,5013.1,2026-05-17,,False,False,False,False,True,,,True,True,False,True
D004210,pay_76748313,unauthorized_transaction,4038.89,2026-06-23,True,False,True,True,True,False,False,True,False,True,False,True
D003931,pay_12987864,item_not_received,6107.41,2026-07-21,True,False,True,False,True,False,,False,True,True,False,True
D003690,pay_27136109,item_not_received,5381.4,2026-03-29,True,True,,False,False,True,,True,True,True,False,True
D002476,pay_08325061,item_not_received,5931.65,2026-09-17,True,True,False,,True,True,True,True,False,True,True,True
D001953,pay_03930055,unauthorized_transaction,5585.21,2026-08-31,True,True,,,True,True,False,False,False,True,False,True
D004682,pay_25790134,item_not_as_described,636.12,2026-08-02,,False,False,,True,,False,False,False,,False,True
D004606,pay_76196700,unauthorized_transaction,7470.36,2026-09-12,,False,True,True,,True,True,False,True,False,True,False
D002634,pay_86105171,duplicate_charge,966.53,2026-09-21,True,,True,True,True,False,False,True,False,,,True
D003056,pay_96928468,unauthorized_transaction,3171.85,2026-07-06,True,False,True,True,False,True,False,True,,True,True,False
D001380,pay_19819709,item_not_as_described,5881.16,2026-07-16,True,,True,True,False,False,False,False,True,True,False,False
D001560,pay_73738030,duplicate_charge,1487.4,2026-03-15,True,False,False,,True,False,False,True,True,False,,False
D001204,pay_12093343,duplicate_charge,2401.71,2026-03-20,True,False,,,False,True,True,False,False,False,False,True
D000386,pay_20317946,duplicate_charge,1644.71,2026-09-24,True,False,,False,True,,,True,True,True,False,False
D004591,pay_28292939,unauthorized_transaction,2595.15,2026-03-22,False,True,False,False,True,False,,False,False,False,True,False
D003634,pay_01929791,item_not_as_described,3158.38,2026-08-10,,False,False,False,False,True,True,False,,False,True,True
D002084,pay_61258419,item_not_received,5778.98,2026-10-26,True,True,False,True,True,True,,True,True,True,True,True
D002615,pay_97534370,item_not_as_described,2521.06,2026-07-24,True,True,False,,True,True,False,True,True,False,False,True
D001586,pay_36741259,item_not_as_described,1136.81,2026-10-03,,False,False,True,False,True,True,True,True,False,True,False
D001202,pay_96730222,duplicate_charge,7228.52,2026-06-01,True,True,True,,True,False,True,True,False,True,True,True
D001777,pay_85990380,unauthorized_transaction,3688.41,2026-06-03,False,True,True,True,True,True,True,False,True,,,False
D004079,pay_48512744,item_not_as_described,2949.59,2026-10-21,True,True,False,False,True,False,False,False,False,True,False,False
D003189,pay_46594938,unauthorized_transaction,2354.45,2026-07-09,,False,True,False,True,False,,True,False,True,False,False
D005888,pay_60861825,item_not_as_described,3048.54,2026-03-13,False,,False,False,False,,True,False,True,,False,True
D001132,pay_05106640,duplicate_charge,4280.95,2026-05-19,,True,True,True,False,False,True,False,False,,True,True
D004931,pay_00419263,unauthorized_transaction,1796.96,2026-01-17,True,True,True,True,,True,False,False,False,True,True,True
D005444,pay_27817054,unauthorized_transaction,6198.6,2026-05-10,False,True,,True,False,False,False,False,True,True,True,True
D004288,pay_77896062,item_not_as_described,1789.66,2026-06-28,False,,,False,True,True,True,False,False,False,False,True
D003741,pay_57038518,item_not_received,4949.42,2026-04-01,False,False,False,True,True,False,True,True,True,False,True,False
D000854,pay_11452539,item_not_as_described,4398.89,2026-06-26,True,False,False,True,False,False,True,True,True,,True,True
D004154,pay_35298746,item_not_received,6196.16,2026-02-09,False,True,True,True,False,True,False,False,False,True,False,True
D004830,pay_72938985,unauthorized_transaction,6788.23,2026-02-24,False,True,,False,False,True,True,True,True,True,False,True
D005509,pay_14202949,unauthorized_transaction,4202.19,2026-02-10,True,False,False,False,False,False,False,False,True,True,False,False
D004355,pay_97916403,unauthorized_transaction,4741.49,2026-06-13,False,True,False,False,False,False,True,False,True,True,False,True
D005045,pay_59508373,item_not_received,6523.85,2026-01-28,False,False,True,True,False,True,True,,,True,False,False
D003576,pay_93163049,item_not_received,1162.66,2026-08-23,False,True,True,False,False,True,,False,True,True,True,True
D000604,pay_68945937,item_not_as_described,1043.32,2026-03-25,,True,True,False,,False,False,True,False,False,True,False
D004960,pay_72561750,item_not_as_described,5589.19,2026-08-15,True,False,True,False,,False,True,True,,,,True
D003431,pay_08411594,duplicate_charge,5936.04,2026-08-03,True,False,,True,,True,False,True,True,,,False
D001668,pay_04796892,item_not_received,625.71,2026-01-27,False,,False,False,True,True,False,True,True,True,False,True
D000043,pay_20703455,duplicate_charge,5058.84,2026-07-13,True,False,,False,True,True,True,True,False,False,False,False
D001244,pay_87866181,duplicate_charge,2689.04,2026-06-13,,True,True,False,False,True,False,False,,,True,False
D004669,pay_38910990,item_not_as_described,2854.79,2026-01-21,False,True,,False,True,True,True,True,,True,False,True
D002515,pay_71811680,item_not_received,1144.84,2026-02-28,True,True,False,True,False,False,True,False,True,False,,True
D004476,pay_86440086,unauthorized_transaction,1787.91,2026-01-09,False,True,False,False,False,False,False,False,False,True,False,False
D003401,pay_60774746,unauthorized_transaction,6470.49,2026-09-28,,,True,,False,,False,False,False,True,False,False
D000155,pay_08938604,item_not_received,3880.2,2026-01-06,True,True,False,True,True,False,False,False,True,,True,True
D000035,pay_20486849,duplicate_charge,5421.33,2026-07-12,,True,False,False,,False,False,True,True,True,True,True
D003268,pay_36909223,duplicate_charge,907.52,2026-10-07,,True,False,False,True,,True,,,False,,True
D000808,pay_56585079,duplicate_charge,6479.06,2026-04-11,True,,False,False,,False,,True,True,True,True,True
D002549,pay_69915438,unauthorized_transaction,4363.82,2026-05-28,,False,True,True,False,False,True,False,True,False,False,True
D005124,pay_52717177,item_not_as_described,7229.36,2026-01-12,True,True,,True,True,True,,,False,True,,True
D001573,pay_85713728,duplicate_charge,7538.44,2026-04-27,False,True,False,False,True,False,True,True,,,True,True
D000750,pay_63942794,unauthorized_transaction,2294.23,2026-01-06,True,,False,True,False,True,False,True,True,True,True,True
D004129,pay_97631391,unauthorized_transaction,7516.06,2026-01-03,,False,,False,False,True,False,,True,True,False,False
D002951,pay_91145246,item_not_as_described,1382.41,2026-01-20,True,,False,,True,True,,,True,True,,True
D003700,pay_89988629,item_not_as_described,5188.06,2026-03-14,True,True,False,False,False,True,False,False,True,False,True,True
D000365,pay_51259494,unauthorized_transaction,7821.69,2026-02-22,True,,False,True,False,True,False,False,False,,,True
D002906,pay_81395802,item_not_received,5192.45,2026-03-30,False,False,,,False,False,True,True,False,True,True,False
D001939,pay_48785603,item_not_received,7842.32,2026-10-24,True,True,False,,False,False,False,True,True,True,False,False
D003650,pay_47724189,duplicate_charge,442.33,2026-07-17,,True,False,False,False,True,,True,,True,True,True
D002683,pay_17922497,item_not_received,4124.7,2026-03-13,False,False,True,False,False,True,False,True,False,True,True,True
D005841,pay_65743084,unauthorized_transaction,7462.81,2026-03-22,False,,True,True,True,False,,True,True,True,False,False
D000601,pay_26109610,item_not_as_described,4544.43,2026-02-20,True,False,True,True,False,True,True,False,True,True,False,True
D004417,pay_30416500,item_not_received,5409.54,2026-02-28,False,False,False,False,True,,True,False,True,True,True,True
D001192,pay_96023915,unauthorized_transaction,5588.73,2026-09-12,True,True,True,True,False,False,True,True,True,False,True,True
D000282,pay_19623857,unauthorized_transaction,2408.73,2026-04-10,True,True,False,True,False,True,,False,True,,True,True
D004204,pay_25806652,unauthorized_transaction,3394.1,2026-10-19,True,True,True,True,False,True,False,,True,,True,True
D003553,pay_04262190,duplicate_charge,5115.76,2026-07-08,,False,False,False,True,True,,True,False,False,True,False
D003366,pay_14400694,unauthorized_transaction,3787.9,2026-06-15,True,True,False,False,,True,False,,True,True,,False
D005987,pay_51784700,item_not_received,1167.91,2026-07-22,False,True,False,False,True,False,False,False,True,True,False,True
D003657,pay_84128768,item_not_received,7944.64,2026-08-19,False,,True,True,False,False,False,True,True,,True,True
D002029,pay_13955841,item_not_received,4091.4,2026-08-26,True,,True,True,,True,,,False,True,True,True
D001149,pay_40925836,item_not_as_described,7668.83,2026-10-17,,False,True,True,True,False,False,False,False,False,False,False
D003964,pay_44678257,duplicate_charge,5319.16,2026-05-02,True,True,True,True,True,False,True,True,True,True,,True
D005025,pay_86006452,item_not_received,1796.42,2026-03-28,False,False,True,False,False,,False,True,False,False,False,False
D003632,pay_38198402,item_not_received,5292.67,2026-04-10,False,,True,False,False,True,False,False,,True,True,True
D000288,pay_13453152,duplicate_charge,7300.31,2026-07-27,False,False,True,True,True,False,True,False,True,,True,True
D002504,pay_16151016,duplicate_charge,1213.2,2026-05-26,True,True,True,False,True,False,False,True,False,True,False,True
D001013,pay_74367496,item_not_received,1206.17,2026-08-21,True,False,False,True,False,False,True,False,,,,False
D004853,pay_94276949,item_not_received,1921.7,2026-08-18,False,True,True,,True,True,True,,False,True,,True
D004203,pay_88505043,item_not_as_described,4629.65,2026-05-26,False,False,,False,False,,False,True,True,True,True,True
D004759,pay_93419769,unauthorized_transaction,2259.19,2026-03-31,False,,False,False,False,False,True,True,True,False,False,True
D000511,pay_99073502,unauthorized_transaction,5174.14,2026-10-13,False,False,,False,False,,False,False,,True,True,False
D004291,pay_10934134,unauthorized_transaction,3510.66,2026-10-15,False,True,False,False,,False,False,True,,False,,True
D003535,pay_33371056,item_not_as_described,914.61,2026-03-11,False,False,False,,False,,False,True,False,,False,False
D005583,pay_08384620,item_not_as_described,4787.05,2026-09-04,False,True,,True,False,False,,False,True,False,False,True
D003141,pay_26866892,item_not_as_described,6226.28,2026-03-19,,False,,,,False,True,,True,True,True,True
D002721,pay_28590726,unauthorized_transaction,2838.79,2026-05-09,True,True,False,True,True,,False,False,False,True,True,True
D004241,pay_96441360,item_not_as_described,5317.58,2026-01-20,True,True,True,False,True,True,True,True,,True,False,True
D005295,pay_04984214,duplicate_charge,7540.77,2026-03-03,True,True,False,True,False,False,False,True,False,True,True,False
D003160,pay_11145279,duplicate_charge,7196.08,2026-08-12,False,True,True,False,True,True,False,False,False,False,False,False
D005887,pay_84424043,item_not_as_described,1039.66,2026-05-18,True,False,False,False,False,True,,,,True,True,False
D003738,pay_10122177,item_not_as_described,7676.25,2026-09-29,False,True,True,False,,True,True,False,False,False,,True
D001194,pay_73246061,duplicate_charge,4384.09,2026-10-18,,True,True,False,True,True,False,True,True,False,False,True
D000071,pay_24072553,item_not_as_described,4481.34,2026-01-18,True,,True,True,,False,False,False,False,True,False,False
D005282,pay_16702638,duplicate_charge,1339.4,2026-06-11,True,True,,False,,True,,True,True,True,,True
D003896,pay_93269537,duplicate_charge,7062.47,2026-04-27,True,True,False,,False,True,False,,,True,True,True
D004612,pay_34341964,unauthorized_transaction,5467.85,2026-03-03,False,True,False,True,False,True,False,,True,,True,True
D005590,pay_28481870,unauthorized_transaction,5529.28,2026-01-03,True,False,True,True,False,True,True,,True,,False,True
D000002,pay_91332642,item_not_as_described,1144.3,2026-03-24,False,True,True,False,True,False,True,True,False,False,,False
D004366,pay_12948726,item_not_received,5461.03,2026-08-11,True,False,True,False,True,True,False,False,False,True,,True
D002324,pay_45300381,unauthorized_transaction,4398.07,2026-01-13,False,,False,False,True,False,True,,True,,,False
D000284,pay_71612882,unauthorized_transaction,5885.2,2026-04-15,True,True,False,True,True,True,True,False,True,,False,True
D003058,pay_02868893,unauthorized_transaction,6364.36,2026-05-19,False,True,False,True,True,False,False,True,False,False,False,False
D004523,pay_35547910,unauthorized_transaction,4102.52,2026-03-24,True,,False,False,False,True,False,False,False,False,True,False
D005748,pay_40118601,item_not_as_described,724.74,2026-05-26,,True,False,False,True,False,True,False,True,False,True,False
D004139,pay_99247847,item_not_as_described,1967.2,2026-08-28,True,False,True,False,False,True,False,True,True,,False,False
D002256,pay_09697410,unauthorized_transaction,4989.52,2026-10-25,False,False,False,True,True,False,False,True,True,True,False,True
D005051,pay_49017080,item_not_as_described,5076.17,2026-06-09,True,True,True,False,False,False,True,,False,True,True,False
D001328,pay_26643133,unauthorized_transaction,6008.74,2026-05-17,False,,True,False,,True,True,True,True,True,False,False
D004248,pay_52741691,unauthorized_transaction,4850.44,2026-06-17,True,True,,False,False,True,,True,False,True,,True
D005389,pay_45336871,item_not_received,7323.32,2026-06-18,False,,True,True,False,False,False,False,True,,False,False
D005953,pay_53760142,duplicate_charge,4836.31,2026-04-26,False,,,True,True,False,True,False,True,False,True,False
D000423,pay_45735675,duplicate_charge,6358.41,2026-10-13,True,True,False,,True,False,,False,True,False,False,False
D005762,pay_84769936,duplicate_charge,5996.06,2026-05-03,,False,True,True,True,False,False,False,,,False,True
D005626,pay_17227802,item_not_as_described,474.31,2026-08-15,False,True,True,False,,True,False,False,False,True,True,False
D001640,pay_14034684,unauthorized_transaction,7516.42,2026-01-11,False,True,True,False,False,False,False,True,True,False,,False
D004469,pay_67046843,item_not_received,2321.99,2026-08-17,,False,,False,,True,True,False,False,False,False,False
D003460,pay_09566278,item_not_received,6976.73,2026-09-04,True,False,,True,True,True,False,False,False,,False,True
D002592,pay_10054398,item_not_received,1621.06,2026-02-09,True,False,True,False,True,False,True,False,True,True,True,True
D000560,pay_52703331,unauthorized_transaction,806.37,2026-01-06,True,False,True,False,False,False,False,False,False,,True,True
D001236,pay_30337961,item_not_received,2540.01,2026-08-16,True,False,,False,True,True,False,True,True,True,False,True
D004250,pay_48881003,item_not_as_described,2180.81,2026-02-26,True,False,False,False,False,True,,True,True,,,True
D003028,pay_13000949,unauthorized_transaction,5596.36,2026-06-30,True,True,False,True,False,True,True,,True,True,False,True
D005007,pay_08082005,item_not_as_described,7465.07,2026-10-14,False,False,False,True,True,True,,True,True,True,True,True
D003966,pay_13128703,item_not_received,2080.11,2026-10-28,True,True,False,True,False,,True,True,False,True,False,False
D004468,pay_72967935,item_not_received,3976.64,2026-03-29,,False,,False,True,True,False,True,,False,True,False
D004623,pay_91339880,duplicate_charge,3992.16,2026-01-10,False,False,False,False,True,False,True,True,True,False,False,False
D004867,pay_85487379,item_not_received,3760.35,2026-04-13,True,False,,True,False,True,True,True,False,False,False,False
D004683,pay_38659952,duplicate_charge,6545.36,2026-02-08,True,True,,True,True,True,False,False,True,True,True,False
D004008,pay_40626780,item_not_received,7029.63,2026-08-04,,True,True,True,False,True,True,False,False,True,True,True
D004730,pay_48877368,item_not_as_described,3185.92,2026-02-03,False,True,True,,False,True,True,False,True,True,,True
D000650,pay_33730822,item_not_received,1861.58,2026-07-17,False,True,True,False,True,True,,,True,False,,True
D000767,pay_74558024,duplicate_charge,1020.78,2026-08-21,False,False,True,False,,False,False,False,True,True,False,False
D003163,pay_52350595,item_not_as_described,541.92,2026-06-14,True,True,False,True,,True,True,True,,,True,True
D005012,pay_60841467,duplicate_charge,7042.28,2026-07-10,True,False,False,True,False,False,False,False,True,True,False,False
D001152,pay_27008204,duplicate_charge,3311.42,2026-08-20,False,False,True,True,False,,,True,True,True,True,True
D003315,pay_36475549,unauthorized_transaction,2752.49,2026-04-20,True,True,False,False,,True,False,True,False,True,False,False
D001303,pay_87131924,item_not_as_described,7085.03,2026-08-06,,False,True,True,,True,True,True,True,False,True,True
D000562,pay_30202787,unauthorized_transaction,4774.11,2026-07-12,False,True,True,,False,,False,True,False,False,False,True
D000468,pay_48658243,item_not_received,4916.5,2026-02-22,True,,True,False,False,True,False,True,False,True,True,False
D000965,pay_96853125,item_not_received,1722.38,2026-09-13,True,True,True,False,False,False,False,False,True,False,False,True
D004865,pay_27166080,item_not_received,1872.77,2026-07-01,True,False,False,,False,True,,False,False,False,False,False
D005654,pay_97893338,duplicate_charge,2586.75,2026-02-26,True,False,False,True,True,,False,True,False,False,True,False
D003276,pay_44540848,duplicate_charge,6531.54,2026-02-11,True,,True,False,True,False,False,False,True,,False,True
D004225,pay_50702307,unauthorized_transaction,6925.72,2026-04-03,,True,True,True,True,True,False,True,False,True,True,True
D005652,pay_40953757,item_not_received,1254.09,2026-02-18,False,True,False,True,True,,True,True,False,False,False,False
D001863,pay_76331178,duplicate_charge,2019.22,2026-07-07,False,True,,True,True,False,True,,True,False,,True
D001150,pay_75741859,unauthorized_transaction,1390.68,2026-04-18,True,False,False,True,False,,False,True,False,False,False,True
D000833,pay_54290781,item_not_as_described,6460.48,2026-03-06,True,False,True,False,False,True,True,,False,False,True,True
D004561,pay_80759551,item_not_received,4954.42,2026-06-20,True,False,False,False,True,True,True,True,True,True,False,True
D004447,pay_80881852,item_not_received,6073.7,2026-05-23,True,False,True,,False,False,True,True,False,True,True,True
D005467,pay_82550477,unauthorized_transaction,7384.91,2026-01-04,False,False,True,False,True,False,False,True,False,False,,True
D001392,pay_20259794,unauthorized_transaction,2663.57,2026-09-10,True,True,,False,False,False,False,,False,False,,True
D001952,pay_33305488,item_not_received,1680.12,2026-10-06,True,False,False,,True,False,False,False,,True,False,False
D001181,pay_68280468,duplicate_charge,2424.12,2026-07-08,False,False,True,True,True,True,False,True,False,False,False,True
D001645,pay_26964542,unauthorized_transaction,4719.65,2026-10-24,False,False,,False,False,False,False,False,True,False,True,False
D000068,pay_20456313,item_not_received,5844.09,2026-06-02,False,False,True,True,True,False,False,False,True,True,True,False
D001098,pay_81617990,item_not_as_described,4798.78,2026-10-18,True,True,True,False,True,True,True,True,True,False,,True
D000214,pay_62932224,item_not_received,3827.86,2026-01-07,False,,False,False,,False,False,False,,True,False,False
D001182,pay_47002279,duplicate_charge,2280.32,2026-03-23,False,True,False,False,,False,False,False,,False,False,False
D004932,pay_99159756,item_not_as_described,3373.02,2026-03-20,False,True,False,True,,True,,True,False,True,False,False
D004218,pay_01688660,item_not_as_described,2090.6,2026-08-29,False,False,True,True,False,False,,False,True,True,False,True
D000426,pay_43488444,unauthorized_transaction,565.91,2026-05-26,True,,True,True,True,True,False,True,False,False,True,False
D003145,pay_19234848,item_not_received,1961.67,2026-03-25,True,True,True,False,,True,True,False,False,False,True,True
D000860,pay_17390520,item_not_received,4713.1,2026-02-08,True,False,False,True,False,False,True,,,,,False
D003323,pay_88101381,unauthorized_transaction,7669.12,2026-09-24,True,True,True,,False,,False,False,True,False,True,True
D003984,pay_17343303,unauthorized_transaction,5350.33,2026-07-29,True,,False,True,True,True,False,False,True,,True,True
D004106,pay_60993564,item_not_received,4407.79,2026-07-25,False,False,,True,True,True,False,False,True,,True,True
D004619,pay_01921232,unauthorized_transaction,1423.76,2026-01-09,True,False,False,,False,False,True,False,False,False,False,False
D002061,pay_04303033,item_not_received,600.44,2026-09-14,False,True,False,True,False,True,False,False,False,False,True,True
D001776,pay_59142018,unauthorized_transaction,6696.04,2026-01-13,False,False,True,False,,False,,True,False,False,False,False
D002057,pay_65815664,duplicate_charge,668.2,2026-04-10,True,True,False,True,True,True,True,True,True,True,False,True
D000063,pay_06078694,duplicate_charge,1977.84,2026-02-08,,False,True,True,True,True,,True,False,,,True
D003812,pay_58819968,duplicate_charge,1057.74,2026-07-01,True,True,False,True,False,False,False,False,True,,False,False
D001738,pay_08541871,duplicate_charge,5897.2,2026-01-13,False,False,True,True,,False,True,True,False,False,True,True
D002000,pay_15999187,item_not_as_described,3701.45,2026-08-28,True,True,False,True,False,False,True,False,False,,True,False
D001765,pay_44884903,unauthorized_transaction,1391.24,2026-05-05,False,False,False,True,False,,True,False,False,True,False,False
D001121,pay_54393234,unauthorized_transaction,3505.57,2026-08-22,False,True,False,True,False,,True,True,True,True,True,False
D000361,pay_94787794,item_not_as_described,3197.45,2026-08-27,,,True,True,True,False,False,False,,False,True,False
D001055,pay_93860610,item_not_received,4773.16,2026-06-14,True,False,False,True,False,True,False,False,False,True,False,False
D003692,pay_75304030,unauthorized_transaction,7739.26,2026-08-20,True,True,False,True,False,True,False,False,,,False,True
D003787,pay_56540635,item_not_as_described,1130.76,2026-08-23,,False,False,,False,True,False,False,False,False,True,True
D000924,pay_78942330,item_not_received,6112.8,2026-04-30,,True,True,True,False,,False,,True,True,True,True
D002436,pay_64558876,item_not_as_described,7010.19,2026-07-14,,True,True,,True,,,False,False,True,True,False
D002448,pay_92738036,duplicate_charge,2951.66,2026-06-26,True,True,False,False,,True,,,True,,,True
D002440,pay_10985043,duplicate_charge,2198.74,2026-08-20,True,True,False,False,True,True,,False,,False,False,True
D005894,pay_82614744,item_not_received,3503.21,2026-09-29,True,True,True,True,,True,False,,True,True,False,False
D000469,pay_12658740,item_not_received,700.81,2026-02-06,True,True,False,False,False,False,False,True,True,False,True,True
D000334,pay_16684124,item_not_received,5328.34,2026-01-08,False,True,False,False,False,False,False,False,False,,True,False
D003064,pay_38877068,item_not_as_described,4896.48,2026-03-16,False,True,False,False,True,False,True,,,False,False,True
D001928,pay_44771268,duplicate_charge,1197.55,2026-08-23,True,True,True,True,True,True,True,True,False,,False,True
D000573,pay_26758764,item_not_received,7559.11,2026-06-22,True,,False,True,,False,False,True,False,False,True,True
D000740,pay_33533178,unauthorized_transaction,4739.72,2026-06-24,False,False,True,False,False,False,True,False,False,False,False,False
D004312,pay_53075557,item_not_as_described,4458.52,2026-09-28,False,False,False,,,True,True,,True,True,False,True
D001451,pay_83238446,item_not_received,4958.93,2026-07-05,,True,True,False,True,False,True,True,False,True,False,False
D002841,pay_22065425,unauthorized_transaction,7289.73,2026-03-25,True,True,,False,True,,True,True,True,True,,True
D003343,pay_63999064,unauthorized_transaction,2300.67,2026-07-05,False,True,False,False,False,True,True,True,False,False,False,True
D002918,pay_36379400,item_not_received,901.74,2026-09-02,True,True,False,False,,False,False,False,True,True,True,True
D000358,pay_27843059,item_not_as_described,3640.67,2026-05-29,True,True,False,False,True,,False,False,False,False,False,False
D002410,pay_07158231,item_not_as_described,4073.22,2026-10-22,False,,,True,False,,False,,False,True,False,False
D001595,pay_43702158,item_not_received,620.84,2026-04-09,False,True,True,False,False,True,False,False,False,False,True,True
D002886,pay_06712432,item_not_received,1932.89,2026-07-03,True,True,,True,False,False,True,False,False,False,False,False
D005823,pay_78589827,item_not_as_described,2641.51,2026-03-03,True,True,False,,True,True,False,,False,False,True,False
D004432,pay_99639660,item_not_as_described,6940.24,2026-06-16,True,,True,False,False,False,False,False,False,False,False,False
D002207,pay_49280338,unauthorized_transaction,6692.68,2026-04-04,True,True,True,False,False,True,,True,,False,False,True
D005242,pay_94508931,unauthorized_transaction,5343.88,2026-04-24,True,True,True,True,,True,True,False,,,False,True
D004567,pay_36406566,item_not_as_described,5958.92,2026-05-10,True,,True,False,,False,True,False,False,True,False,False
D000515,pay_29375700,item_not_as_described,5975.78,2026-09-11,False,False,False,False,False,True,True,True,False,True,True,True
D005985,pay_68577408,unauthorized_transaction,7241.98,2026-08-09,True,False,False,False,True,True,False,True,False,True,False,True
D002714,pay_85737707,item_not_received,7788.27,2026-09-09,,True,True,,False,True,False,True,False,True,True,True
D001133,pay_18889443,duplicate_charge,758.54,2026-07-02,False,False,True,False,True,True,False,True,False,True,,True
D004051,pay_74252472,item_not_received,1501.58,2026-04-07,False,False,False,False,,True,,True,True,True,True,True
D000467,pay_83878905,item_not_as_described,6164.2,2026-03-04,False,True,True,True,,False,True,,True,False,False,False
D002020,pay_08049089,item_not_as_described,4178.2,2026-06-20,,False,True,True,True,False,False,True,True,True,True,True
D000543,pay_35804636,item_not_as_described,4173.42,2026-03-17,False,,False,True,True,,False,,,False,True,True
D004714,pay_20387931,duplicate_charge,7515.15,2026-03-22,,True,,False,True,True,False,False,False,False,False,False
D001505,pay_36499985,item_not_as_described,3091.65,2026-01-23,True,False,False,False,False,True,True,,True,False,False,False
D001081,pay_44003619,duplicate_charge,2106.24,2026-02-09,False,False,True,,False,True,,False,True,False,,False
D001910,pay_29808838,item_not_received,2329.76,2026-05-18,False,True,True,True,True,True,True,,False,False,False,True
D003730,pay_64029671,duplicate_charge,1373.77,2026-06-12,True,True,True,True,True,,False,False,False,False,True,False
D003177,pay_72374247,unauthorized_transaction,1810.36,2026-09-03,,False,True,False,False,False,True,False,,True,True,False
D003658,pay_52955628,item_not_received,5624.41,2026-02-03,True,False,True,False,False,False,True,False,,True,True,True
D001480,pay_36193334,item_not_as_described,3407.37,2026-03-22,,,True,,True,,True,False,False,False,True,True
D001155,pay_08462880,item_not_received,5396.1,2026-05-26,True,True,,,True,False,False,,False,True,True,True
D004325,pay_07918021,duplicate_charge,1297.82,2026-09-30,False,True,True,True,False,False,True,,True,False,True,False
D001868,pay_68642117,unauthorized_transaction,4137.87,2026-05-02,True,False,False,,False,False,True,,False,False,True,False
D002457,pay_38776967,unauthorized_transaction,2598.17,2026-10-14,False,False,True,True,False,True,,False,False,True,False,False
D001387,pay_83995408,item_not_received,4789.93,2026-10-27,True,False,False,False,False,True,False,True,False,False,,False
D003625,pay_27901850,unauthorized_transaction,1130.04,2026-01-17,True,,False,,True,True,True,True,True,False,True,False
D005665,pay_16420321,duplicate_charge,4053.26,2026-05-31,True,True,True,False,False,,False,False,,,False,False
D002031,pay_56238705,item_not_received,7666.31,2026-03-24,False,True,,False,False,False,True,,True,False,True,True
D003954,pay_07673364,duplicate_charge,1141.88,2026-02-26,True,True,False,,False,True,True,True,True,,True,True
D000130,pay_22893086,item_not_as_described,3929.88,2026-09-05,True,True,False,,,,True,True,True,False,True,True
D003055,pay_64429117,item_not_as_described,6869.18,2026-04-01,False,False,False,False,False,True,True,,True,True,False,True
D002103,pay_44902994,item_not_received,4091.08,2026-01-22,False,True,False,True,False,True,True,True,,,True,False
D003565,pay_66207197,unauthorized_transaction,850.47,2026-09-05,False,False,False,False,,,False,True,False,False,False,True
D003277,pay_51606951,unauthorized_transaction,2659.58,2026-04-27,True,True,True,False,True,False,True,False,False,True,,True
D005848,pay_69740272,unauthorized_transaction,521.47,2026-08-04,True,False,False,False,False,False,False,False,False,True,False,True
D002172,pay_73472632,unauthorized_transaction,4833.22,2026-04-15,True,True,True,True,False,,False,False,True,True,True,True
D004020,pay_21110538,item_not_received,6659.76,2026-06-17,True,False,True,True,True,False,,False,True,True,True,False
D003048,pay_51766375,unauthorized_transaction,1132.73,2026-04-04,True,True,True,True,False,False,False,,False,True,False,True
D003962,pay_60313603,item_not_as_described,2698.71,2026-04-09,False,False,False,False,False,False,True,False,False,,False,False
D004588,pay_16988609,unauthorized_transaction,3621.13,2026-06-15,False,True,True,False,True,False,False,False,,False,False,False
D004629,pay_60608669,item_not_as_described,4626.9,2026-01-10,True,True,True,,True,False,False,False,True,True,True,True
D000831,pay_26392820,item_not_received,5872.71,2026-02-16,,True,True,True,True,True,False,False,,True,,False
D003587,pay_27095565,item_not_received,2952.67,2026-05-08,True,False,False,True,True,True,True,True,True,True,False,False
D004025,pay_71927545,unauthorized_transaction,7231.18,2026-08-16,False,False,False,False,True,True,False,,True,True,False,False
D004132,pay_01465615,duplicate_charge,3570.16,2026-03-21,False,,True,True,True,True,,True,True,False,True,True
D002100,pay_91839275,item_not_received,5815.88,2026-08-28,True,True,False,True,,,True,False,True,True,,False
D000731,pay_56502445,item_not_as_described,3560.0,2026-04-25,True,True,False,,False,False,False,True,False,True,True,False
D005292,pay_15223129,item_not_as_described,2967.67,2026-10-13,False,True,,True,True,False,False,,True,True,False,False
D001484,pay_23102124,item_not_received,1890.92,2026-06-30,True,True,False,True,False,,True,False,False,False,,False
D004511,pay_78836252,duplicate_charge,1388.35,2026-08-16,,False,,,True,False,True,False,True,False,True,True
D003320,pay_14989660,unauthorized_transaction,7649.65,2026-06-27,False,True,True,,,False,True,False,False,,,False
D001650,pay_37216716,item_not_received,1874.7,2026-04-07,True,True,True,True,True,True,True,True,False,True,False,True
D000108,pay_18436852,unauthorized_transaction,716.28,2026-03-20,True,True,True,True,True,True,True,False,True,False,True,True
D002791,pay_06716194,duplicate_charge,4830.44,2026-08-03,False,False,,False,True,False,True,False,False,False,False,False
D001843,pay_64784590,unauthorized_transaction,7188.16,2026-03-29,True,True,False,,True,False,True,False,True,True,True,True
D000121,pay_24678492,item_not_as_described,2747.51,2026-04-24,True,False,True,True,,False,False,,False,True,True,False
D001720,pay_75951026,duplicate_charge,5786.19,2026-01-14,True,False,True,,,False,False,,False,False,False,True
D001900,pay_62274526,item_not_as_described,1992.97,2026-07-01,False,False,True,True,False,False,False,True,True,False,,False
D001168,pay_91710270,duplicate_charge,731.03,2026-04-02,False,True,True,,False,False,False,False,False,True,False,False
D001104,pay_77834984,item_not_as_described,6591.0,2026-07-05,False,False,True,True,True,,True,False,True,False,False,True
D005472,pay_37869114,item_not_received,2955.97,2026-08-13,True,False,,False,,False,False,True,False,True,False,False
D005879,pay_38135511,unauthorized_transaction,3113.06,2026-08-11,True,False,True,True,False,True,False,False,True,True,False,True
D005210,pay_19741519,unauthorized_transaction,4618.65,2026-05-26,False,True,True,,False,,True,True,,,,True
D002806,pay_13576674,item_not_received,4910.77,2026-01-10,False,,False,True,True,True,True,True,True,False,True,True
D005661,pay_74677985,duplicate_charge,559.12,2026-06-01,True,True,,True,False,True,True,False,True,True,True,False
D004390,pay_36102136,unauthorized_transaction,410.04,2026-02-23,True,True,False,False,True,True,True,,True,False,False,True
D004206,pay_53109611,unauthorized_transaction,5691.83,2026-02-06,True,,True,True,False,False,True,,False,,True,True
D005802,pay_76947409,item_not_as_described,6056.84,2026-07-20,False,False,True,False,True,False,False,,False,True,False,True
D005341,pay_65685557,unauthorized_transaction,7691.63,2026-03-13,True,,False,False,True,True,True,True,False,False,True,True
D005204,pay_06900972,item_not_as_described,1796.19,2026-02-22,False,False,False,False,True,True,False,,True,False,False,True
D003695,pay_88575021,item_not_as_described,3819.54,2026-04-15,False,,True,True,False,False,True,True,,,False,True
D002102,pay_12048923,duplicate_charge,340.8,2026-06-01,True,False,True,,,,True,True,True,True,False,True
D004306,pay_70131695,item_not_as_described,7634.32,2026-07-03,True,False,True,True,False,True,False,False,,False,True,True
D005811,pay_04796579,unauthorized_transaction,5917.6,2026-04-11,True,True,True,False,True,,True,False,False,,False,False
D005008,pay_57401803,item_not_received,1832.81,2026-05-20,True,True,True,False,False,False,False,False,False,False,True,True
D003110,pay_35319043,unauthorized_transaction,7137.94,2026-08-18,True,False,True,True,True,False,True,False,True,False,False,True
D001708,pay_60822689,item_not_received,5953.47,2026-01-10,False,True,True,,False,,True,True,True,,False,False
D003952,pay_89205855,item_not_received,806.52,2026-07-25,True,,False,False,True,False,True,False,True,False,True,True
D004919,pay_61266019,duplicate_charge,6675.78,2026-05-20,False,True,True,True,False,True,False,True,True,False,False,False
D002511,pay_32958904,item_not_received,1767.24,2026-08-05,True,True,True,True,,,False,,True,False,True,False
D003876,pay_05407222,duplicate_charge,4847.85,2026-04-17,False,False,False,,,False,False,True,True,True,False,True
D001996,pay_49746033,unauthorized_transaction,1309.73,2026-03-30,True,True,False,,False,False,False,True,,False,True,False
D001806,pay_01715535,item_not_as_described,3941.69,2026-05-18,False,True,True,False,False,True,,False,,,,False
D005544,pay_34385690,unauthorized_transaction,5861.39,2026-04-26,False,False,False,False,False,,True,True,False,True,True,False
D004048,pay_54292363,duplicate_charge,3958.8,2026-09-28,True,False,True,True,False,True,,,,,True,True
D001466,pay_74486589,duplicate_charge,3135.31,2026-10-11,True,,True,False,True,False,True,True,True,True,False,True
D001226,pay_13777085,unauthorized_transaction,7686.2,2026-10-16,False,False,False,True,True,True,True,False,,False,False,False
D001961,pay_58912846,item_not_as_described,6176.26,2026-04-24,False,True,True,False,True,,True,,,,True,True
D005413,pay_31043146,item_not_as_described,2694.82,2026-08-27,False,True,True,True,,,True,False,True,True,False,False
D002112,pay_56314974,duplicate_charge,7697.73,2026-08-21,True,True,False,False,True,True,False,,True,,False,False
D001455,pay_52670111,item_not_received,5589.49,2026-02-23,,True,True,False,True,True,,True,False,True,,True
D000936,pay_39582281,item_not_received,4247.95,2026-08-21,True,False,False,,True,False,True,False,False,True,False,True
D000535,pay_13005444,unauthorized_transaction,6716.63,2026-03-17,True,False,True,False,False,,False,False,,False,True,False
D003233,pay_56543232,item_not_as_described,974.68,2026-10-06,True,,,True,True,True,,False,True,True,False,True
D000540,pay_01828041,item_not_as_described,7551.62,2026-08-17,,True,True,False,False,,,True,False,True,True,False
D003841,pay_41925600,item_not_as_described,6281.42,2026-05-29,True,False,False,True,False,True,False,,False,True,True,True
D002750,pay_23761072,unauthorized_transaction,1574.18,2026-07-30,False,True,True,True,False,False,False,True,True,True,False,False
D000769,pay_56278367,unauthorized_transaction,4629.64,2026-07-10,True,False,False,False,False,True,True,True,False,True,,True
D004235,pay_60002568,item_not_received,3843.73,2026-02-04,False,False,True,,,True,True,,True,False,True,False
D005814,pay_56811808,item_not_as_described,1017.31,2026-06-07,True,True,False,True,True,True,True,True,False,,,True
D000177,pay_13068017,duplicate_charge,5558.15,2026-01-23,True,True,True,,True,False,False,,,False,False,False
D005996,pay_81296745,item_not_received,5885.75,2026-06-08,False,,False,True,False,,True,False,,False,True,False
D003060,pay_30795519,duplicate_charge,2512.73,2026-07-25,,True,,True,,,False,False,True,True,,True
D001580,pay_88407566,duplicate_charge,4643.07,2026-02-15,False,True,True,False,True,False,True,True,False,False,False,False
D005207,pay_13547489,item_not_received,2455.69,2026-08-07,True,False,True,True,False,False,False,True,False,True,True,True
D005405,pay_71380993,unauthorized_transaction,4061.74,2026-01-29,True,,True,True,True,,False,False,True,False,False,True
D003536,pay_18910704,unauthorized_transaction,1367.75,2026-09-21,True,True,False,,False,True,True,True,True,False,True,True
D002959,pay_80136886,item_not_as_described,933.06,2026-09-07,True,False,False,False,False,True,True,True,True,False,False,True
D003679,pay_10667980,duplicate_charge,7370.29,2026-01-16,False,True,True,True,True,True,False,False,,True,False,True
D002756,pay_44728386,unauthorized_transaction,2741.61,2026-10-02,False,False,False,True,True,True,True,False,False,,True,True
D001542,pay_82800188,unauthorized_transaction,4013.99,2026-10-17,False,True,False,True,False,True,False,,False,True,True,True
D001864,pay_92654894,unauthorized_transaction,4066.58,2026-07-18,True,True,False,True,False,,False,,True,True,,True
D005968,pay_15774232,unauthorized_transaction,5996.67,2026-03-23,True,,False,False,True,,False,False,True,False,True,True
D004896,pay_74366281,item_not_received,5028.55,2026-06-17,True,True,True,True,False,False,True,,True,False,False,True
D004699,pay_23228307,unauthorized_transaction,6968.65,2026-10-05,True,True,True,True,True,True,True,True,False,False,True,True
D004057,pay_88980634,item_not_as_described,6824.96,2026-04-09,True,False,True,,False,True,True,False,True,False,False,True
D004368,pay_16396937,item_not_as_described,1895.62,2026-03-17,False,True,True,False,False,False,,True,False,False,True,False
D005195,pay_22666534,unauthorized_transaction,1514.3,2026-04-26,True,True,False,False,True,,True,False,,False,True,True
D004799,pay_19876752,unauthorized_transaction,1748.11,2026-05-25,False,False,False,True,False,False,,False,True,True,True,True
D005014,pay_02417597,item_not_received,1733.09,2026-04-26,,True,True,False,False,False,True,False,True,False,False,False
D001780,pay_98078637,item_not_received,2908.98,2026-07-13,False,,True,False,True,False,,,False,True,True,True
D003070,pay_38842650,duplicate_charge,4178.69,2026-07-11,True,True,True,False,,False,True,True,False,True,,True
D001502,pay_56496752,item_not_as_described,5630.83,2026-04-12,True,True,False,True,False,True,False,True,,True,False,False
D003146,pay_71035782,item_not_as_described,3604.93,2026-05-06,,False,False,True,,False,False,False,False,,False,False
D004261,pay_04566051,unauthorized_transaction,1933.99,2026-10-03,False,,True,True,True,False,True,True,,True,True,True
D003044,pay_56311741,item_not_received,5761.98,2026-09-24,False,True,False,True,False,False,True,,,False,True,True
D004131,pay_71503162,item_not_as_described,1423.89,2026-07-08,True,True,True,True,False,False,True,False,True,False,False,False
D000220,pay_34008132,unauthorized_transaction,1027.53,2026-10-20,True,False,True,False,True,,True,False,,,True,False
D005674,pay_73746731,duplicate_charge,5289.59,2026-03-13,True,True,True,True,False,False,False,True,,True,True,False
D003095,pay_94639132,unauthorized_transaction,797.34,2026-06-16,True,True,True,True,False,True,False,False,True,True,True,False
D004700,pay_36866024,item_not_as_described,4306.09,2026-03-26,,False,,True,False,,True,True,True,True,True,True
D001439,pay_99027253,item_not_received,4101.54,2026-04-13,True,True,True,True,,False,True,False,False,False,False,True
D005005,pay_05878144,duplicate_charge,7219.88,2026-03-20,False,True,False,False,True,False,False,True,,False,False,True
D000587,pay_18435232,duplicate_charge,4653.83,2026-07-04,True,True,True,False,False,True,True,True,True,True,True,True
D000242,pay_16908967,item_not_received,1790.83,2026-10-22,True,False,True,True,,True,False,True,False,,False,True
D004864,pay_62154485,duplicate_charge,6403.2,2026-10-02,True,,True,False,,False,,True,False,False,True,True
D005046,pay_65516320,duplicate_charge,2896.19,2026-02-23,True,,True,True,True,True,True,False,False,False,True,True
D004294,pay_23908100,unauthorized_transaction,4135.78,2026-01-31,False,True,False,True,True,False,False,False,False,,False,True
D001605,pay_61159640,item_not_received,4877.76,2026-01-18,False,False,,False,True,False,False,False,True,True,,False
D004985,pay_44272710,item_not_as_described,3482.49,2026-06-22,False,False,True,True,False,True,True,True,True,,False,True
D005104,pay_81684412,duplicate_charge,2513.26,2026-03-19,True,,True,,,False,True,False,,False,True,True
D001877,pay_85015986,unauthorized_transaction,1230.72,2026-03-07,False,True,True,False,,,True,True,True,True,,False
D002874,pay_61873913,item_not_received,1116.06,2026-07-08,False,True,False,True,True,,True,True,False,,False,True
D001205,pay_23603201,duplicate_charge,726.48,2026-09-14,True,True,False,False,True,False,False,True,True,False,,False
D002104,pay_13603954,item_not_as_described,3041.68,2026-05-19,False,False,False,True,True,False,False,True,False,,True,False
D000923,pay_20087920,duplicate_charge,7591.48,2026-04-06,False,False,False,False,False,,True,True,False,False,,True
D003870,pay_03043344,unauthorized_transaction,1219.3,2026-04-09,False,True,False,,False,,False,,False,False,True,True
D004589,pay_55587544,duplicate_charge,5280.95,2026-06-25,True,False,True,True,True,False,,,False,False,False,True
D005813,pay_70774607,item_not_as_described,4123.33,2026-09-25,False,,True,False,False,,True,,True,True,True,True
D003274,pay_28839003,duplicate_charge,7867.78,2026-08-01,True,True,True,True,True,True,False,False,True,False,False,False
D003471,pay_76837383,item_not_received,3859.59,2026-01-20,,,True,False,,,True,True,False,True,True,False
D005314,pay_77513655,item_not_received,5555.57,2026-01-04,False,True,False,False,False,False,False,False,True,True,True,True
D004466,pay_59806154,item_not_as_described,6747.81,2026-10-17,False,,False,True,True,True,False,True,True,True,False,False
D002990,pay_41236333,item_not_as_described,3294.47,2026-08-16,True,True,True,False,False,True,True,True,True,False,False,True
D003376,pay_44698246,item_not_as_described,4702.87,2026-09-09,,,True,True,True,False,False,,False,False,,True
D001115,pay_28013349,item_not_as_described,6513.28,2026-06-24,True,True,True,False,False,,False,False,,True,True,False
D000609,pay_08446205,duplicate_charge,7911.16,2026-06-06,False,,True,False,False,True,False,True,False,,False,True
D001035,pay_62473285,unauthorized_transaction,5689.25,2026-04-11,True,False,True,False,,,True,False,True,,True,True
D004217,pay_70045481,duplicate_charge,6076.21,2026-08-07,True,False,True,False,True,False,False,True,,False,False,True
D003324,pay_30015184,item_not_as_described,2811.5,2026-09-22,,,True,True,True,False,False,,,False,True,False
D004175,pay_53588649,item_not_as_described,3191.97,2026-09-25,True,False,False,,True,False,,False,False,False,True,True
D002612,pay_23066818,duplicate_charge,870.57,2026-07-19,True,False,False,False,True,,False,False,False,False,True,False
D005538,pay_94142633,item_not_as_described,2404.01,2026-10-27,,True,True,True,False,False,True,True,,,True,True
D003317,pay_21607467,duplicate_charge,5202.41,2026-08-23,True,True,True,True,True,False,,True,True,True,,True
D001368,pay_36414583,unauthorized_transaction,5840.25,2026-03-10,,True,True,True,False,,True,True,False,False,False,True
D002851,pay_49569296,item_not_as_described,6996.66,2026-03-23,True,,True,False,False,True,False,,True,True,False,True
D000797,pay_68348181,unauthorized_transaction,3779.74,2026-03-25,False,True,False,True,False,,,False,False,True,,True
D000585,pay_27248252,duplicate_charge,5676.78,2026-06-09,False,True,,False,True,True,False,True,True,False,False,True
D001597,pay_05467460,item_not_as_described,2869.2,2026-10-12,True,,True,True,,False,False,True,False,True,True,False
D002160,pay_23820522,item_not_as_described,3172.87,2026-06-26,True,False,False,True,True,False,True,False,True,False,True,False
D002235,pay_44720933,unauthorized_transaction,3881.15,2026-01-21,True,False,True,False,True,False,False,True,True,True,False,True
D005929,pay_51565409,unauthorized_transaction,2694.37,2026-02-23,False,False,False,False,True,True,,False,,True,True,False
D003910,pay_67678548,item_not_as_described,4150.83,2026-10-23,True,False,True,True,False,False,True,False,True,True,True,True
D005990,pay_62764072,unauthorized_transaction,2285.11,2026-04-29,False,True,True,False,True,True,True,True,,False,False,True
D002907,pay_15268369,item_not_as_described,2930.21,2026-03-13,False,True,True,True,False,True,True,True,True,False,True,True
D000619,pay_15054603,item_not_received,523.25,2026-01-20,True,True,True,False,False,False,True,True,True,False,True,False
D005593,pay_25234460,duplicate_charge,6137.13,2026-09-11,True,False,True,False,True,False,False,True,True,False,True,True
D005696,pay_98149231,unauthorized_transaction,3357.22,2026-06-10,True,True,True,True,False,True,False,,False,True,False,True
D003325,pay_87954669,item_not_received,2550.84,2026-06-11,False,False,False,True,True,True,True,False,True,False,,False
D003170,pay_14277359,unauthorized_transaction,4998.26,2026-09-21,,True,True,,True,True,False,True,False,True,True,True
D004792,pay_77081994,item_not_as_described,4777.68,2026-05-16,True,False,False,False,True,False,True,True,True,False,,True
D001177,pay_28800037,item_not_received,5111.73,2026-05-24,False,True,,False,False,True,False,False,False,,False,False
D001781,pay_24799632,unauthorized_transaction,2177.72,2026-06-04,False,False,False,False,False,True,False,True,False,,False,False
D000026,pay_76745380,duplicate_charge,1752.62,2026-05-04,False,False,False,True,False,False,True,,False,False,True,False
D001298,pay_81135186,item_not_received,4994.26,2026-08-23,,True,False,False,True,True,True,True,False,False,True,False
D003892,pay_96446825,item_not_received,6660.55,2026-05-20,False,,False,True,True,True,,False,True,True,False,False
D003178,pay_62155399,unauthorized_transaction,6031.04,2026-08-11,True,True,True,True,False,True,False,False,True,False,False,True
D002834,pay_63119908,unauthorized_transaction,6305.38,2026-10-13,True,False,False,True,False,False,True,False,False,True,,True
D004872,pay_18744629,item_not_received,541.31,2026-07-18,False,False,True,,True,False,False,True,True,False,True,False
D003026,pay_17772371,item_not_as_described,4765.6,2026-09-10,True,False,True,False,True,True,,True,False,False,True,True
D002655,pay_41716556,duplicate_charge,7575.48,2026-05-25,True,False,True,False,False,True,False,True,True,False,False,False
D004851,pay_74800120,item_not_received,7594.22,2026-09-10,,True,True,True,False,,,True,False,True,True,True
D002720,pay_07616250,item_not_as_described,4862.66,2026-02-05,,False,True,,True,False,True,False,True,True,True,False
D001845,pay_35277213,duplicate_charge,1704.16,2026-06-23,,True,True,False,,False,True,False,False,False,,False
D002076,pay_31282817,item_not_received,1766.68,2026-08-17,True,,True,False,False,False,False,True,True,True,,False
D005030,pay_45139762,item_not_received,6329.89,2026-01-26,False,True,True,,False,False,True,False,False,False,True,False
D001585,pay_90018310,item_not_received,6870.98,2026-08-16,True,False,True,True,False,True,True,True,True,False,True,True
D003388,pay_21946590,item_not_as_described,2796.78,2026-07-29,,False,True,False,,True,False,False,True,False,True,True
D005355,pay_91722609,item_not_received,2476.6,2026-06-16,True,False,True,True,False,False,False,True,True,False,False,False
D001534,pay_14963482,item_not_received,683.85,2026-06-06,,,True,False,False,True,,True,True,False,False,False
D002056,pay_43754074,item_not_as_described,7392.34,2026-10-11,,False,True,False,False,False,,False,False,True,False,False
D000411,pay_95386636,item_not_received,627.67,2026-07-31,True,True,True,True,False,True,True,True,False,True,True,False
D005644,pay_88802666,item_not_received,7016.94,2026-06-16,False,True,False,False,,False,False,False,,False,True,True
D002021,pay_45541542,item_not_as_described,2578.02,2026-05-04,,True,True,True,True,True,True,False,True,True,False,True
D001039,pay_03237762,item_not_received,5434.14,2026-09-29,False,False,True,False,True,False,False,True,False,,True,False
D005612,pay_98899859,item_not_as_described,5964.33,2026-04-01,False,True,True,True,False,True,True,False,True,,False,False
D001737,pay_91139765,duplicate_charge,3663.51,2026-05-30,False,True,False,False,False,True,True,True,False,False,,False
D003710,pay_89996273,item_not_received,5006.9,2026-05-08,,True,,True,True,True,True,False,,False,False,False
D003880,pay_55582572,item_not_received,5975.97,2026-09-24,False,False,False,False,True,True,True,False,False,True,True,False
D000135,pay_15704681,item_not_as_described,4174.4,2026-06-25,False,True,True,True,True,False,False,False,False,True,False,False
D004196,pay_24959071,item_not_as_described,7753.07,2026-08-31,False,,False,False,False,True,True,False,,,True,True
D001609,pay_90354405,item_not_received,1550.43,2026-09-21,False,True,True,False,False,False,False,,True,True,True,True
D001295,pay_88773575,unauthorized_transaction,6143.54,2026-02-24,True,True,True,True,False,False,True,True,True,True,False,True
D005303,pay_09054844,duplicate_charge,3615.25,2026-06-14,True,False,True,True,True,False,False,True,True,,,True
D000691,pay_65025705,unauthorized_transaction,2087.38,2026-10-20,True,False,False,True,False,True,False,True,True,,True,False
D004464,pay_26172775,duplicate_charge,4284.93,2026-01-19,True,True,,,True,True,True,False,False,,True,False
D003574,pay_31386005,duplicate_charge,3522.08,2026-05-24,False,True,True,True,False,True,True,True,False,True,,True
D000762,pay_18184258,duplicate_charge,1874.63,2026-05-07,False,,True,False,,False,False,True,False,True,False,True
D003872,pay_02677414,item_not_as_described,1460.9,2026-07-08,False,False,True,False,True,False,True,False,False,False,False,True
D000375,pay_92569837,item_not_as_described,2271.75,2026-04-05,False,True,False,False,False,True,True,True,True,,False,True
D005057,pay_98688176,item_not_as_described,5385.06,2026-03-27,False,False,True,False,True,True,False,True,False,True,,False
D005354,pay_90318679,duplicate_charge,1781.1,2026-03-23,True,False,True,True,,True,True,True,False,True,False,True
D000982,pay_80226958,item_not_as_described,7340.35,2026-02-17,True,,True,False,True,False,True,True,,False,False,False
D005347,pay_08002272,item_not_as_described,5491.75,2026-10-20,,False,True,True,False,True,,False,False,True,False,True
D001175,pay_32256463,unauthorized_transaction,6174.12,2026-07-04,True,,,,True,,True,False,False,True,True,True
D000001,pay_36231783,duplicate_charge,1558.2,2026-07-15,True,False,False,,,,True,True,True,False,True,False
D001172,pay_03722095,duplicate_charge,1114.72,2026-10-28,False,False,True,True,True,True,,True,,False,False,True
D002656,pay_93872965,item_not_received,6812.86,2026-01-04,False,False,False,False,True,,True,True,,,True,False
D002222,pay_53271697,duplicate_charge,3047.94,2026-09-19,True,,False,True,True,False,True,,True,True,,True
D001339,pay_10032677,duplicate_charge,4895.01,2026-01-04,True,True,True,True,,True,True,True,,False,,False
D000146,pay_92396361,item_not_received,4774.29,2026-09-02,True,True,False,False,,True,,False,True,True,True,True
D004147,pay_36429637,unauthorized_transaction,666.99,2026-08-15,False,False,True,True,True,False,False,,True,True,True,False
D000465,pay_47816281,unauthorized_transaction,2442.91,2026-02-13,,False,,False,True,False,False,True,True,False,True,False
D001989,pay_23222958,item_not_as_described,7681.55,2026-02-16,False,True,True,,False,,,False,True,True,False,False
D001159,pay_06513672,item_not_as_described,5846.32,2026-10-22,False,True,True,True,True,True,True,True,False,False,False,True
D005645,pay_30545172,item_not_received,1403.76,2026-02-24,False,False,True,False,False,,,True,,True,True,True
D002400,pay_64825035,item_not_received,1165.15,2026-02-05,False,False,True,False,False,False,,True,False,True,True,True
D003831,pay_95579888,duplicate_charge,3604.65,2026-02-15,False,False,True,True,False,True,True,False,True,True,True,False
D001470,pay_46001656,duplicate_charge,5923.99,2026-01-08,True,False,False,False,False,True,True,True,True,True,False,False
D005699,pay_83753416,item_not_received,2882.77,2026-06-21,True,True,,True,True,,True,,True,True,True,True
D003753,pay_74902980,duplicate_charge,5451.24,2026-01-27,False,True,True,False,True,True,,False,True,,True,False
D005724,pay_94496696,item_not_as_described,1053.64,2026-08-21,False,True,False,False,,False,True,False,False,True,False,True
D000710,pay_35871807,item_not_received,2476.98,2026-08-19,True,True,True,True,True,,True,True,False,False,False,True
D004492,pay_39255725,duplicate_charge,5479.68,2026-06-07,False,False,,True,False,True,True,True,True,True,True,True
D004396,pay_07082522,item_not_received,658.71,2026-07-28,True,True,False,True,False,False,,False,True,False,False,False
D001114,pay_28870922,item_not_as_described,2534.03,2026-09-29,False,,,True,False,,True,True,False,,True,True
D003208,pay_06892188,item_not_as_described,3650.69,2026-01-07,False,False,True,True,True,False,False,True,,False,True,False
D003839,pay_90894810,item_not_received,5502.06,2026-05-07,False,False,True,True,,,True,True,False,True,True,True
D001513,pay_28803839,unauthorized_transaction,1181.06,2026-08-10,False,False,True,False,False,True,True,False,True,False,False,True
D004539,pay_98472031,duplicate_charge,2603.52,2026-01-07,False,True,False,,False,False,True,True,False,True,True,True
D000932,pay_61445558,item_not_received,4122.31,2026-02-16,,False,True,True,False,False,False,False,False,True,False,True
D001825,pay_03505391,unauthorized_transaction,6830.32,2026-06-16,False,True,False,True,,False,True,True,True,True,False,False
D004126,pay_64813627,item_not_as_described,7101.28,2026-05-01,,,True,True,True,True,False,True,True,False,True,False
D005114,pay_26967979,unauthorized_transaction,3408.34,2026-03-06,False,True,False,,,False,False,,False,,False,False
D002595,pay_03463496,duplicate_charge,4569.64,2026-07-02,True,False,False,False,True,False,True,,True,,False,False
D001711,pay_84833750,item_not_as_described,5628.08,2026-03-05,True,True,True,True,True,False,False,True,True,True,True,False
D001237,pay_82684135,duplicate_charge,5815.26,2026-09-30,False,False,False,True,True,False,True,False,False,False,False,True
D001028,pay_28834736,unauthorized_transaction,7542.92,2026-05-17,False,True,False,True,False,True,,,False,False,True,True
D001769,pay_02920166,duplicate_charge,5605.68,2026-04-04,,True,True,True,False,True,False,True,True,False,False,False
D001110,pay_66298133,unauthorized_transaction,5269.59,2026-04-16,False,False,True,False,True,False,False,False,True,True,False,False
D004570,pay_15312643,unauthorized_transaction,6594.77,2026-09-18,False,False,False,False,False,,False,False,True,False,True,False
D004406,pay_73951299,item_not_as_described,6147.46,2026-07-31,True,True,True,False,True,False,True,,True,True,False,True
D004098,pay_38978614,duplicate_charge,2495.45,2026-09-22,True,True,,,True,True,True,True,True,,True,True
D004785,pay_35291834,item_not_received,4574.49,2026-07-20,True,True,True,True,False,,False,False,False,True,True,True
D000173,pay_88305426,item_not_received,5854.31,2026-09-08,True,False,False,False,True,True,False,True,False,True,,True
D003200,pay_50865241,duplicate_charge,5711.85,2026-01-26,False,False,True,,False,True,True,True,,False,False,False
D005462,pay_59047424,item_not_received,7890.97,2026-01-15,,False,True,True,,True,False,,True,True,,True
D001449,pay_03957100,item_not_as_described,826.03,2026-07-21,True,False,,True,True,False,False,True,False,True,True,False
D000657,pay_54551046,duplicate_charge,6736.4,2026-01-28,True,,True,True,False,True,True,False,,False,False,False
D004972,pay_16852888,unauthorized_transaction,5923.98,2026-07-06,True,,False,True,False,False,True,,False,False,,True
D003907,pay_01392380,item_not_as_described,4902.55,2026-10-28,True,True,True,,False,True,,False,,True,False,True
D000997,pay_61249525,duplicate_charge,4973.93,2026-04-23,True,False,True,True,True,False,,,False,,False,True
D003901,pay_24976037,duplicate_charge,1508.26,2026-08-22,True,,,,True,,,False,True,,False,True
D000231,pay_15940510,item_not_received,7569.34,2026-07-10,True,True,True,True,True,False,False,,,,True,False
D004138,pay_93352233,unauthorized_transaction,4969.81,2026-08-12,False,True,True,,True,True,False,,True,True,False,False
D000246,pay_50233144,item_not_received,3288.49,2026-09-19,True,False,True,False,False,,True,,False,True,False,False
D000313,pay_93276632,unauthorized_transaction,7021.12,2026-04-17,True,True,True,True,True,True,False,False,False,True,True,True
D002314,pay_85452044,duplicate_charge,542.66,2026-08-24,,,False,False,True,,True,True,True,False,False,False
D002379,pay_29333527,item_not_as_described,3200.08,2026-05-12,True,True,True,False,True,False,True,False,,True,True,False
D002764,pay_67653102,duplicate_charge,6249.87,2026-10-18,True,True,True,True,True,False,True,True,False,True,True,True
D005725,pay_18065748,unauthorized_transaction,509.8,2026-01-17,True,,False,True,True,False,False,False,True,,True,True
D001988,pay_32527688,item_not_received,987.33,2026-08-25,False,,True,False,False,False,True,True,,True,True,True
D001057,pay_43668412,item_not_as_described,4510.62,2026-01-07,True,,True,False,True,False,True,False,True,True,,False
D004850,pay_03441803,item_not_received,339.35,2026-10-21,True,,False,False,,True,,False,False,False,True,False
D004313,pay_36141702,item_not_as_described,6973.87,2026-07-04,True,False,False,True,True,,True,True,True,True,,True
D004728,pay_67323164,item_not_as_described,1230.57,2026-07-01,False,,True,False,False,False,False,False,True,True,,False
D005076,pay_13004613,item_not_as_described,447.53,2026-07-13,False,False,True,,,False,True,False,True,,True,False
D002297,pay_10393865,unauthorized_transaction,760.16,2026-09-30,False,,False,True,,False,True,True,True,,True,False
D003407,pay_30468898,item_not_as_described,1870.09,2026-05-20,True,False,True,False,,True,True,False,True,False,False,True
D003346,pay_08584411,item_not_received,3132.69,2026-04-21,True,True,False,True,,True,,True,True,True,False,False
D000768,pay_39215457,item_not_as_described,677.38,2026-09-24,False,False,False,True,True,False,True,False,True,False,True,False
D001308,pay_94611088,duplicate_charge,7688.54,2026-08-24,False,True,True,True,True,False,True,False,True,False,,True
D002459,pay_36110325,item_not_received,6286.02,2026-09-14,False,False,True,True,False,False,,False,True,True,True,True
D004614,pay_73337414,duplicate_charge,2024.44,2026-03-14,False,False,,False,True,False,True,False,False,True,True,False
D001683,pay_94857006,duplicate_charge,2574.3,2026-09-06,True,False,True,,True,,,,True,True,False,True
D004043,pay_32831388,unauthorized_transaction,2133.46,2026-06-01,False,False,True,False,False,False,False,,,True,False,False
D004846,pay_22421569,item_not_as_described,7820.27,2026-10-04,,False,False,False,False,True,False,,True,False,True,False
D001082,pay_45724641,duplicate_charge,6316.55,2026-06-17,True,True,True,,True,False,True,False,True,False,False,True
D000728,pay_58097544,duplicate_charge,4439.09,2026-10-27,False,False,False,False,,False,False,False,True,,True,True
D002460,pay_83759663,duplicate_charge,6937.09,2026-07-10,True,False,True,False,,False,False,,,,True,False
D005824,pay_02406095,item_not_received,359.56,2026-05-29,False,False,False,False,True,,True,True,False,False,False,True
D005588,pay_11627075,item_not_as_described,5255.26,2026-09-21,False,False,,True,False,True,True,False,True,False,False,True
D005131,pay_28646713,duplicate_charge,678.13,2026-07-30,False,False,False,False,,,True,False,False,False,True,True
D000995,pay_39665936,duplicate_charge,5342.27,2026-09-05,False,False,False,False,,False,True,True,,False,,True
D005788,pay_36810348,duplicate_charge,4679.31,2026-04-25,False,False,True,False,,True,False,,False,True,True,True
D005335,pay_22172897,item_not_received,1950.52,2026-03-04,True,True,False,True,True,True,,False,True,False,True,True
D003330,pay_55911961,duplicate_charge,3057.74,2026-03-13,True,,,True,False,True,,,True,True,False,False
D005922,pay_11065045,duplicate_charge,6263.58,2026-10-09,True,True,False,True,True,False,,False,False,,False,True
D001992,pay_78480063,duplicate_charge,5840.65,2026-04-26,True,False,True,,,True,False,True,False,,True,True
D005527,pay_65606972,item_not_as_described,5479.07,2026-09-16,False,True,True,False,False,True,True,False,True,True,False,True
D000790,pay_79977755,unauthorized_transaction,3081.07,2026-01-18,True,True,True,False,False,False,False,False,,True,True,True
D003506,pay_00186251,item_not_as_described,1337.76,2026-02-28,False,True,False,True,False,True,False,False,True,False,,True
D000906,pay_52548059,item_not_received,3992.03,2026-04-22,,False,True,False,True,False,False,True,,False,,True
D003975,pay_80881021,item_not_as_described,3011.13,2026-03-28,True,,False,True,False,True,True,False,False,False,True,True
D005297,pay_47189168,duplicate_charge,574.41,2026-10-23,True,False,False,False,True,True,True,False,True,True,False,False
D003174,pay_16565997,item_not_as_described,5526.48,2026-05-19,True,True,False,True,True,True,True,,True,True,,True
D003612,pay_84725548,duplicate_charge,3881.21,2026-08-17,False,False,False,True,False,True,,,False,True,True,True
D002768,pay_14139162,item_not_received,3394.67,2026-04-17,False,True,False,False,True,,True,False,,False,False,False
D003618,pay_52915805,unauthorized_transaction,6285.26,2026-03-05,True,False,False,True,False,True,,True,False,False,True,True
D001723,pay_77390548,duplicate_charge,4172.28,2026-10-25,True,,False,False,True,False,True,,False,,True,False
D002758,pay_42168820,item_not_received,2265.82,2026-07-07,,False,True,False,False,True,False,True,,True,True,True
D005299,pay_82823925,item_not_as_described,2168.28,2026-02-15,True,True,True,True,True,,False,,,,False,True
D004886,pay_33292401,duplicate_charge,5980.48,2026-04-03,True,True,False,,False,,False,,True,True,True,True
D003783,pay_90383721,unauthorized_transaction,1137.48,2026-04-05,True,True,True,True,True,True,,,,True,False,False
D002467,pay_04336952,item_not_as_described,2127.78,2026-09-24,True,True,True,True,True,True,False,True,True,True,True,True
D000034,pay_65802771,unauthorized_transaction,3582.31,2026-02-26,False,,,,True,False,True,False,False,,False,True
D000238,pay_82334886,item_not_as_described,3055.22,2026-02-17,False,False,,True,False,True,True,,True,,True,False
D004159,pay_38402458,duplicate_charge,3577.6,2026-08-04,True,False,True,,True,,True,True,False,False,True,True
D003608,pay_73178227,item_not_received,7910.21,2026-05-24,,True,True,,True,True,True,False,False,False,,True
D004084,pay_96211998,unauthorized_transaction,4504.63,2026-05-07,False,,,True,False,False,False,True,False,False,True,False
D005860,pay_49235235,item_not_received,7746.05,2026-06-25,True,True,False,True,True,False,False,True,True,True,True,True
D003830,pay_90129416,duplicate_charge,5469.86,2026-04-29,True,False,False,True,,False,True,False,True,,False,True
D003490,pay_34912692,duplicate_charge,5756.34,2026-02-11,False,False,True,False,False,False,True,True,False,True,True,False
D003704,pay_93022367,unauthorized_transaction,7979.79,2026-10-28,True,True,False,True,,True,True,False,False,,False,False
D003617,pay_57238982,unauthorized_transaction,4446.9,2026-10-24,True,True,False,True,True,,True,True,True,False,True,True
D005017,pay_07463746,unauthorized_transaction,2538.9,2026-01-09,True,,True,True,True,False,False,True,,,True,True
D005609,pay_26176967,unauthorized_transaction,3706.21,2026-02-02,False,True,False,False,False,True,True,True,False,False,True,False
D003414,pay_78191310,item_not_received,5661.1,2026-03-09,True,False,False,True,False,True,,False,True,False,False,False
D003250,pay_44705347,item_not_as_described,4749.61,2026-07-24,True,False,True,True,True,False,True,False,,True,True,True
D000992,pay_92499462,item_not_as_described,6167.86,2026-03-20,True,False,False,False,True,,False,False,True,False,False,True
D001735,pay_35451180,item_not_as_described,514.73,2026-01-28,True,True,,,False,False,True,False,True,True,True,True
D002492,pay_94752040,item_not_received,4112.72,2026-04-25,False,False,False,False,True,True,False,False,False,True,False,True
D000853,pay_35413896,item_not_as_described,6477.46,2026-02-09,True,False,True,False,False,False,,False,False,,True,False
D000659,pay_57166869,duplicate_charge,5314.62,2026-09-09,True,True,True,True,True,True,False,False,,True,False,False
D001971,pay_27457680,unauthorized_transaction,3134.23,2026-10-17,True,True,,False,False,False,False,True,False,True,True,False
D001789,pay_66772796,unauthorized_transaction,5078.6,2026-05-25,True,True,True,True,True,False,True,False,,,False,True
D004698,pay_28738743,duplicate_charge,6447.99,2026-07-11,True,True,True,,False,False,,True,False,False,True,True
D004713,pay_03015110,duplicate_charge,2814.73,2026-07-07,False,,False,True,,False,False,False,False,True,,True
D005796,pay_92134755,duplicate_charge,456.99,2026-08-30,True,False,True,True,False,True,,True,,False,False,True
D005412,pay_91783705,unauthorized_transaction,5308.81,2026-09-19,True,False,False,True,True,True,True,,False,True,True,False
D002716,pay_04505399,unauthorized_transaction,6671.88,2026-07-17,True,,,True,True,True,False,False,True,True,True,True
D001190,pay_45622787,duplicate_charge,1968.05,2026-01-14,False,False,,True,True,,False,False,True,,,False
D002195,pay_97943654,duplicate_charge,1757.45,2026-05-15,True,,False,False,,False,,True,True,True,False,True
D000450,pay_01173934,duplicate_charge,7477.56,2026-05-07,,True,False,False,True,True,True,True,,True,False,True
D003620,pay_41975614,unauthorized_transaction,7493.81,2026-03-30,False,True,True,False,True,True,,False,True,False,True,True
D002814,pay_41955335,unauthorized_transaction,3603.45,2026-01-21,True,False,True,True,,True,False,True,True,,False,True
D004662,pay_78556493,item_not_received,5911.87,2026-01-28,False,True,,True,True,True,False,False,False,True,True,True
D000809,pay_81034844,item_not_received,7993.77,2026-04-23,True,True,True,False,False,False,False,True,False,False,False,False
D002619,pay_57288123,unauthorized_transaction,4146.25,2026-04-03,,False,True,False,True,,,False,True,False,False,False
D001548,pay_30486924,unauthorized_transaction,7729.37,2026-04-03,True,True,True,False,False,True,False,,False,False,True,False
D004859,pay_63731489,item_not_received,518.97,2026-10-11,,False,False,True,False,True,,False,True,True,False,False
D005113,pay_37366659,unauthorized_transaction,5191.93,2026-06-18,True,True,True,,False,False,True,False,,True,,False
D001823,pay_61647778,duplicate_charge,1390.9,2026-08-01,True,False,False,True,False,False,,False,True,True,True,True
D005704,pay_34780200,unauthorized_transaction,5426.06,2026-05-20,,,,False,True,True,True,,False,False,True,False
D001280,pay_95458362,duplicate_charge,942.65,2026-10-14,False,True,False,True,True,True,True,True,False,True,False,False
D002762,pay_36031084,unauthorized_transaction,426.07,2026-05-25,False,True,False,False,True,False,True,True,True,False,False,False
D005081,pay_48060038,item_not_received,1611.09,2026-07-16,True,False,True,True,False,,False,False,False,,True,False
D002728,pay_80077816,duplicate_charge,4040.67,2026-05-07,False,True,False,True,True,False,True,False,False,,True,True
D005806,pay_19425983,unauthorized_transaction,7072.79,2026-01-29,True,True,False,True,True,False,False,True,False,False,False,False
D002147,pay_69913855,unauthorized_transaction,3560.33,2026-01-08,False,True,False,,False,,True,False,,False,True,False
D004764,pay_60777180,item_not_received,2353.98,2026-08-18,True,True,,True,True,False,False,True,False,,True,True
D005224,pay_59023224,unauthorized_transaction,7921.28,2026-10-09,True,,False,True,False,False,True,False,True,False,True,False
D000069,pay_01226946,item_not_as_described,2082.04,2026-03-20,False,False,True,False,True,False,True,,True,False,True,True
D002955,pay_51277763,unauthorized_transaction,1894.53,2026-10-21,,False,True,True,False,False,,True,False,,False,True
D005880,pay_07399300,item_not_received,3642.0,2026-03-09,False,True,False,,True,True,,False,True,False,True,False
D004276,pay_93432710,item_not_received,6865.37,2026-09-25,True,False,False,False,True,True,False,,True,False,True,False
D002950,pay_67735350,item_not_as_described,1118.06,2026-04-04,,,True,True,False,False,False,False,True,False,,True
D002502,pay_62329625,item_not_received,684.85,2026-01-29,False,True,False,True,True,,True,False,False,,False,False
D000256,pay_23012852,item_not_as_described,5786.49,2026-10-20,False,True,False,True,,True,True,False,True,True,True,True
D004990,pay_38596700,unauthorized_transaction,7221.43,2026-03-19,True,True,True,,False,,True,True,True,True,True,True
D003135,pay_98357770,item_not_received,1805.98,2026-06-10,True,True,True,True,False,,False,True,True,True,False,True
D001524,pay_68809674,item_not_received,6147.86,2026-01-22,False,False,True,False,False,True,True,True,False,True,True,True
D003294,pay_30360483,duplicate_charge,5250.31,2026-02-28,True,True,False,,,True,True,True,True,,True,True
D002575,pay_77056951,unauthorized_transaction,2916.4,2026-10-24,,False,False,True,False,False,True,True,False,True,True,True
D001905,pay_49495138,unauthorized_transaction,5765.56,2026-09-24,True,True,True,True,False,,True,True,,True,False,True
D004115,pay_20577592,item_not_received,4841.95,2026-09-20,True,True,False,True,True,False,True,True,False,False,True,True
D000614,pay_66961753,duplicate_charge,6407.09,2026-05-14,True,True,True,True,True,False,True,True,,True,False,True
D003281,pay_64651075,duplicate_charge,5033.81,2026-01-14,False,False,True,False,False,True,False,,,False,False,True
D002776,pay_52200427,duplicate_charge,2023.49,2026-01-24,True,True,,True,False,False,True,,,True,False,True
D003676,pay_94264821,item_not_received,2735.92,2026-06-23,False,True,True,True,,False,False,True,True,,,False
D003767,pay_73833602,item_not_received,6601.65,2026-05-20,True,True,False,True,False,False,True,False,False,True,True,False
D004849,pay_63647831,unauthorized_transaction,2989.53,2026-05-27,,False,True,True,False,False,False,True,False,,False,True
D004463,pay_05930614,item_not_received,996.0,2026-06-21,True,,False,True,False,True,True,True,True,True,True,False
D004722,pay_60014999,item_not_received,1828.94,2026-05-06,False,False,False,,,False,False,True,True,False,False,False
D005296,pay_09401835,item_not_received,2090.65,2026-04-28,True,True,True,False,False,False,False,True,,True,True,False
D003538,pay_81002327,unauthorized_transaction,3857.32,2026-05-21,False,True,True,True,True,True,False,False,,,True,True
D004358,pay_25091779,unauthorized_transaction,4569.7,2026-03-30,False,False,False,,False,False,True,False,True,,True,True
D000236,pay_78538733,item_not_received,3005.92,2026-04-20,False,,True,True,False,True,,True,True,True,True,True
D005615,pay_66277400,item_not_as_described,981.94,2026-07-10,False,True,False,False,,False,False,True,True,True,False,True
D002040,pay_32176257,unauthorized_transaction,484.03,2026-07-05,True,True,False,True,False,True,True,True,True,,False,True
D005289,pay_99294383,item_not_as_described,1079.99,2026-06-26,False,False,False,True,False,False,False,False,True,,False,True
D002882,pay_62703100,unauthorized_transaction,6480.84,2026-03-18,False,True,False,True,False,True,,False,True,False,False,False
D004399,pay_35999523,item_not_received,5396.24,2026-09-13,False,True,True,False,False,,,,False,False,True,True
D000008,pay_89038526,unauthorized_transaction,6591.7,2026-06-04,False,False,,False,True,True,False,True,False,False,,False
D000620,pay_44103061,item_not_received,7051.68,2026-09-10,True,False,False,False,True,False,True,False,True,False,True,True
D005669,pay_03345193,item_not_received,3976.57,2026-03-15,True,True,False,True,True,,False,True,False,False,True,False
D004907,pay_50600459,item_not_as_described,6170.98,2026-06-09,False,,,False,True,True,True,False,True,True,True,True
D004102,pay_72881627,item_not_received,6321.48,2026-02-15,,False,True,False,,,True,True,False,,,False
D004321,pay_54536242,unauthorized_transaction,7645.64,2026-10-27,True,True,False,,True,False,True,True,False,True,True,False
D004827,pay_91271060,item_not_received,1363.79,2026-10-18,,True,True,,False,True,True,False,False,True,False,True
D000381,pay_34273540,unauthorized_transaction,1832.19,2026-05-14,False,False,True,False,,False,False,False,False,True,True,False
D001897,pay_93423420,item_not_as_described,5042.16,2026-02-25,False,,True,True,True,True,True,True,False,,False,False
D000567,pay_87890289,item_not_as_described,2446.33,2026-05-24,False,False,True,True,False,False,False,True,True,True,,False
D000105,pay_63632249,unauthorized_transaction,6210.31,2026-01-06,,False,False,False,False,True,True,False,False,True,True,False
D003098,pay_06539174,unauthorized_transaction,2336.8,2026-03-18,False,True,,,False,False,True,,True,True,True,True
D003435,pay_88556219,item_not_received,7288.24,2026-02-13,False,False,True,False,,False,False,True,,False,False,True
D003002,pay_37373533,unauthorized_transaction,4343.76,2026-01-23,False,True,True,True,,False,False,True,False,,False,True
D001309,pay_13794158,unauthorized_transaction,1925.39,2026-06-02,True,True,False,False,,False,,False,False,True,False,True
D005487,pay_26055890,item_not_as_described,2227.26,2026-01-20,False,True,False,False,,,False,False,True,False,False,True
D004871,pay_34945814,duplicate_charge,7831.68,2026-03-08,True,False,True,False,,True,,True,False,True,False,True
D003084,pay_07330912,item_not_as_described,1334.39,2026-01-03,False,False,False,True,False,True,,True,True,False,,True
D000414,pay_84380335,item_not_received,1518.76,2026-10-11,,,False,True,True,True,False,True,,False,False,False
D002090,pay_92154973,item_not_received,6713.07,2026-07-07,,,,True,True,True,False,True,True,,False,False
D004784,pay_27890659,duplicate_charge,2853.47,2026-07-06,True,,True,False,,,True,,True,False,True,False
D003039,pay_37151280,unauthorized_transaction,3412.31,2026-07-10,True,True,,True,True,,False,False,True,True,True,True
D004316,pay_91138192,item_not_received,5471.31,2026-08-03,False,,True,True,,False,False,False,True,False,True,True
D000827,pay_91322964,item_not_received,2729.7,2026-09-05,False,False,True,True,True,False,True,True,False,True,True,True
D002646,pay_67969216,item_not_received,6123.36,2026-04-12,False,False,False,False,True,False,True,True,False,False,False,False
D003226,pay_90067375,item_not_received,6854.64,2026-04-01,True,True,True,False,False,,False,True,False,True,True,True
D003420,pay_17627553,unauthorized_transaction,4334.01,2026-03-21,False,True,False,True,True,False,,False,True,False,True,True
D002952,pay_47528798,duplicate_charge,1458.14,2026-01-09,True,,True,,False,False,False,True,False,True,False,False
D003043,pay_27184508,duplicate_charge,3454.16,2026-05-18,False,False,,True,False,,True,False,True,True,False,True
D005867,pay_35787756,unauthorized_transaction,5686.05,2026-01-07,True,False,False,False,True,False,True,,False,True,,False
D004697,pay_63564922,unauthorized_transaction,4591.23,2026-10-06,True,True,False,True,False,True,True,True,True,,False,True
D002366,pay_82135174,duplicate_charge,3068.39,2026-08-22,,True,,True,False,True,True,,False,False,True,True
D005739,pay_30376638,item_not_as_described,612.13,2026-08-12,True,,,False,True,,False,False,False,False,True,True
D001785,pay_47075687,unauthorized_transaction,3859.73,2026-01-12,False,,True,False,False,False,False,False,False,False,False,False
D004105,pay_55147638,item_not_as_described,2420.65,2026-07-03,True,True,,True,True,True,True,True,True,False,False,True
D004795,pay_84794478,unauthorized_transaction,1116.1,2026-02-12,False,False,True,False,False,True,True,True,False,,False,False
D005572,pay_43904188,duplicate_charge,7902.53,2026-07-09,False,True,False,False,False,True,True,False,False,False,True,False
D004329,pay_29847722,item_not_received,7296.11,2026-06-26,True,True,False,False,True,True,False,,True,True,True,True
D004394,pay_96354556,item_not_received,5815.09,2026-09-26,True,False,True,False,False,,,False,,False,True,True
D003844,pay_16149481,duplicate_charge,962.26,2026-01-30,False,True,,False,True,True,False,True,False,True,True,False
D001913,pay_15067322,item_not_received,2790.55,2026-07-11,True,False,,False,True,,True,True,,False,True,False
D005809,pay_74389856,item_not_as_described,1174.78,2026-09-27,True,False,False,False,False,False,True,False,False,,,False
D003352,pay_66864307,unauthorized_transaction,3989.86,2026-06-29,True,False,,False,,False,True,False,True,False,True,False
D004072,pay_23356598,duplicate_charge,2098.42,2026-08-31,False,False,True,True,True,True,True,True,False,True,True,False
D005598,pay_75978013,item_not_received,1061.01,2026-01-04,False,False,True,False,True,True,True,True,False,,True,True
D001372,pay_09395470,duplicate_charge,6851.52,2026-07-31,False,True,False,True,False,True,False,False,,True,False,True
D000991,pay_32507587,item_not_as_described,2070.5,2026-03-19,,True,False,,True,False,True,True,True,,False,True
D002383,pay_18515506,item_not_as_described,364.42,2026-07-20,False,True,False,True,False,True,True,True,True,True,,True
D005343,pay_83363808,item_not_received,3487.21,2026-08-17,False,False,True,,True,False,,True,False,True,True,True
D002280,pay_75004839,item_not_received,6726.93,2026-01-10,True,True,False,True,False,True,,True,,True,True,True
D000325,pay_88436745,unauthorized_transaction,4735.5,2026-09-18,False,False,True,True,True,True,False,False,True,False,True,False
D005338,pay_68736144,item_not_received,3414.37,2026-07-08,True,False,False,True,True,True,False,True,True,,True,False
D004485,pay_03502126,duplicate_charge,7001.3,2026-07-28,False,False,True,False,False,False,,False,False,True,True,False
D005317,pay_73518016,item_not_received,1958.03,2026-10-21,,False,True,True,False,True,False,False,False,,True,True
D000912,pay_67986964,item_not_as_described,6591.45,2026-06-14,True,,False,False,False,False,False,True,False,,False,False
D001743,pay_29743493,unauthorized_transaction,1228.33,2026-05-18,False,False,True,True,False,True,,True,True,False,,False
D002427,pay_42510067,unauthorized_transaction,2643.88,2026-02-11,True,False,False,False,,,True,False,False,True,True,False
D005068,pay_08559576,unauthorized_transaction,6406.68,2026-05-17,False,True,False,True,True,False,True,True,True,True,True,True
D000354,pay_24025724,duplicate_charge,1770.58,2026-07-12,,False,True,,True,,False,True,False,True,False,False
D005220,pay_44576387,duplicate_charge,2598.99,2026-01-16,True,,True,False,True,False,True,False,False,False,,False
D002670,pay_99032554,item_not_received,7625.18,2026-08-25,True,True,False,True,True,True,True,True,False,False,True,True
D004895,pay_29912408,duplicate_charge,1757.09,2026-05-04,,True,False,False,True,True,False,True,True,False,False,True
D000415,pay_90915486,duplicate_charge,1664.71,2026-06-04,False,True,,True,False,False,True,,True,True,True,False
D003441,pay_81008181,item_not_received,2745.42,2026-10-28,,True,True,False,False,False,True,False,,True,False,True
D004088,pay_93464861,unauthorized_transaction,2819.69,2026-04-17,True,,False,False,True,,True,True,True,False,False,True
D002709,pay_16420293,duplicate_charge,346.6,2026-01-16,True,True,,,True,False,True,False,,False,True,True
D002351,pay_79482244,item_not_received,5980.3,2026-05-29,False,False,False,False,,,False,True,False,False,True,False
D003575,pay_21591676,item_not_as_described,6527.99,2026-04-21,True,True,False,False,True,,,False,True,,False,False
D001911,pay_34302546,unauthorized_transaction,3355.06,2026-08-15,False,False,,,True,False,False,False,True,True,False,False
D000287,pay_27670193,item_not_received,5184.15,2026-10-11,False,True,True,False,True,False,False,False,False,False,True,True
D000056,pay_80115852,item_not_as_described,7015.16,2026-01-15,,False,,,False,False,False,True,True,True,True,False
D002968,pay_23878083,duplicate_charge,846.03,2026-09-17,False,False,,,True,True,True,True,True,False,True,True
D000527,pay_91960043,unauthorized_transaction,1829.71,2026-08-14,True,True,,,,False,False,False,False,False,False,True
D001501,pay_70175780,unauthorized_transaction,2780.39,2026-09-18,True,,False,False,True,False,,False,False,True,True,True
D005603,pay_27191880,duplicate_charge,5277.59,2026-04-23,False,True,False,True,False,True,False,False,False,,False,False
D005329,pay_28264333,item_not_as_described,3163.48,2026-04-02,False,False,True,False,False,,True,False,False,,,False
D000086,pay_49044830,item_not_as_described,6760.09,2026-08-05,True,False,,False,True,True,False,True,False,True,True,True
D000688,pay_55962468,unauthorized_transaction,1291.84,2026-07-17,,False,False,,True,False,False,True,False,False,False,False
D002323,pay_49866414,unauthorized_transaction,3697.73,2026-10-06,True,,,True,True,False,False,False,False,,False,True
D004848,pay_36513800,item_not_as_described,3981.46,2026-04-22,,True,True,True,False,True,True,True,False,True,,True
D005695,pay_14977704,unauthorized_transaction,5074.87,2026-10-14,,True,,True,True,,False,True,False,False,True,True
D003648,pay_47176290,item_not_as_described,3972.6,2026-09-14,False,True,False,True,False,True,True,True,,True,True,True
D005595,pay_10013665,item_not_received,3448.11,2026-08-24,True,True,True,True,True,False,False,False,True,False,False,True
D003508,pay_94568899,item_not_received,373.47,2026-08-31,False,False,True,True,,True,False,True,,False,False,False
D000816,pay_45637492,item_not_as_described,3763.2,2026-04-16,True,True,False,True,True,True,True,True,True,False,False,True
D003430,pay_89529294,duplicate_charge,3749.38,2026-02-09,True,True,True,False,False,False,False,True,False,True,False,False
D002975,pay_26401173,item_not_as_described,2807.63,2026-09-04,True,False,False,,,,True,False,False,False,False,True
D004911,pay_32271062,duplicate_charge,6942.89,2026-06-17,False,,,True,False,False,True,True,True,True,,True
D003446,pay_96868577,item_not_as_described,3264.08,2026-05-05,False,False,False,True,,False,True,,,True,,True
D004761,pay_93151675,item_not_received,1251.03,2026-06-16,,,True,True,False,False,True,True,True,False,True,True
D003517,pay_15483982,duplicate_charge,3007.52,2026-09-23,False,False,True,True,False,True,True,False,True,False,True,True
D005553,pay_23839876,item_not_as_described,2391.31,2026-09-17,False,False,False,False,False,True,,True,True,False,True,True
D004053,pay_24732629,duplicate_charge,1049.37,2026-08-05,False,False,False,False,True,True,True,False,False,False,True,True
D004004,pay_92856183,item_not_received,4263.63,2026-04-27,False,False,True,False,True,False,False,True,True,True,True,False
D003899,pay_02344414,unauthorized_transaction,7155.88,2026-10-12,True,False,False,False,True,,True,True,False,False,True,False
D003027,pay_97588649,duplicate_charge,3950.24,2026-05-25,False,False,False,,True,True,True,True,False,False,True,True
D005278,pay_69478025,duplicate_charge,7796.08,2026-09-28,False,True,False,False,False,,False,False,False,False,False,False
D003037,pay_20749603,item_not_as_described,3052.7,2026-10-27,False,True,,False,False,False,True,True,False,True,True,False
D005214,pay_65011968,unauthorized_transaction,1698.32,2026-06-17,False,True,,True,False,True,True,False,False,False,,True
D005050,pay_24958459,unauthorized_transaction,1091.46,2026-08-26,True,True,True,True,False,True,False,False,True,False,False,True
D000225,pay_35902065,item_not_as_described,659.41,2026-10-14,,True,True,False,,True,True,,,True,True,True
D003236,pay_28646150,duplicate_charge,6819.47,2026-06-24,False,True,False,True,False,True,,True,True,True,True,True
D005356,pay_74936653,item_not_as_described,1103.81,2026-03-27,,True,,True,True,False,True,True,False,False,True,True
D004568,pay_41235430,item_not_as_described,2942.23,2026-06-29,False,True,False,False,True,False,True,True,False,True,True,True
D000435,pay_03154870,item_not_received,1043.72,2026-04-09,True,False,True,,False,False,,False,,True,True,False
D004874,pay_54726674,unauthorized_transaction,6136.23,2026-05-02,False,True,False,False,False,True,True,True,False,,True,False
D005450,pay_59876951,item_not_as_described,4101.24,2026-05-29,True,True,False,False,True,True,True,True,True,False,False,True
D003742,pay_89676613,item_not_received,3395.89,2026-03-12,True,False,True,False,,True,True,False,True,False,False,False
D001537,pay_77277019,item_not_received,1532.53,2026-03-21,,True,,,False,True,False,True,,True,False,True
D004587,pay_54699377,unauthorized_transaction,7589.09,2026-01-30,True,True,,,False,True,False,True,True,False,False,False
D005498,pay_96265291,unauthorized_transaction,6580.01,2026-02-17,False,False,True,False,True,False,True,False,,True,True,False
D005828,pay_80001068,unauthorized_transaction,6141.53,2026-08-04,True,True,False,True,False,False,,False,True,False,False,True
D005791,pay_62939468,duplicate_charge,6464.46,2026-06-11,,True,True,False,False,True,False,True,False,False,False,True
D005445,pay_59964140,duplicate_charge,7114.19,2026-02-09,False,True,,False,True,True,True,True,,True,False,True
D005019,pay_72409868,item_not_as_described,540.03,2026-07-26,False,False,True,,,,True,True,False,True,False,True
D002642,pay_41729492,unauthorized_transaction,523.21,2026-09-19,False,False,,False,True,,False,True,True,,,False
D000779,pay_04614759,item_not_received,2533.76,2026-01-22,False,False,False,,True,False,False,True,True,False,True,False
D003859,pay_73083465,duplicate_charge,1161.04,2026-03-28,False,True,True,False,True,True,True,True,False,False,True,False
D001856,pay_19317165,item_not_as_described,319.31,2026-05-28,True,True,False,False,True,,True,False,,True,True,False
D001966,pay_44286863,item_not_received,4484.72,2026-01-26,False,True,True,True,False,True,False,True,,,False,False
D003610,pay_46861905,unauthorized_transaction,1031.72,2026-05-07,,True,False,True,,,False,True,False,,True,True
D005112,pay_19707811,unauthorized_transaction,7379.05,2026-10-24,True,False,True,True,False,True,True,True,False,,,True
D001431,pay_91979334,item_not_received,3825.27,2026-01-28,True,True,,False,,True,True,False,True,,,True
D003362,pay_86048635,item_not_received,2474.29,2026-10-08,False,False,False,,False,False,True,False,True,False,False,True
D004639,pay_71367593,item_not_received,7271.72,2026-04-14,,False,True,False,False,True,False,True,True,True,False,False
D003982,pay_00722718,item_not_received,7637.76,2026-08-08,False,True,True,False,False,True,,False,False,True,,True
D000850,pay_94050268,item_not_as_described,4064.39,2026-08-11,True,,False,True,,True,True,True,,True,False,True
D002825,pay_23183260,item_not_as_described,6961.8,2026-09-17,False,True,False,False,False,True,,False,False,True,,True
D005719,pay_00777201,item_not_received,4807.2,2026-10-02,True,False,True,,False,,,False,True,False,True,True
D001017,pay_70591618,duplicate_charge,3524.78,2026-09-29,False,True,False,,False,False,,False,,True,True,False
D004324,pay_95330853,item_not_received,4877.38,2026-05-22,False,True,False,False,,True,True,True,False,False,True,True
D004338,pay_97268841,item_not_received,1179.04,2026-04-17,True,True,True,True,True,True,False,True,False,True,False,False
D001626,pay_89427748,unauthorized_transaction,1616.82,2026-08-03,False,False,True,False,True,,True,True,False,,True,False
D000366,pay_91027570,item_not_received,3369.76,2026-04-04,True,True,,False,False,False,False,,False,False,,True
D004648,pay_62656661,unauthorized_transaction,4261.56,2026-09-28,True,True,False,False,,True,,False,True,True,True,True
D000972,pay_39700583,item_not_as_described,4460.72,2026-07-18,,False,False,True,,True,True,False,True,False,True,False
D004075,pay_51975037,item_not_as_described,1121.7,2026-03-27,False,True,False,False,True,True,False,True,False,True,,False
D001073,pay_52414485,item_not_as_described,7305.05,2026-10-18,False,True,True,,True,True,False,False,False,False,True,False
D001321,pay_85870544,item_not_as_described,5358.28,2026-10-22,True,False,True,True,True,False,,True,True,True,,False
D004167,pay_13838516,item_not_as_described,5847.32,2026-04-06,False,False,False,False,False,True,False,,True,False,False,True
D003890,pay_92044616,duplicate_charge,4131.98,2026-07-28,True,False,,False,True,,False,False,True,,True,False
D005447,pay_56926692,unauthorized_transaction,5893.33,2026-07-02,False,,True,True,True,False,,True,False,True,True,False
D003032,pay_93160805,duplicate_charge,507.62,2026-04-17,False,False,,False,True,,True,True,True,True,True,False
D001882,pay_54275438,item_not_received,4247.51,2026-10-14,False,False,True,False,True,True,False,,True,True,False,True
D000702,pay_79892158,item_not_received,1229.97,2026-10-09,,False,True,False,False,True,False,True,False,True,True,False
D000730,pay_51602800,item_not_as_described,4728.56,2026-10-28,True,,False,True,,False,True,False,True,False,False,False
D002151,pay_88222356,duplicate_charge,7173.43,2026-01-06,False,True,False,True,True,True,True,True,,True,True,True
D002945,pay_83362271,item_not_received,3665.39,2026-07-15,False,False,False,,,True,True,False,True,True,True,True
D004229,pay_90159010,item_not_received,4520.49,2026-10-27,False,True,True,False,True,,True,True,False,True,False,False
D002077,pay_08931608,duplicate_charge,3751.3,2026-04-25,False,True,,True,True,True,False,,False,True,False,True
D001884,pay_57420357,duplicate_charge,2150.23,2026-04-15,False,True,False,True,,True,True,True,,False,False,True
D005871,pay_46173216,duplicate_charge,7878.65,2026-03-16,,False,False,False,False,,True,True,False,,True,True
D005241,pay_19098562,item_not_as_described,1785.89,2026-08-10,,False,,False,,True,,True,False,,False,True
D005009,pay_37049686,item_not_as_described,1903.74,2026-06-29,True,False,True,False,True,False,False,True,False,True,False,False
D003297,pay_51345896,duplicate_charge,6407.82,2026-10-05,False,True,True,False,False,False,True,True,True,True,True,False
D000592,pay_95396004,item_not_received,4551.7,2026-06-11,,True,True,,True,True,,True,False,True,,False
D004349,pay_16499167,unauthorized_transaction,1602.03,2026-08-14,True,False,True,False,True,False,True,False,,True,False,False
D005571,pay_86661390,duplicate_charge,4024.28,2026-04-01,,True,True,False,,False,True,True,True,False,True,False
D003951,pay_18816000,item_not_received,5472.04,2026-01-10,True,False,True,False,True,False,False,False,,,True,True
D001592,pay_00999266,duplicate_charge,7705.64,2026-05-02,,False,False,True,False,False,,False,False,False,True,False
D002878,pay_22780951,item_not_received,7572.58,2026-07-24,True,,True,True,True,,False,True,True,False,,False
D003643,pay_69855996,item_not_received,7102.21,2026-03-09,True,,True,True,,True,True,False,,False,False,True
D000549,pay_57699732,item_not_received,4625.07,2026-04-11,True,True,True,True,False,False,,True,True,False,True,True
D005489,pay_60867778,duplicate_charge,4120.7,2026-08-28,False,True,True,,True,True,False,False,False,False,False,False
D000274,pay_61212377,item_not_received,7258.18,2026-07-25,False,True,False,True,,False,True,False,False,False,True,False
D002551,pay_01290471,item_not_received,7993.44,2026-08-23,True,True,False,,True,False,False,False,True,True,True,True
D001467,pay_97137943,duplicate_charge,2644.04,2026-02-26,False,True,True,False,True,True,True,True,True,,True,True
D003353,pay_56030741,unauthorized_transaction,2373.28,2026-05-27,True,False,False,True,False,False,True,False,True,False,True,True
D001722,pay_44356575,duplicate_charge,870.12,2026-05-15,False,,True,,True,True,True,True,True,,False,True
D001993,pay_31166394,item_not_as_described,6837.29,2026-05-19,True,True,False,False,False,False,True,,True,False,True,True
D004781,pay_95400972,duplicate_charge,3437.27,2026-01-11,False,True,False,True,True,True,False,,False,False,True,True
D004616,pay_13981665,duplicate_charge,4244.88,2026-07-07,True,True,True,True,True,False,True,True,True,True,False,True
D001642,pay_14231877,item_not_as_described,5353.7,2026-01-10,True,True,False,,False,True,False,False,True,True,False,False
D002413,pay_18971878,unauthorized_transaction,919.45,2026-08-26,False,False,True,True,True,True,False,True,False,,,True
D000307,pay_88538924,item_not_received,378.08,2026-04-03,False,,,True,True,True,True,,,True,False,False
D002475,pay_17252445,unauthorized_transaction,1080.71,2026-04-25,True,True,False,True,,,False,False,,True,False,False
D003245,pay_64580943,duplicate_charge,4954.73,2026-05-23,True,True,True,True,False,True,False,True,False,,False,True
D005851,pay_20532593,unauthorized_transaction,3748.73,2026-08-31,,True,True,,False,False,,,True,True,False,True
D002140,pay_62806352,item_not_received,5977.7,2026-10-18,False,,True,True,True,False,True,,,,True,False
D005087,pay_36057122,duplicate_charge,7763.36,2026-08-28,True,True,False,False,,True,True,True,True,True,,False
D000707,pay_28510236,unauthorized_transaction,2447.53,2026-03-13,True,True,True,False,True,,True,,,True,False,True
D005281,pay_59977613,unauthorized_transaction,5979.91,2026-08-23,True,True,False,False,False,True,True,False,True,True,,True
D003809,pay_49535606,unauthorized_transaction,3690.52,2026-09-14,True,True,False,True,,True,False,False,True,False,,True
D003701,pay_02587677,item_not_received,1638.03,2026-09-19,False,,,False,True,False,False,False,,True,False,True
D002159,pay_90350308,duplicate_charge,4680.36,2026-07-29,True,True,True,False,False,False,True,True,False,False,True,True
D004825,pay_60602662,duplicate_charge,6159.88,2026-03-26,True,True,False,True,True,True,False,False,False,True,True,True
D001052,pay_29222998,duplicate_charge,2722.77,2026-03-13,True,True,False,True,,True,False,False,,False,,True
D001639,pay_68933865,item_not_as_described,4734.91,2026-06-28,True,,False,False,True,True,True,True,False,True,False,False
D005706,pay_98376349,unauthorized_transaction,5744.3,2026-10-15,False,False,False,False,False,True,False,True,True,True,,False
D004101,pay_62322884,duplicate_charge,5007.67,2026-10-22,True,True,True,False,False,False,True,True,False,True,True,True
D000357,pay_41309843,unauthorized_transaction,5876.93,2026-05-08,True,True,True,True,False,,True,True,False,False,,True
D003466,pay_46254404,item_not_received,2678.76,2026-08-15,False,False,True,,True,False,True,True,True,False,True,True
D001251,pay_20145147,item_not_received,985.53,2026-03-05,False,False,,True,False,False,False,False,False,True,True,True
D005684,pay_76916918,unauthorized_transaction,4935.64,2026-09-23,False,False,False,True,False,True,True,,False,True,False,False
D001125,pay_36057743,item_not_received,6598.37,2026-02-07,True,True,True,False,True,True,True,False,True,False,,False
D005783,pay_57510024,item_not_received,7615.95,2026-06-03,False,True,True,True,False,False,False,True,False,True,,True
D003291,pay_46066172,unauthorized_transaction,1973.04,2026-08-20,False,False,True,False,False,False,True,True,False,False,True,False
D000103,pay_30595926,item_not_received,5660.61,2026-02-21,True,False,False,,,False,True,True,False,True,False,False
D001065,pay_47662793,duplicate_charge,3905.61,2026-02-09,False,True,False,,False,True,,False,True,True,,False
D000318,pay_36765441,unauthorized_transaction,7652.07,2026-02-26,,False,False,,False,True,False,True,True,False,False,False
D000954,pay_03547107,duplicate_charge,4326.45,2026-01-06,False,False,,True,True,False,False,,False,,True,False
D002759,pay_22719819,unauthorized_transaction,1923.04,2026-07-07,False,,True,False,,,False,False,True,False,True,True
D003821,pay_84521123,duplicate_charge,3557.87,2026-08-22,True,False,False,False,False,False,False,True,False,True,False,False
D001419,pay_96467718,duplicate_charge,1000.01,2026-06-05,False,False,True,,False,,True,,False,True,False,False
D005535,pay_42238368,item_not_received,7604.54,2026-05-05,False,False,False,True,,True,False,True,True,True,True,True
D003321,pay_39159190,duplicate_charge,5335.78,2026-06-24,False,True,True,False,False,True,True,True,True,True,True,False
D004579,pay_95463405,item_not_as_described,5605.48,2026-09-15,False,True,False,True,True,False,,True,,False,False,True
D005902,pay_17073280,duplicate_charge,3608.64,2026-07-27,True,True,False,,True,False,True,,True,,True,True
D001142,pay_68553022,duplicate_charge,7278.5,2026-02-09,False,True,False,,True,True,True,,False,False,,True
D001354,pay_54304612,unauthorized_transaction,5965.66,2026-02-24,False,True,,True,False,True,True,False,True,True,False,True
D005194,pay_32153795,item_not_received,4612.35,2026-04-21,False,False,False,,False,True,True,False,True,True,True,True
D003114,pay_61743731,duplicate_charge,888.77,2026-09-05,False,False,True,True,True,False,True,True,False,True,False,False
D004757,pay_94842790,duplicate_charge,695.09,2026-02-14,,True,False,True,False,,False,False,True,False,False,True
D000938,pay_09047050,unauthorized_transaction,1657.21,2026-09-10,True,True,True,,True,False,,True,True,,False,False
D004013,pay_87224589,unauthorized_transaction,1083.59,2026-02-04,True,True,True,True,True,True,,True,False,True,False,True
D000392,pay_16572053,duplicate_charge,2426.88,2026-07-26,True,True,False,False,True,True,False,False,False,True,True,False
D001610,pay_38726989,unauthorized_transaction,6109.82,2026-08-22,True,,True,False,False,True,False,,True,False,False,False
D002995,pay_71443583,item_not_as_described,3505.49,2026-06-05,True,False,False,True,True,True,True,True,False,False,True,False
D003286,pay_57727255,unauthorized_transaction,5736.05,2026-03-24,True,True,True,True,True,True,True,False,False,False,True,True
D000368,pay_13016411,duplicate_charge,4974.84,2026-03-06,False,False,True,False,True,True,True,,False,True,,True
D005336,pay_32690139,duplicate_charge,5772.19,2026-09-16,True,True,True,True,True,True,False,False,False,True,False,False
D004502,pay_75048036,item_not_as_described,6177.76,2026-06-03,True,False,False,True,False,True,,False,True,,,False
D005167,pay_44479330,unauthorized_transaction,1551.47,2026-02-21,True,True,,True,False,True,False,False,False,False,True,True
D004068,pay_82614498,duplicate_charge,1187.77,2026-05-11,True,True,,False,True,False,False,True,,True,True,True
D002903,pay_67955537,unauthorized_transaction,4500.77,2026-03-20,,True,False,False,False,False,False,False,,True,False,True
D003035,pay_69805302,item_not_received,376.9,2026-01-28,False,False,True,,False,True,False,,True,True,True,False
D003310,pay_71899981,unauthorized_transaction,1747.93,2026-05-31,,True,True,True,False,,,False,True,False,False,True
D001902,pay_67996293,unauthorized_transaction,2266.76,2026-02-02,False,True,False,True,True,True,False,False,False,True,False,False
D002719,pay_56500732,item_not_received,724.01,2026-05-25,False,False,True,True,True,,True,True,True,True,True,True
D000254,pay_20601948,item_not_received,6179.64,2026-05-21,False,False,,False,False,True,True,True,False,True,,True
D004151,pay_03901335,item_not_received,3328.79,2026-01-04,True,False,True,True,True,True,,False,True,True,True,True
D004777,pay_28350934,duplicate_charge,3595.79,2026-10-18,,True,True,False,True,True,True,True,,False,,True
D001299,pay_13416249,duplicate_charge,3279.05,2026-04-05,False,True,False,True,True,False,False,False,False,True,False,True
D001612,pay_55359471,item_not_received,2076.22,2026-03-11,True,,True,True,,False,,False,True,,False,False
D005326,pay_73618799,unauthorized_transaction,3850.47,2026-05-05,False,False,,True,False,False,False,True,,,False,False
D004894,pay_87764929,item_not_received,6221.96,2026-08-11,True,False,False,,True,False,True,False,False,True,False,True
D000447,pay_02780428,item_not_received,4334.3,2026-06-15,True,True,True,True,False,,True,True,True,True,False,False
D003144,pay_08119590,unauthorized_transaction,5659.01,2026-08-31,True,,True,,True,False,True,True,False,False,,True
D000978,pay_07644959,duplicate_charge,3691.7,2026-10-10,False,True,True,False,False,True,False,False,False,True,False,False
D004763,pay_50070547,duplicate_charge,6602.06,2026-09-15,False,True,False,,True,,True,True,True,True,,True
D002246,pay_94042172,duplicate_charge,3447.53,2026-01-10,True,False,,False,True,True,True,False,False,False,False,False
D000839,pay_50132551,unauthorized_transaction,1981.17,2026-05-07,False,True,False,False,,False,False,False,True,False,,True
D004156,pay_31891218,duplicate_charge,5649.18,2026-10-10,False,False,False,True,,True,True,False,True,True,True,False
D001276,pay_79794211,item_not_as_described,4684.35,2026-05-19,True,True,True,True,True,True,False,True,False,False,False,True
D004516,pay_00425863,item_not_received,1432.31,2026-03-07,False,False,False,,False,True,True,False,False,True,True,True
D003306,pay_69435757,item_not_received,7722.69,2026-09-18,False,False,True,True,,True,,True,,True,False,False
D002419,pay_97187706,duplicate_charge,3453.06,2026-01-06,,True,,True,False,False,False,True,False,True,True,False
D002450,pay_05932500,unauthorized_transaction,5781.07,2026-03-23,True,True,True,True,True,True,True,True,,True,True,True
D002540,pay_75307218,duplicate_charge,3355.14,2026-03-16,True,True,False,False,False,False,False,False,,,True,False
D000339,pay_32404844,item_not_as_described,1281.39,2026-10-14,,True,True,False,True,True,,False,,False,True,False
D004230,pay_64611891,item_not_as_described,4254.95,2026-02-11,True,,True,,False,True,,False,,True,False,False
D002114,pay_02028751,item_not_received,7245.32,2026-03-16,False,True,True,False,True,False,False,True,True,True,True,True
D001490,pay_81972671,item_not_as_described,6008.99,2026-03-07,True,True,True,,,False,False,False,False,False,True,False
D000672,pay_07367600,item_not_received,5575.17,2026-08-04,True,,True,False,True,,False,False,,True,,True
D003583,pay_59956049,unauthorized_transaction,4974.47,2026-03-23,False,False,True,True,True,False,False,True,True,True,True,False
D005379,pay_66665627,unauthorized_transaction,6379.73,2026-02-25,True,True,,True,True,False,,True,True,,True,True
D001137,pay_33453525,unauthorized_transaction,7164.38,2026-08-22,True,True,True,,False,False,True,False,False,False,True,True
D001564,pay_57248865,item_not_as_described,7511.02,2026-03-18,False,True,False,True,False,True,False,,True,False,,True
D004029,pay_74666774,item_not_received,2312.1,2026-07-05,,True,True,,,True,False,False,False,False,True,True
D002897,pay_11421626,unauthorized_transaction,5310.63,2026-07-14,False,True,,True,False,True,True,True,,True,False,True
D002994,pay_61668892,duplicate_charge,4260.09,2026-08-04,False,False,True,,False,True,,,False,,,False
D003356,pay_43238326,item_not_received,5643.17,2026-07-28,False,False,True,False,False,True,True,True,,False,False,True
D005734,pay_08651600,duplicate_charge,4999.12,2026-03-30,False,True,False,False,False,True,False,True,,False,True,True
D004433,pay_58399288,unauthorized_transaction,6899.33,2026-04-05,False,False,True,False,False,True,True,,True,False,True,True
D000336,pay_39468472,unauthorized_transaction,5320.23,2026-08-30,True,True,True,,True,True,True,True,,True,True,True
D000028,pay_83176117,duplicate_charge,1648.03,2026-07-16,False,False,True,True,True,,True,,True,True,False,False
D002025,pay_67317875,item_not_received,2167.26,2026-09-11,False,True,,False,False,False,True,True,False,False,,False
D005111,pay_93320366,item_not_received,5142.58,2026-07-16,,False,True,False,True,True,,False,False,,,True
D000523,pay_18368925,unauthorized_transaction,3992.7,2026-02-25,False,True,,True,True,False,False,True,False,True,True,False
D001351,pay_25589302,unauthorized_transaction,2058.39,2026-01-23,False,True,True,True,True,True,True,False,True,True,True,True
D001445,pay_92532186,item_not_received,5120.25,2026-01-11,,False,False,True,False,False,True,True,False,False,True,False
D000330,pay_47216333,duplicate_charge,7208.03,2026-07-09,,False,True,False,False,False,False,,False,True,True,False
D002138,pay_07918404,duplicate_charge,2069.14,2026-09-27,,,,False,True,False,False,False,True,True,True,True
D003416,pay_09752731,item_not_received,1597.59,2026-08-20,True,True,True,False,False,True,True,True,,True,True,True
D000960,pay_36922562,duplicate_charge,7593.38,2026-05-05,True,False,False,True,False,True,,,True,False,False,False
D002833,pay_59739674,duplicate_charge,4215.35,2026-08-16,False,True,False,True,False,True,True,True,False,False,True,False
D000480,pay_61860844,item_not_as_described,917.21,2026-06-15,False,,False,True,True,True,True,,,True,True,True
D002710,pay_08964282,item_not_as_described,6948.32,2026-09-27,False,False,False,True,,True,False,True,,False,True,False
D005506,pay_06912262,duplicate_charge,1246.1,2026-01-03,,True,True,True,True,True,False,False,,True,False,True
D000337,pay_06903019,item_not_received,6826.48,2026-09-29,False,True,False,False,True,,False,,True,True,True,True
D005181,pay_19561203,item_not_received,6767.67,2026-05-11,True,False,False,False,True,,False,,False,True,True,True
D004194,pay_59272294,duplicate_charge,859.41,2026-04-16,True,,False,True,True,,,True,False,False,True,True
D003422,pay_81501340,item_not_as_described,3431.16,2026-08-28,False,True,True,True,True,True,False,False,False,True,,False
D000824,pay_76635017,unauthorized_transaction,6373.5,2026-01-25,False,True,True,True,True,True,True,,True,True,True,False
D000412,pay_87541827,item_not_as_described,3920.79,2026-10-06,False,True,True,False,True,True,False,False,False,False,True,True
D002863,pay_94594347,item_not_received,4107.86,2026-09-25,True,False,,True,False,True,False,False,True,True,False,True
D005945,pay_59992298,unauthorized_transaction,4710.52,2026-02-11,,True,True,,True,False,True,True,True,True,False,True
D000611,pay_44275746,item_not_received,1762.64,2026-01-23,False,False,False,False,,True,True,True,True,True,True,True
D005542,pay_06781728,unauthorized_transaction,5124.37,2026-07-18,True,True,True,True,True,False,True,False,False,False,False,True
D004095,pay_65193038,unauthorized_transaction,4849.51,2026-02-20,False,False,True,False,False,,,False,False,,True,True
D005394,pay_98149947,item_not_as_described,7870.19,2026-07-03,True,False,True,False,False,False,True,True,True,False,False,False
D000302,pay_91218158,item_not_as_described,2980.26,2026-04-09,False,False,True,True,True,,,True,True,True,True,False
D004888,pay_01557939,unauthorized_transaction,1082.93,2026-03-03,True,False,False,False,True,True,True,False,False,True,True,False
D000344,pay_29384358,duplicate_charge,4003.38,2026-02-20,False,False,,False,True,True,False,True,True,True,True,True
D000060,pay_60981700,duplicate_charge,7869.05,2026-05-27,False,False,True,False,False,False,False,True,False,,,True
D005932,pay_21534820,unauthorized_transaction,1785.97,2026-05-03,,,False,True,False,True,False,False,,False,False,True
D000488,pay_83357007,duplicate_charge,7291.11,2026-01-03,False,False,True,,False,True,False,True,False,False,False,False
D004331,pay_63660304,unauthorized_transaction,3476.74,2026-07-06,True,True,False,,False,True,False,True,False,True,,True
D002294,pay_40413889,item_not_as_described,508.72,2026-06-30,True,True,False,False,,False,False,True,True,False,True,True
D002144,pay_49181946,item_not_as_described,5253.5,2026-04-20,True,,True,False,True,True,False,True,True,False,True,False
D000474,pay_92561615,item_not_as_described,7681.39,2026-06-18,,True,,False,True,,False,False,False,False,,False
D005400,pay_24162173,duplicate_charge,2929.53,2026-05-03,True,,False,True,False,False,False,False,True,,False,False
D004858,pay_70865646,duplicate_charge,5139.82,2026-01-15,True,True,False,True,True,True,True,,True,True,False,True
D004744,pay_90248839,duplicate_charge,4156.38,2026-05-25,False,False,False,True,,False,True,True,True,True,True,False
D001279,pay_23059246,item_not_received,7569.5,2026-10-18,False,True,False,True,True,True,False,True,True,,True,False
D000331,pay_29566459,item_not_as_described,1885.13,2026-07-03,,True,False,,False,,True,False,False,False,True,False
D003128,pay_90480215,duplicate_charge,2062.48,2026-02-21,True,True,False,False,False,False,True,,False,False,False,True
D001275,pay_63739747,duplicate_charge,1680.69,2026-08-19,False,True,True,False,False,False,False,True,False,True,True,False
D002546,pay_38121737,item_not_received,2795.89,2026-01-11,False,True,False,False,False,True,True,False,False,False,True,False
D002510,pay_63957318,item_not_as_described,4653.31,2026-09-24,False,False,,False,False,True,False,,True,True,True,True
D005807,pay_04053454,item_not_received,4049.62,2026-09-17,False,False,True,False,False,False,True,True,True,False,,True
D004335,pay_12651869,duplicate_charge,5676.89,2026-07-17,,True,True,,False,True,False,True,True,,,True
D000098,pay_47141449,item_not_as_described,4096.73,2026-07-14,False,False,True,True,True,True,False,,,True,False,False
D004525,pay_81479313,item_not_received,7279.71,2026-01-08,False,False,,True,,,True,True,,True,False,False
D005714,pay_32053152,unauthorized_transaction,3671.61,2026-09-12,False,True,True,True,True,False,False,False,False,False,True,True
D000830,pay_12307746,unauthorized_transaction,2695.08,2026-10-21,False,False,False,False,False,True,False,False,True,True,False,False
D004436,pay_59918592,item_not_received,529.08,2026-02-03,,,True,False,True,True,,True,False,True,True,True
D000595,pay_07850353,unauthorized_transaction,701.32,2026-07-12,True,False,True,True,,,False,False,,False,,False
D003977,pay_97632265,duplicate_charge,2603.3,2026-10-12,True,,False,False,,True,,True,True,True,True,True
D003153,pay_47495859,item_not_as_described,3954.37,2026-03-27,False,False,True,False,True,,True,False,True,False,False,True
D000257,pay_18462384,unauthorized_transaction,5072.2,2026-02-01,False,False,False,False,True,False,False,False,True,False,False,False
D005562,pay_54370354,unauthorized_transaction,6684.21,2026-06-25,True,True,True,True,False,False,True,False,False,,False,True
D002956,pay_31108690,unauthorized_transaction,7405.21,2026-10-03,True,,False,True,,,True,False,True,True,,True
D003107,pay_73745643,unauthorized_transaction,4292.24,2026-08-21,True,True,True,True,False,False,,True,,True,,True
D002508,pay_22715082,unauthorized_transaction,7071.74,2026-07-08,True,True,False,True,False,True,True,False,True,True,True,True
D002991,pay_40424673,item_not_as_described,3103.74,2026-01-04,True,True,True,True,True,,False,True,True,True,True,False
D005075,pay_48403222,duplicate_charge,5415.81,2026-10-28,False,True,True,True,True,False,True,True,,False,True,True
D002936,pay_11421161,duplicate_charge,5574.76,2026-09-22,,True,True,True,True,,,True,False,True,True,True
D005261,pay_79471192,unauthorized_transaction,7773.3,2026-08-09,True,,False,,False,True,False,,False,False,True,True
D000538,pay_25808393,unauthorized_transaction,6213.64,2026-04-25,,False,True,False,True,True,False,True,True,,True,False
D005265,pay_62331966,item_not_as_described,7609.99,2026-10-19,True,True,False,True,True,False,,True,True,False,False,True
D004328,pay_46618760,item_not_as_described,1311.67,2026-04-02,,True,True,False,True,True,True,False,True,False,False,True
D004357,pay_31701689,item_not_as_described,2841.29,2026-05-16,True,True,False,True,True,True,,True,False,True,True,False
D004133,pay_04280792,unauthorized_transaction,7145.12,2026-02-08,True,False,False,True,True,True,False,False,True,False,,True
D003097,pay_26456677,duplicate_charge,3322.89,2026-03-08,False,True,False,False,True,True,False,,False,False,False,False
D000185,pay_58340640,item_not_received,3104.29,2026-04-19,,False,True,False,False,False,True,,,False,,True
D002860,pay_51988350,duplicate_charge,2850.38,2026-06-30,False,False,True,,True,False,True,False,False,False,True,False
D002473,pay_60925811,item_not_received,5891.76,2026-10-05,False,False,False,False,True,True,False,False,True,False,False,False
D000277,pay_22161108,item_not_as_described,2148.28,2026-02-18,False,False,True,False,True,False,False,False,False,False,,True
D003287,pay_47163169,item_not_received,6044.46,2026-08-22,True,,False,True,True,False,,True,False,,True,True
D002880,pay_03829392,item_not_as_described,1189.6,2026-02-08,False,False,False,True,True,True,True,,True,True,True,True
D000343,pay_98456848,item_not_received,4030.71,2026-04-07,True,True,,False,,False,True,False,False,True,True,False
D002797,pay_07228318,item_not_as_described,7233.5,2026-04-28,,,False,True,,True,True,,True,,,False
D003397,pay_67465532,duplicate_charge,1723.38,2026-10-25,False,True,True,,False,True,True,,,True,False,False
D003096,pay_69214767,duplicate_charge,2894.92,2026-10-02,True,True,True,True,False,False,False,,,False,True,True
D003183,pay_91600999,item_not_as_described,4952.89,2026-02-24,True,,True,True,False,True,True,,True,True,False,False
D002524,pay_77076547,item_not_as_described,6969.65,2026-03-21,,True,False,True,False,False,True,True,True,,True,True
D001277,pay_61765956,item_not_received,2331.82,2026-01-06,False,False,False,True,True,False,True,False,False,,False,False
D004188,pay_33508359,unauthorized_transaction,7152.03,2026-09-06,,True,False,False,True,True,False,False,False,False,True,False
D005525,pay_41954734,unauthorized_transaction,6471.79,2026-02-21,False,False,False,False,,False,True,False,True,True,False,True
D002613,pay_55474680,unauthorized_transaction,407.42,2026-07-28,,False,False,,False,True,True,True,,False,True,False
D004035,pay_02927188,duplicate_charge,1447.57,2026-03-14,,,False,False,False,True,,False,False,True,True,False
D005083,pay_59698820,item_not_received,4721.75,2026-05-14,False,False,,,True,True,False,True,,True,True,False
D003045,pay_20377000,item_not_received,3111.46,2026-09-08,False,,,False,True,True,True,False,,False,True,False
D000169,pay_76207390,unauthorized_transaction,7405.44,2026-08-28,False,True,,,,True,False,False,True,True,,True
D005464,pay_71099176,unauthorized_transaction,6486.6,2026-06-30,False,True,False,False,,True,True,False,False,True,False,False
D005085,pay_30370911,unauthorized_transaction,5042.09,2026-08-01,,True,False,False,False,True,True,True,False,False,False,True
D001051,pay_52479633,unauthorized_transaction,4253.87,2026-09-25,True,True,False,True,,True,,,True,False,True,True
D004775,pay_84096480,item_not_received,4434.9,2026-06-19,False,True,True,False,False,True,True,False,False,False,True,True
D005073,pay_09383068,unauthorized_transaction,1025.51,2026-05-26,False,False,,False,False,False,False,True,False,False,True,False
D001982,pay_13219094,unauthorized_transaction,1675.14,2026-09-14,False,False,True,,False,False,True,True,False,True,False,False
D003925,pay_22381795,item_not_as_described,7523.15,2026-03-17,False,True,True,True,True,True,False,True,False,False,False,True
D005636,pay_52395939,item_not_received,1825.7,2026-01-09,False,,,False,,,,True,True,True,False,True
D003853,pay_58702354,unauthorized_transaction,4616.6,2026-10-14,False,True,False,False,False,True,False,True,,True,False,False
D000699,pay_97870851,duplicate_charge,5055.42,2026-06-24,False,,True,False,False,True,False,,False,,,False
D002616,pay_22034584,item_not_as_described,7330.58,2026-07-31,False,False,False,False,True,False,False,,False,True,True,False
D002182,pay_09657138,item_not_as_described,1236.64,2026-06-22,False,False,False,True,False,False,False,,False,,False,False
D000356,pay_19798986,item_not_as_described,1785.64,2026-09-15,,,True,True,True,False,False,True,,False,,True
D001186,pay_42319234,duplicate_charge,1327.05,2026-02-27,True,False,,,True,False,True,True,False,False,True,False
D005855,pay_16086354,item_not_received,1220.44,2026-10-09,False,True,False,False,False,True,False,,True,,,True
D000782,pay_01122998,duplicate_charge,5492.44,2026-05-07,True,True,False,True,False,False,False,False,False,True,False,False
D004685,pay_59265597,item_not_received,683.43,2026-09-15,,False,,False,True,,False,True,False,False,,True
D000605,pay_88581654,item_not_as_described,3518.06,2026-03-30,True,,False,,False,True,True,True,True,False,False,True
D005831,pay_45041580,item_not_as_described,5476.19,2026-07-02,,True,False,False,,True,True,False,False,False,True,False
D000189,pay_69086760,duplicate_charge,2884.85,2026-01-30,True,False,,False,False,True,True,False,False,False,False,True
D000610,pay_39321404,duplicate_charge,4405.78,2026-07-15,,False,False,False,False,False,False,True,False,False,False,True
D001271,pay_04175876,unauthorized_transaction,3562.25,2026-10-05,,True,True,True,True,,False,True,True,False,True,True
D004942,pay_32815577,duplicate_charge,6776.77,2026-08-06,True,True,,True,True,True,True,True,False,True,False,False
D001083,pay_53870443,unauthorized_transaction,5551.24,2026-05-14,False,True,True,False,True,,False,,False,False,False,True
D005580,pay_94275163,unauthorized_transaction,995.31,2026-02-18,False,False,,True,True,True,True,,False,,,False
D005906,pay_96169091,duplicate_charge,1333.22,2026-04-29,False,False,False,False,False,False,,True,True,True,True,True
D004913,pay_94145585,item_not_received,1986.94,2026-06-01,True,True,False,True,,True,,True,False,,True,True
D002206,pay_57446653,item_not_as_described,4543.17,2026-02-23,True,False,True,False,True,True,True,False,True,,True,True
D004503,pay_11326502,item_not_received,2703.67,2026-08-14,False,False,False,True,False,False,True,True,,False,True,False
D002972,pay_63622537,item_not_received,5796.32,2026-09-12,True,True,True,False,False,False,,,,True,True,True
D003667,pay_86548800,duplicate_charge,5864.69,2026-04-12,True,False,True,True,False,False,False,,True,False,False,False
D003267,pay_82003428,item_not_as_described,669.34,2026-10-28,True,True,True,True,False,,False,True,True,False,False,False
D001250,pay_67823771,duplicate_charge,1480.56,2026-07-24,,False,True,False,False,True,,False,False,False,False,False
D005883,pay_34309598,item_not_received,2918.04,2026-02-02,False,True,False,,True,True,,False,True,True,,True
D001027,pay_94871008,duplicate_charge,3485.29,2026-06-05,True,False,False,False,False,True,True,True,False,True,False,False
D004829,pay_48129156,item_not_as_described,4806.13,2026-01-13,False,True,,False,True,True,True,,True,,False,True
D000490,pay_09754865,unauthorized_transaction,3274.39,2026-08-23,True,True,False,False,True,True,False,,False,True,False,True
D002325,pay_86123585,item_not_received,7772.37,2026-01-24,False,,True,,False,False,True,,False,True,,False
D005470,pay_60601505,item_not_received,4384.58,2026-03-12,False,False,True,True,False,True,False,False,True,True,True,False
D001923,pay_68719799,item_not_received,5298.88,2026-07-01,False,True,True,True,True,True,True,,True,True,,True
D001285,pay_64722291,duplicate_charge,3594.79,2026-09-06,False,True,,False,True,,False,True,True,False,True,True
D000079,pay_74479105,unauthorized_transaction,5193.36,2026-03-31,True,True,False,False,False,,,True,False,,True,True
D003438,pay_90073681,unauthorized_transaction,387.47,2026-01-23,True,True,True,True,True,False,False,True,True,False,True,True
D003179,pay_29114480,item_not_as_described,3262.52,2026-02-10,True,True,False,True,False,True,True,True,,True,False,True
D001218,pay_92109421,item_not_received,7775.0,2026-01-15,True,False,,True,True,False,False,False,False,True,False,True
D005024,pay_69259145,unauthorized_transaction,4840.53,2026-06-22,False,True,False,True,,False,True,False,True,True,False,True
D002997,pay_42394371,unauthorized_transaction,2150.31,2026-10-22,,,True,False,True,False,False,False,True,,True,False
D002867,pay_06863600,unauthorized_transaction,1954.63,2026-08-13,True,,,True,True,True,False,True,False,True,,True
D001102,pay_59866120,unauthorized_transaction,4216.32,2026-09-18,True,True,True,True,False,True,,True,True,True,True,True
D001283,pay_30511801,item_not_received,2828.73,2026-03-06,False,True,True,False,True,True,False,False,False,True,,True
D000106,pay_35050544,item_not_as_described,5232.58,2026-05-23,True,False,False,True,True,False,False,False,False,,True,False
D000652,pay_29203847,item_not_received,3998.64,2026-01-06,False,True,False,True,True,True,False,False,,True,,False
D002848,pay_27266679,duplicate_charge,2858.36,2026-09-23,False,False,False,,,,False,,,True,,True
D002148,pay_75173901,item_not_as_described,407.92,2026-08-03,False,True,False,True,True,True,True,True,True,True,True,True
D002529,pay_20211597,duplicate_charge,4949.15,2026-08-10,True,False,False,False,,,False,,False,False,,True
D002423,pay_58185096,item_not_received,3817.06,2026-03-31,False,False,,True,False,,True,,,True,False,True
D002320,pay_13997380,duplicate_charge,373.69,2026-03-10,True,True,False,False,True,True,True,True,True,True,False,False
D001729,pay_07582538,item_not_received,1753.9,2026-09-15,True,False,True,,,,True,True,False,,True,False
D000841,pay_59136292,duplicate_charge,1159.26,2026-07-27,,False,True,False,True,False,False,True,True,True,False,True
D005614,pay_90823470,unauthorized_transaction,3270.27,2026-06-29,True,False,False,False,True,False,,False,,True,True,False
D002678,pay_85783851,duplicate_charge,5872.25,2026-10-18,False,False,True,True,,False,False,True,False,True,True,False
D002374,pay_27394172,item_not_as_described,5031.41,2026-01-25,False,True,False,False,True,True,True,False,True,True,True,True
D002973,pay_58123345,unauthorized_transaction,7169.56,2026-04-10,,,False,True,,False,True,,False,True,False,True
D002811,pay_06416732,item_not_as_described,3849.58,2026-06-26,False,False,True,True,False,True,True,False,False,,False,True
D004552,pay_50073311,unauthorized_transaction,4291.32,2026-10-17,True,True,True,True,False,True,,,True,False,False,True
D003757,pay_36585058,duplicate_charge,7203.61,2026-10-18,False,True,True,True,False,True,,True,False,True,True,True
D005208,pay_86241995,item_not_received,4346.21,2026-03-17,False,,True,True,False,,,True,True,False,True,True
D003432,pay_75028507,item_not_as_described,5296.61,2026-04-19,,True,False,True,True,,False,False,False,False,False,False
D002306,pay_47875998,unauthorized_transaction,6066.41,2026-09-15,False,True,True,False,True,False,True,True,True,False,False,False
D002153,pay_80883928,duplicate_charge,5297.63,2026-08-13,True,,True,False,True,,False,True,False,True,False,True
D005826,pay_22639806,duplicate_charge,5268.08,2026-06-30,False,False,,True,True,True,True,True,False,True,True,False
D002115,pay_38152223,unauthorized_transaction,586.84,2026-10-10,True,True,False,True,,True,True,,False,,,True
D004546,pay_73038835,item_not_received,2910.87,2026-09-28,False,False,,False,True,False,False,False,False,True,False,True
D003106,pay_86610191,duplicate_charge,7105.66,2026-09-23,True,True,False,False,True,True,,False,True,False,True,True
D003703,pay_14480082,duplicate_charge,7477.43,2026-10-14,False,,False,False,True,,False,False,True,False,False,True
D001053,pay_60154848,item_not_received,3695.79,2026-01-22,False,False,True,,False,True,True,False,True,True,False,False
D003241,pay_80172048,duplicate_charge,7185.42,2026-03-23,,False,True,False,,False,False,False,False,False,False,True
D002976,pay_58346937,item_not_as_described,5488.64,2026-10-08,False,,,False,True,False,,False,True,True,False,False
D004976,pay_33627253,item_not_as_described,5688.83,2026-02-25,True,False,False,False,True,True,True,False,,True,False,True
D001116,pay_05414009,item_not_received,3323.82,2026-06-01,True,False,,True,False,True,False,True,True,True,True,True
D004178,pay_40841160,item_not_received,5694.32,2026-09-25,True,True,True,False,False,True,,False,,True,True,False
D005202,pay_27769800,item_not_received,362.04,2026-05-21,False,True,True,,True,False,False,True,True,True,True,True
D001831,pay_66603325,item_not_received,3454.38,2026-01-10,True,True,True,,False,,False,,False,True,True,True
D000437,pay_62166964,duplicate_charge,832.07,2026-04-04,False,True,True,False,True,False,True,False,True,False,True,False
D005062,pay_23148011,item_not_as_described,1216.83,2026-09-04,True,True,False,True,False,True,True,,,True,False,False
D004266,pay_76777448,unauthorized_transaction,3497.12,2026-08-28,,True,False,True,False,,True,True,False,True,True,True
D004082,pay_88349578,duplicate_charge,1386.74,2026-05-27,True,True,True,True,False,False,False,False,False,False,True,False
D005380,pay_13049165,duplicate_charge,7141.61,2026-02-02,True,,,True,,False,True,,True,False,True,False
D000873,pay_39871655,duplicate_charge,7090.39,2026-05-14,False,False,False,False,True,False,True,False,False,False,False,False
D005481,pay_46536929,item_not_as_described,6546.68,2026-05-15,False,True,True,False,False,True,True,True,True,,True,True
D005147,pay_22080799,duplicate_charge,6322.28,2026-01-27,True,True,True,True,True,True,False,True,False,True,True,False
D001686,pay_35605433,item_not_received,2113.54,2026-09-23,True,False,True,True,False,,,,True,True,False,True
D002422,pay_33428203,unauthorized_transaction,6721.76,2026-03-19,True,True,,False,True,True,,True,False,,True,True
D004346,pay_84194157,item_not_as_described,1460.86,2026-10-19,True,,False,False,,True,False,False,False,True,False,False
D003260,pay_22396468,item_not_received,3720.33,2026-07-12,False,False,False,False,True,True,False,False,False,False,True,True
D000080,pay_35955440,item_not_as_described,1171.72,2026-03-01,True,True,,False,False,True,,False,True,True,False,True
D005154,pay_82564991,unauthorized_transaction,435.42,2026-05-05,True,True,False,True,True,False,True,True,True,False,True,True
D005650,pay_41284055,item_not_as_described,7937.2,2026-02-15,False,True,,True,False,True,,True,True,,False,True
D001075,pay_07880918,duplicate_charge,1975.57,2026-07-11,False,True,True,False,,False,True,True,,True,False,True
D005983,pay_95667879,unauthorized_transaction,7230.52,2026-03-06,False,,,,False,,,True,False,False,False,True
D001037,pay_80820300,duplicate_charge,4146.67,2026-09-24,False,,False,False,True,False,False,True,True,True,False,True
D002431,pay_57186564,duplicate_charge,4264.55,2026-07-29,False,,True,True,False,False,,False,False,True,False,True
D000370,pay_21659959,unauthorized_transaction,4237.28,2026-04-10,True,True,True,True,,False,True,True,False,True,False,False
D001801,pay_63533500,duplicate_charge,936.64,2026-07-10,True,False,True,False,True,True,,True,True,,True,True
D004100,pay_01647725,unauthorized_transaction,2961.86,2026-01-04,,True,False,False,,True,True,True,True,False,False,True
D002911,pay_92027891,item_not_received,3736.58,2026-06-19,False,False,,True,False,True,True,False,True,False,False,True
D000100,pay_49797531,duplicate_charge,4489.77,2026-04-06,False,True,True,False,False,False,,,False,True,,False
D001627,pay_01445979,duplicate_charge,851.56,2026-02-14,True,,,False,False,False,False,True,False,True,False,True
D004429,pay_19241399,item_not_as_described,6298.52,2026-09-06,,False,False,False,False,True,True,True,True,False,True,False
D002980,pay_09597524,unauthorized_transaction,4629.47,2026-08-17,False,False,True,True,True,,False,False,False,False,True,False
D000800,pay_70192097,item_not_received,891.34,2026-07-19,True,,False,,False,True,True,,True,True,True,True
D005947,pay_33465957,unauthorized_transaction,6374.01,2026-01-18,True,True,,False,False,,False,False,True,,False,True
D000055,pay_19363237,unauthorized_transaction,4595.31,2026-07-08,True,,True,,True,True,True,False,False,,True,True
D003930,pay_80803173,item_not_received,6544.1,2026-05-04,False,True,,,,False,False,True,False,True,True,True
D004634,pay_97854618,item_not_as_described,511.02,2026-10-14,False,False,False,False,False,True,False,False,True,False,False,True
D003382,pay_17843221,item_not_as_described,3869.92,2026-08-20,True,True,False,True,False,True,True,True,False,,False,False
D002605,pay_78810649,item_not_received,7997.21,2026-02-15,True,False,False,False,False,False,,True,True,True,False,True
D000138,pay_49113508,duplicate_charge,7680.66,2026-06-26,False,,False,,True,,False,True,True,False,True,True
D003865,pay_71825558,item_not_as_described,3361.97,2026-06-24,,False,,True,True,True,True,True,,True,True,True
D001011,pay_80492280,item_not_received,1222.08,2026-03-24,True,True,True,True,True,False,True,True,False,,False,True
D000518,pay_82152010,item_not_as_described,4237.63,2026-01-31,True,True,False,True,False,False,True,True,False,True,True,False
D000875,pay_14593920,item_not_received,1441.98,2026-05-05,,False,False,True,False,True,,True,True,False,False,False
D000561,pay_92076674,unauthorized_transaction,2175.96,2026-07-12,,,True,False,False,True,False,False,True,False,True,False
D003866,pay_96439001,item_not_as_described,6608.94,2026-09-05,True,False,False,True,True,True,True,True,False,True,False,False
D000484,pay_54712677,duplicate_charge,5435.74,2026-06-08,False,False,False,False,True,True,True,True,True,False,False,True
D003373,pay_92229909,duplicate_charge,1575.34,2026-10-21,False,False,False,True,True,False,True,False,False,False,False,True
D004307,pay_80786184,unauthorized_transaction,4720.86,2026-03-29,,True,,False,True,False,False,False,True,True,True,False
D005910,pay_55784322,item_not_received,2501.32,2026-08-12,True,False,False,True,True,False,True,False,False,,False,True
D005846,pay_21451551,unauthorized_transaction,3821.21,2026-06-22,True,,False,,False,True,False,,True,True,False,True
D002432,pay_82743524,duplicate_charge,2280.97,2026-07-15,False,False,False,False,,True,False,True,True,True,True,True
D005205,pay_61904342,unauthorized_transaction,7938.38,2026-05-30,,True,False,False,False,False,True,,True,False,True,True
D005387,pay_71212366,item_not_received,396.39,2026-02-27,,False,False,True,False,True,False,True,True,True,True,True
D004843,pay_50459169,item_not_received,2286.93,2026-08-15,True,False,True,True,True,True,True,True,True,,,False
D002275,pay_83562114,unauthorized_transaction,3197.53,2026-04-23,False,False,True,True,False,True,True,True,False,True,True,True
D004831,pay_53768735,unauthorized_transaction,7231.78,2026-07-29,,True,True,False,True,False,True,True,True,False,True,True
D004899,pay_79547234,item_not_as_described,2705.94,2026-04-01,True,,False,False,,True,True,False,True,False,True,True
D000309,pay_39389352,duplicate_charge,2248.59,2026-07-30,True,False,True,False,True,True,True,True,True,False,False,False
D002984,pay_84849745,unauthorized_transaction,6519.19,2026-02-03,True,True,True,True,False,,False,False,True,False,True,True
D005992,pay_72664451,duplicate_charge,2308.66,2026-01-13,,True,True,False,,False,False,True,True,False,True,True
D003579,pay_78928132,item_not_as_described,2216.94,2026-10-02,True,False,False,False,False,True,True,False,,True,True,True
D003743,pay_00827422,item_not_received,1702.96,2026-09-21,True,False,False,False,False,True,True,False,False,False,False,False
D003550,pay_19301366,item_not_as_described,4229.44,2026-02-03,,False,True,False,False,True,,True,False,,True,True
D005539,pay_19435155,item_not_as_described,1230.14,2026-08-18,True,False,True,True,False,True,True,,False,,True,False
D005109,pay_02338433,duplicate_charge,6674.08,2026-02-18,True,False,False,,False,True,,False,False,True,True,False
D001044,pay_10586772,item_not_as_described,4015.37,2026-10-17,False,True,False,True,True,True,False,False,True,True,False,False
D005401,pay_61222265,item_not_received,1648.57,2026-05-24,True,True,True,False,True,True,False,False,,True,True,True
D002017,pay_92228771,item_not_received,3405.52,2026-09-20,True,,True,True,,False,False,,False,False,True,False
D001224,pay_05465365,unauthorized_transaction,5991.09,2026-09-18,,True,True,,False,True,True,,False,False,True,False
D003230,pay_79008609,item_not_as_described,1057.16,2026-09-12,True,True,True,,True,True,True,True,True,True,False,False
D003367,pay_01544766,duplicate_charge,1414.6,2026-04-21,False,False,True,False,,True,,True,True,True,True,False
D003316,pay_61360110,item_not_received,4391.53,2026-10-20,True,False,True,False,,False,True,False,,False,True,True
D005931,pay_49234605,duplicate_charge,3124.59,2026-03-04,False,False,False,True,,True,False,,True,True,True,False
D004615,pay_12391032,duplicate_charge,7049.64,2026-05-17,True,True,True,True,False,False,True,True,True,,False,False
D003313,pay_18109274,unauthorized_transaction,6382.15,2026-09-30,True,False,,True,True,False,True,,True,False,,False
D004636,pay_99839278,item_not_received,1820.53,2026-09-09,,,True,,True,False,True,False,False,,True,True
D004267,pay_25751762,item_not_received,5958.32,2026-10-14,False,True,True,False,False,False,False,True,False,True,True,True
D004117,pay_52834409,item_not_as_described,853.02,2026-06-14,True,True,True,False,True,True,True,,True,False,True,True
D002051,pay_93903968,item_not_as_described,501.28,2026-03-22,True,True,,False,False,False,,,False,False,True,True
D003505,pay_04364169,unauthorized_transaction,5261.19,2026-02-21,True,,True,True,True,True,False,False,False,True,True,True
D003646,pay_92989453,unauthorized_transaction,6763.79,2026-07-15,False,True,True,True,False,True,False,True,False,False,,False
D000422,pay_69627150,unauthorized_transaction,2527.78,2026-05-02,True,True,True,True,False,True,False,False,,,True,True
D004186,pay_28051395,unauthorized_transaction,5670.24,2026-04-02,False,False,True,,False,True,False,,,True,True,True
D003209,pay_54640068,item_not_as_described,5388.85,2026-10-06,True,True,True,,True,True,True,True,,False,True,False
D000558,pay_12717763,unauthorized_transaction,4207.83,2026-07-19,False,,False,,True,False,True,,,True,False,True
D003210,pay_49279866,item_not_received,3679.57,2026-06-29,False,True,False,True,False,False,False,False,True,True,True,False
D002373,pay_79650516,item_not_as_described,7787.92,2026-01-09,,False,True,,False,False,True,False,False,False,True,False
D004487,pay_87523428,unauthorized_transaction,1317.44,2026-09-18,True,False,,False,,True,False,True,True,False,True,True
D003162,pay_25331970,duplicate_charge,662.04,2026-02-17,False,True,,True,False,True,True,True,,True,False,True
D003633,pay_58723071,item_not_received,1573.13,2026-07-31,True,False,True,True,True,False,True,True,True,True,True,True
D001135,pay_41762103,unauthorized_transaction,7646.82,2026-07-14,True,True,False,True,True,,True,False,True,False,False,True
D003781,pay_21573315,item_not_as_described,4219.91,2026-05-28,False,False,True,True,True,,True,True,False,False,False,True
D004181,pay_02624263,unauthorized_transaction,1139.89,2026-06-04,True,True,True,True,True,,True,True,False,False,,True
D000732,pay_78457847,duplicate_charge,1980.03,2026-10-19,True,False,False,True,True,,True,,False,True,,True
D001459,pay_39530770,duplicate_charge,6980.12,2026-10-26,False,True,True,True,False,True,False,True,,True,False,False
D001107,pay_91269032,duplicate_charge,3622.01,2026-01-04,True,False,False,True,False,True,True,True,True,False,True,False
D001872,pay_80411058,item_not_as_described,3035.36,2026-04-23,True,True,True,True,False,False,False,False,,True,True,True
D002218,pay_69046338,duplicate_charge,7383.62,2026-02-23,False,True,,True,False,True,True,True,False,False,False,False
D005989,pay_28671742,item_not_as_described,7326.67,2026-06-12,True,True,False,False,False,True,True,,True,False,,True
D001644,pay_34604355,item_not_as_described,2338.82,2026-03-13,True,True,False,True,True,True,True,,False,True,False,False
D005882,pay_20925223,item_not_received,7063.87,2026-08-16,False,False,False,True,True,False,False,False,False,False,False,False
D002039,pay_75439116,item_not_received,3682.06,2026-02-07,False,True,,False,False,,,True,False,False,True,True
D001282,pay_02826793,duplicate_charge,3142.02,2026-10-13,True,True,,False,True,False,True,True,True,True,False,True
D000910,pay_62318334,duplicate_charge,3310.42,2026-10-26,True,False,False,True,True,False,False,False,True,,,True
D000985,pay_91207281,item_not_received,5267.04,2026-04-29,False,False,False,False,False,False,True,,,True,True,True
D004520,pay_52449836,duplicate_charge,1686.96,2026-10-14,True,False,True,True,False,False,True,False,False,False,False,False
D004524,pay_00881361,item_not_as_described,7283.73,2026-04-29,False,False,False,,False,True,True,False,True,True,False,True
D000989,pay_53555221,duplicate_charge,3279.49,2026-10-05,True,,True,,False,True,False,False,,False,True,True
D003801,pay_80027946,item_not_received,3860.92,2026-03-27,,True,False,False,False,False,False,True,,True,False,True
D002685,pay_74229183,unauthorized_transaction,7637.88,2026-08-09,True,True,True,False,True,False,,False,False,False,True,False
D000513,pay_75435906,item_not_received,6050.56,2026-07-06,True,True,,,True,True,False,True,True,True,False,False
D000628,pay_27258959,item_not_as_described,2386.62,2026-01-19,False,False,False,True,True,True,False,True,True,,True,True
D003564,pay_49480742,unauthorized_transaction,6871.95,2026-02-18,True,False,True,True,False,False,True,False,True,False,,True
D002798,pay_22090428,unauthorized_transaction,3111.41,2026-09-02,,,True,True,True,,False,False,False,False,True,True
D000166,pay_76635858,unauthorized_transaction,4413.9,2026-03-27,,True,False,,False,False,True,True,,True,True,False
D000940,pay_90531439,item_not_received,910.17,2026-04-24,False,True,False,,False,False,False,False,False,True,,False
D001614,pay_58195578,item_not_as_described,411.98,2026-10-02,False,True,,True,,True,False,False,False,True,False,False
D005774,pay_94177472,item_not_received,7287.53,2026-01-05,True,,True,True,False,False,,False,False,True,False,False
D003468,pay_99812395,unauthorized_transaction,7656.0,2026-10-25,True,False,False,,True,True,False,,True,,False,False
D001458,pay_53157055,item_not_received,3290.31,2026-04-10,False,True,True,False,False,True,False,True,False,False,False,True
D000949,pay_18293268,item_not_received,7330.86,2026-02-16,True,True,False,True,False,True,True,True,False,,True,False
D005378,pay_19764749,item_not_as_described,6074.91,2026-04-27,False,,True,False,True,,True,,False,True,True,False
D001293,pay_23913222,unauthorized_transaction,1461.57,2026-07-10,True,False,,True,True,True,True,False,False,False,True,True
D002409,pay_64004868,duplicate_charge,1205.54,2026-01-02,False,True,True,True,True,False,False,True,False,False,,False
D005840,pay_37651111,unauthorized_transaction,3199.77,2026-04-17,False,True,False,,True,False,True,True,True,True,True,True
D002553,pay_03500766,item_not_as_described,555.2,2026-08-07,True,True,False,,True,True,False,,True,True,False,True
D001998,pay_37215789,item_not_received,5507.81,2026-03-28,,False,,False,False,False,True,True,True,,,True
D002599,pay_68730920,duplicate_charge,4805.04,2026-02-02,False,True,False,False,False,True,False,True,True,False,False,False
D001779,pay_97124040,item_not_as_described,5124.81,2026-03-25,False,,False,False,True,True,True,True,False,True,True,False
D002948,pay_17328519,item_not_received,3949.47,2026-03-04,False,True,,False,True,False,False,True,True,False,False,False
D002753,pay_73270100,unauthorized_transaction,7329.26,2026-01-07,False,True,False,False,False,False,True,True,True,True,False,True
D005040,pay_80825581,duplicate_charge,4976.62,2026-02-08,True,False,False,,False,False,,True,True,True,,False
D004091,pay_48591801,duplicate_charge,1938.71,2026-06-13,True,True,False,False,True,True,True,True,,,,True
D003998,pay_11420444,unauthorized_transaction,994.86,2026-05-21,,True,False,True,False,True,True,True,,False,False,True
D004842,pay_16136410,duplicate_charge,5504.7,2026-08-17,True,True,False,,True,False,True,,True,True,False,True
D003570,pay_84952232,duplicate_charge,4099.22,2026-05-30,False,False,False,True,True,True,False,True,False,,False,True
D004737,pay_27975544,item_not_as_described,1779.41,2026-09-06,True,True,False,,True,True,True,True,True,True,True,False
D002966,pay_77927756,unauthorized_transaction,2293.57,2026-04-26,,False,True,True,True,True,False,True,False,,False,False
D002105,pay_12261443,duplicate_charge,2444.4,2026-02-08,False,False,True,False,True,True,,True,False,True,True,True
D002472,pay_37467078,unauthorized_transaction,2358.26,2026-08-26,True,,False,False,True,True,True,False,False,True,,True
D005422,pay_55811457,item_not_as_described,1987.28,2026-07-25,,,True,True,True,True,True,,,True,False,True
D004400,pay_80861360,duplicate_charge,7610.81,2026-04-29,True,False,False,True,True,False,False,False,False,False,False,False
D005206,pay_18164191,unauthorized_transaction,1699.18,2026-04-24,True,False,False,False,False,False,False,True,False,True,False,False
D004954,pay_62250154,unauthorized_transaction,1425.98,2026-03-05,True,True,True,True,True,,False,,False,False,False,True
D003029,pay_51393078,item_not_as_described,400.51,2026-07-17,False,True,True,,False,False,True,True,,True,False,True
D003822,pay_71226024,duplicate_charge,5090.41,2026-07-30,True,False,True,,True,True,False,False,True,True,False,True
D003383,pay_35127334,item_not_as_described,1438.64,2026-04-03,True,True,True,,True,True,True,True,True,True,False,True
D003040,pay_49470062,duplicate_charge,2108.43,2026-10-04,,True,False,,True,True,False,True,True,True,False,True
D000947,pay_89756097,unauthorized_transaction,7484.32,2026-08-22,True,True,False,True,True,True,False,False,False,True,,True
D004558,pay_28945301,item_not_as_described,839.41,2026-06-22,True,True,,True,False,True,True,True,False,,True,True
D002272,pay_96377379,duplicate_charge,727.93,2026-06-10,,False,False,False,True,False,False,False,False,True,True,False
D004810,pay_05568032,duplicate_charge,6016.34,2026-04-13,False,True,,True,False,True,,True,False,False,False,True
D003551,pay_06440143,item_not_received,6312.22,2026-06-18,True,False,False,True,True,True,True,True,True,True,True,False
D004404,pay_14479893,item_not_as_described,7030.14,2026-09-13,,True,False,False,True,True,False,False,True,True,True,False
D001015,pay_19591693,unauthorized_transaction,1557.81,2026-03-03,True,True,True,False,False,,True,,True,False,False,False
D004746,pay_00471222,item_not_as_described,6586.95,2026-02-15,True,,False,False,,,True,True,,False,True,True
D002368,pay_60066626,duplicate_charge,5836.97,2026-05-18,False,True,True,False,True,False,True,True,True,True,False,True
D002119,pay_67230655,unauthorized_transaction,6394.37,2026-06-24,False,False,True,False,True,False,False,True,True,True,,False
D004772,pay_54148736,unauthorized_transaction,3554.07,2026-09-02,True,False,True,,True,False,False,True,False,False,False,True
D004305,pay_11161372,duplicate_charge,6168.08,2026-10-24,False,,True,False,False,True,True,True,True,False,True,True
D002915,pay_28786904,duplicate_charge,6104.11,2026-01-16,False,,False,False,,True,,True,,True,False,False
D005407,pay_66654611,duplicate_charge,1143.95,2026-02-17,False,False,True,False,False,False,False,False,,,True,False
D004350,pay_55090239,duplicate_charge,7582.76,2026-08-03,False,False,,False,True,True,False,True,True,False,,True
D002311,pay_33032988,item_not_as_described,2303.1,2026-06-27,False,False,False,True,True,False,False,False,True,False,False,False
D005830,pay_17123256,unauthorized_transaction,4339.64,2026-10-11,True,True,True,False,False,True,True,False,False,True,True,False
D003172,pay_98626939,item_not_as_described,3556.05,2026-01-22,True,True,False,True,True,True,,False,True,True,,True
D003515,pay_07917980,duplicate_charge,1998.9,2026-02-17,False,False,True,True,True,True,False,True,True,,False,False
D003895,pay_24532209,unauthorized_transaction,1139.54,2026-02-28,False,True,True,False,False,False,True,True,,True,True,True
D000626,pay_54974875,item_not_as_described,5188.06,2026-06-04,True,True,False,False,True,True,True,True,False,True,True,False
D000612,pay_51996292,duplicate_charge,7315.94,2026-07-04,False,False,False,False,True,True,,True,,False,True,True
D000764,pay_57858924,unauthorized_transaction,3325.48,2026-04-06,True,True,False,True,True,True,False,,False,True,True,True
D004491,pay_33149303,duplicate_charge,4151.14,2026-01-15,,True,True,False,False,True,False,True,True,,False,True
D002417,pay_69885772,item_not_as_described,4249.38,2026-04-17,False,False,False,False,True,True,True,False,False,,False,False
D004800,pay_22158815,item_not_received,1274.09,2026-10-21,False,True,True,,,False,True,False,False,True,True,False
D002175,pay_85959126,item_not_received,4006.81,2026-06-24,False,,False,False,False,,False,,True,True,False,False
D001697,pay_11851771,item_not_as_described,697.42,2026-08-29,True,False,False,True,False,False,True,False,True,False,False,True
D005471,pay_39210459,unauthorized_transaction,993.0,2026-02-21,False,False,True,True,True,True,True,True,False,True,False,False
D005494,pay_56276256,item_not_as_described,7319.15,2026-02-24,,True,True,True,,True,,,True,True,,True
D002693,pay_19644217,item_not_as_described,1797.17,2026-04-30,False,False,False,,False,False,False,True,False,True,True,False
D003139,pay_85051824,duplicate_charge,4980.37,2026-07-26,,False,False,False,,True,False,False,True,True,False,True
D001698,pay_46016483,item_not_received,3190.45,2026-02-03,False,True,,False,,True,True,False,False,False,True,False
D002385,pay_35388424,item_not_as_described,2044.71,2026-03-17,False,False,True,False,True,True,True,False,True,True,False,True
D004389,pay_44292341,item_not_as_described,7918.79,2026-04-23,True,True,True,True,True,True,True,,True,False,True,True
D005780,pay_01041880,duplicate_charge,3149.4,2026-06-05,True,False,True,False,False,False,False,,True,False,False,False
D003615,pay_59785672,item_not_as_described,5302.21,2026-09-20,,True,False,True,False,True,True,False,True,True,False,True
D001857,pay_81050025,item_not_received,7093.97,2026-07-07,False,,False,True,,False,,True,True,,False,False
D004526,pay_13613562,unauthorized_transaction,3156.75,2026-09-14,True,False,True,,False,True,False,False,False,False,,False
D005246,pay_18805014,duplicate_charge,6449.11,2026-03-06,True,True,False,True,True,False,True,True,True,True,False,True
D005733,pay_97343054,item_not_as_described,5726.2,2026-08-04,False,False,True,True,True,False,False,True,,True,False,False
D002012,pay_12938276,duplicate_charge,658.13,2026-10-25,False,True,False,False,True,False,False,True,True,False,False,True
D004509,pay_20165389,duplicate_charge,4796.1,2026-07-18,False,True,,False,,False,False,False,True,True,True,True
D004663,pay_14620959,duplicate_charge,4285.82,2026-10-22,False,False,True,True,True,True,False,False,False,False,True,True
D003293,pay_97433045,duplicate_charge,3602.81,2026-04-27,,True,True,True,True,True,False,True,True,False,True,True
D000191,pay_31182544,unauthorized_transaction,1755.77,2026-01-13,True,False,True,,,True,True,True,False,True,,True
D001540,pay_68682606,duplicate_charge,4520.06,2026-09-30,,True,True,False,True,False,False,False,True,False,False,False
D004544,pay_01618150,item_not_received,3221.34,2026-07-19,True,True,False,True,False,False,False,True,True,False,,False
D005857,pay_07481488,item_not_as_described,7324.54,2026-09-01,True,True,,True,False,True,True,False,True,True,True,True
D005133,pay_90388857,item_not_as_described,7004.79,2026-02-05,True,False,True,False,False,True,False,,False,True,False,False
D002910,pay_13323068,duplicate_charge,3665.94,2026-05-08,False,False,True,True,True,False,,True,True,True,False,True
D004391,pay_18502944,item_not_received,2740.15,2026-10-16,True,True,False,False,True,True,,True,True,False,False,False
D001300,pay_03103714,item_not_as_described,4349.31,2026-09-13,False,True,True,False,True,False,True,False,True,,True,False
D004044,pay_74977780,item_not_as_described,7463.66,2026-10-26,True,,True,False,,True,True,False,True,False,False,True
D003059,pay_66242616,duplicate_charge,4783.42,2026-02-14,True,True,True,False,True,True,True,False,,False,True,False
D002251,pay_96480859,duplicate_charge,3647.73,2026-06-05,,True,,,False,True,False,True,True,False,True,True
D004657,pay_43677725,duplicate_charge,3896.43,2026-05-23,True,,False,True,False,False,,True,,,True,False
D004659,pay_42288149,unauthorized_transaction,7018.86,2026-09-27,False,True,False,True,True,False,,,,False,,False
D001846,pay_30314308,item_not_received,1852.82,2026-06-01,True,True,,False,,False,,False,False,True,,True
D005034,pay_92817988,unauthorized_transaction,3588.57,2026-09-08,,,,,False,,True,True,False,,True,True
D005492,pay_55181406,duplicate_charge,2303.98,2026-02-08,True,False,False,,True,False,,True,True,True,True,False
D004968,pay_46262265,item_not_as_described,3409.85,2026-08-30,True,False,False,,True,True,False,True,,True,False,False
D002891,pay_02403021,unauthorized_transaction,5953.12,2026-04-17,False,True,True,True,True,True,False,True,False,False,True,False
D004166,pay_26651490,unauthorized_transaction,6613.64,2026-06-29,True,True,True,True,,False,True,True,True,False,False,True
D004613,pay_93678729,duplicate_charge,5536.1,2026-01-07,False,False,True,True,,True,False,,False,True,,True
D001919,pay_38566545,item_not_received,911.76,2026-02-13,,,False,False,False,True,True,False,False,False,,True
D002146,pay_70851710,item_not_as_described,5861.02,2026-01-13,True,True,True,True,False,False,True,True,False,True,False,False
D001791,pay_58157897,item_not_as_described,3898.26,2026-10-10,False,False,,False,False,True,True,False,True,True,False,True
D001832,pay_96485186,item_not_as_described,3527.87,2026-07-06,True,True,True,False,False,False,,,False,False,False,False
D005832,pay_09925717,unauthorized_transaction,4895.74,2026-02-24,True,True,,False,True,False,,True,True,True,True,True
D004824,pay_53261748,item_not_as_described,6875.65,2026-08-04,False,True,,True,False,True,True,True,True,True,True,True
D005423,pay_08838051,duplicate_charge,2541.85,2026-01-10,True,False,False,False,True,True,True,True,True,True,True,True
D003631,pay_03709977,item_not_as_described,4905.73,2026-03-29,,False,,False,False,False,True,False,True,True,True,False
D004096,pay_33069157,item_not_received,5099.68,2026-04-07,True,True,False,,True,True,False,True,True,,False,False
D004901,pay_40922713,item_not_received,7341.64,2026-06-06,False,True,False,False,False,True,True,,,True,False,True
D002024,pay_12854587,duplicate_charge,6239.8,2026-06-27,True,False,True,,True,,True,True,False,True,True,True
D001453,pay_94302370,item_not_as_described,4269.83,2026-07-18,True,False,True,False,True,False,False,True,True,False,True,False
D003592,pay_12244414,item_not_received,7974.61,2026-05-02,False,False,,True,True,True,,False,False,False,,False
D002293,pay_35985369,unauthorized_transaction,6948.27,2026-09-03,True,True,,True,,True,,True,True,False,True,True
D003202,pay_44837580,unauthorized_transaction,3706.69,2026-03-29,True,True,False,True,True,False,False,True,False,True,,False
D000350,pay_01242658,unauthorized_transaction,4512.55,2026-07-25,False,False,False,,False,False,False,True,True,True,True,False
D001174,pay_53139985,duplicate_charge,3396.58,2026-03-13,True,,True,,,True,False,False,False,True,True,False
D001876,pay_54220728,item_not_received,4740.56,2026-08-20,True,True,False,False,True,False,,True,False,True,True,True
D001430,pay_09849505,unauthorized_transaction,2339.73,2026-03-09,False,True,True,False,False,False,False,False,True,True,,True
D003419,pay_35684774,duplicate_charge,1033.58,2026-02-17,False,False,True,,True,True,False,True,False,,,True
D003675,pay_21193945,duplicate_charge,5599.96,2026-03-09,False,True,True,False,False,True,False,False,False,False,True,False
D001520,pay_43021856,item_not_received,4499.14,2026-07-29,True,,True,True,True,False,False,True,,False,True,False
D004108,pay_17723416,duplicate_charge,1762.78,2026-01-20,True,True,False,True,False,False,True,True,,True,True,True
D004686,pay_14305781,item_not_as_described,6197.29,2026-02-25,True,,True,True,False,False,True,False,False,True,True,False
D005772,pay_55596333,item_not_received,1880.1,2026-03-25,,True,,True,,,False,True,True,True,False,True
D003845,pay_63218667,item_not_received,4550.32,2026-10-18,False,False,,True,False,True,True,True,True,True,False,False
D000278,pay_22620027,item_not_received,626.14,2026-08-19,False,True,,True,False,,True,True,False,False,False,True
D000245,pay_95421039,item_not_received,4357.34,2026-08-12,False,True,True,True,False,True,,,False,True,True,True
D001442,pay_55333846,item_not_received,4328.82,2026-06-05,True,True,True,False,True,True,True,True,True,,False,True
D004926,pay_75863632,duplicate_charge,7764.75,2026-05-25,False,True,False,True,True,True,False,True,True,False,False,True
D001894,pay_43310223,item_not_received,5769.41,2026-03-31,True,True,True,True,True,True,False,False,False,True,True,True
D001623,pay_92199525,unauthorized_transaction,1371.88,2026-06-17,False,False,False,False,False,,True,False,True,True,,True
D004984,pay_53840035,duplicate_charge,1846.58,2026-09-06,True,,True,True,False,True,True,True,False,True,False,False
D005686,pay_97694826,item_not_as_described,7337.23,2026-10-26,,True,True,True,False,,False,True,True,True,True,False
D000436,pay_91918765,item_not_received,1054.65,2026-06-30,True,True,False,True,True,True,False,,,False,False,True
D003406,pay_70307230,duplicate_charge,4466.21,2026-03-09,False,True,False,False,False,False,True,True,True,False,False,False
D001318,pay_47664508,unauthorized_transaction,7978.57,2026-09-03,True,False,False,False,True,,False,,False,,False,False
D004805,pay_80694754,unauthorized_transaction,2073.5,2026-05-17,False,True,,False,True,True,True,,True,False,True,False
D000566,pay_71803531,item_not_as_described,7362.19,2026-09-04,,False,True,,True,True,True,True,True,False,False,False
D004652,pay_59668855,item_not_as_described,1137.31,2026-09-20,False,False,,False,True,True,,,True,True,False,True
D004303,pay_03336254,duplicate_charge,7574.83,2026-04-11,False,True,True,True,True,True,False,True,False,False,,True
D004287,pay_47367149,item_not_received,3725.72,2026-09-20,False,,,True,True,False,True,False,False,True,,True
D001370,pay_55292979,duplicate_charge,1459.32,2026-10-16,False,True,False,False,True,False,False,True,True,,True,False
D000251,pay_41574904,duplicate_charge,1889.89,2026-04-17,True,True,,True,False,False,,False,,True,True,False
D005126,pay_70884777,item_not_as_described,6425.94,2026-05-14,True,,False,False,False,False,True,True,False,True,False,False
D003763,pay_39286915,duplicate_charge,4132.2,2026-03-31,False,False,True,False,,False,,True,True,False,,False
D000099,pay_25499255,duplicate_charge,1079.69,2026-04-17,False,False,True,True,True,True,False,True,,False,False,True
D001109,pay_33632299,item_not_received,7745.66,2026-05-21,True,False,True,,True,False,,True,True,False,False,False
D001234,pay_57217953,item_not_received,950.34,2026-07-14,,,True,False,False,False,True,False,True,False,False,True
D005702,pay_70658351,duplicate_charge,7953.67,2026-09-02,False,True,False,True,True,,True,False,False,False,False,False
D004625,pay_18611717,unauthorized_transaction,2633.2,2026-01-11,True,False,False,True,True,True,True,False,True,False,True,True
D005930,pay_58673927,item_not_received,4622.78,2026-09-10,True,True,False,False,False,True,,True,True,True,False,False
D003498,pay_94990744,duplicate_charge,4935.12,2026-07-03,True,,True,,,True,False,True,False,True,True,True
D001255,pay_33360060,unauthorized_transaction,4802.7,2026-02-24,True,True,True,True,True,,True,False,False,False,False,False
D000486,pay_26082385,item_not_received,1964.23,2026-07-02,False,False,,,True,False,True,True,False,True,False,True
D000579,pay_92769936,unauthorized_transaction,3099.65,2026-09-01,True,True,False,True,True,False,True,False,True,True,,True
D005825,pay_36078757,item_not_received,419.19,2026-06-13,False,True,True,True,False,True,True,False,True,False,False,False
D002418,pay_77603517,item_not_received,481.01,2026-04-19,False,,True,False,False,True,False,False,True,True,True,True
D003196,pay_10906918,item_not_as_described,4111.68,2026-01-10,True,True,False,True,False,False,True,True,False,True,True,True
D003389,pay_84203129,duplicate_charge,7799.35,2026-03-05,True,False,,,,False,False,False,True,False,,False
D001582,pay_23798898,item_not_received,7670.57,2026-08-06,False,True,True,,True,True,False,False,False,False,True,True
D000836,pay_57903564,duplicate_charge,2835.06,2026-07-02,True,,False,False,False,,False,True,False,False,True,True
D002142,pay_05583342,item_not_received,1706.75,2026-04-20,False,False,False,True,False,False,True,,True,,True,False
D001946,pay_22184642,item_not_received,4450.46,2026-07-15,,False,True,False,False,,True,False,True,True,,True
D003713,pay_87859091,duplicate_charge,3145.31,2026-03-12,True,True,True,True,False,True,False,,True,False,,False
D002049,pay_37824131,duplicate_charge,4358.25,2026-01-03,,False,False,False,False,False,False,False,False,False,,False
D000666,pay_13404936,item_not_received,3736.81,2026-04-29,False,False,,False,True,False,,True,,True,False,True
D001111,pay_23814675,duplicate_charge,337.5,2026-10-12,False,,False,,False,,True,False,True,False,False,False
D000353,pay_94790544,duplicate_charge,3205.28,2026-07-18,False,False,False,True,False,True,False,True,True,True,True,True
D000493,pay_74881217,duplicate_charge,721.75,2026-01-13,True,False,,False,True,False,False,True,True,False,False,True
D005916,pay_83736447,unauthorized_transaction,7669.63,2026-02-04,True,,False,False,,True,False,True,True,True,,True
D005698,pay_17260526,unauthorized_transaction,2618.73,2026-04-14,False,False,True,True,True,False,,False,False,,False,True
D002803,pay_90172727,item_not_as_described,7304.9,2026-06-01,False,,True,,True,True,True,True,True,,,True
D002503,pay_05726678,duplicate_charge,1014.72,2026-07-02,False,False,,,True,True,False,,True,True,True,True
D002793,pay_25545785,unauthorized_transaction,6850.65,2026-02-18,True,True,True,False,True,True,True,True,False,False,True,False
D005784,pay_15819975,item_not_as_described,3591.73,2026-07-27,True,False,True,False,True,False,False,False,,True,,True
D002254,pay_40774858,item_not_received,844.94,2026-09-20,True,False,False,,True,,False,True,,True,True,True
D005505,pay_49590688,duplicate_charge,813.02,2026-07-11,False,,False,False,True,False,,False,False,True,True,True
D000571,pay_87851680,unauthorized_transaction,1358.33,2026-06-26,True,True,False,True,,False,,,,,True,True
D003720,pay_81808025,item_not_as_described,5612.07,2026-03-10,False,False,False,False,False,True,False,False,False,True,False,True
D000548,pay_44480754,item_not_as_described,3669.02,2026-02-09,,True,False,False,True,False,True,True,False,False,False,True
D002260,pay_22994430,item_not_received,5678.46,2026-04-23,True,False,True,True,,False,,False,False,,,True
D003862,pay_77825269,unauthorized_transaction,5811.32,2026-02-12,True,True,True,True,,,True,True,False,,True,True
D000994,pay_35164479,item_not_as_described,3932.3,2026-01-05,True,False,False,False,True,,False,False,True,True,False,True
D005134,pay_29875693,duplicate_charge,4863.69,2026-09-30,True,False,False,False,False,True,False,False,True,False,,True
D004721,pay_66617339,unauthorized_transaction,5735.72,2026-09-29,True,True,True,True,,,True,False,True,True,True,True
D004253,pay_43093377,item_not_as_described,6556.3,2026-09-16,True,,False,True,False,,True,True,True,False,True,True
D005693,pay_03977699,unauthorized_transaction,6094.87,2026-08-28,False,,False,False,True,True,,,False,False,True,True
D003971,pay_76639295,item_not_received,1282.77,2026-05-24,False,True,False,True,False,False,False,True,False,False,True,True
D003884,pay_01742356,duplicate_charge,7451.0,2026-02-24,True,True,,True,False,,,True,True,False,True,True
D001625,pay_91833399,item_not_as_described,7593.49,2026-05-15,,False,True,True,False,True,True,False,False,False,True,False
D005267,pay_37830805,item_not_as_described,4837.04,2026-09-08,False,False,True,,True,False,False,True,False,True,True,False
D001807,pay_82157897,duplicate_charge,1739.21,2026-08-03,False,,,False,True,True,False,True,True,True,True,True
D000030,pay_36578001,item_not_received,3117.1,2026-09-15,False,False,False,True,False,,,,,False,True,False
D004624,pay_94442441,item_not_received,5945.36,2026-06-02,True,True,,True,False,,False,False,True,True,,True
D002429,pay_38841213,item_not_received,5054.52,2026-04-11,False,True,False,True,False,False,True,False,True,False,False,False
D004163,pay_25042606,item_not_as_described,7093.61,2026-02-26,False,True,True,False,True,False,True,True,True,True,False,True
D004889,pay_56682303,item_not_received,4864.92,2026-10-09,True,True,False,True,False,True,True,True,True,False,True,False
D000132,pay_54874257,duplicate_charge,5340.01,2026-06-12,True,True,False,False,,True,True,True,True,False,,True
D004064,pay_06166817,item_not_as_described,7474.39,2026-09-22,False,False,True,True,True,True,False,False,True,False,True,True
D000741,pay_63134531,item_not_as_described,1432.79,2026-10-18,False,True,True,True,False,True,False,False,True,False,True,False
D001091,pay_51655958,duplicate_charge,3948.52,2026-08-11,True,,False,,True,False,True,True,False,False,True,True
D004933,pay_47522187,unauthorized_transaction,5758.71,2026-08-20,False,False,True,False,False,True,,False,,False,,True
D005877,pay_98183026,unauthorized_transaction,1827.22,2026-09-05,True,False,False,True,True,True,True,,False,True,False,False
D005307,pay_07487444,unauthorized_transaction,4376.45,2026-01-08,False,False,,True,False,False,False,True,,True,True,False
D001325,pay_83516972,item_not_as_described,5715.59,2026-02-08,False,,True,,False,True,True,False,True,True,False,True
D000539,pay_53852997,item_not_received,5356.16,2026-06-10,False,True,True,True,True,False,,False,,True,True,True
D003421,pay_00184476,duplicate_charge,6228.44,2026-09-08,False,True,False,,True,False,,,,False,False,False
D002345,pay_22664649,unauthorized_transaction,7060.98,2026-06-03,True,True,,True,False,True,True,True,False,False,True,False
D002557,pay_18469234,item_not_received,4668.68,2026-02-19,False,,False,True,True,True,False,False,False,,True,True
D002899,pay_87489742,duplicate_charge,4217.17,2026-04-16,True,,False,False,True,True,False,False,True,,True,True
D001891,pay_95267733,item_not_received,5161.03,2026-02-10,True,,False,True,True,False,True,True,True,True,False,True
D003387,pay_74549910,item_not_received,2884.39,2026-05-25,True,False,False,True,False,,True,,True,False,False,False
D005495,pay_62290356,duplicate_charge,1466.85,2026-01-05,True,True,True,,False,True,False,False,True,False,True,False
D001265,pay_81461995,unauthorized_transaction,2477.99,2026-09-17,True,True,True,False,False,True,False,True,,False,True,True
D003279,pay_37307188,item_not_received,6100.66,2026-06-03,False,False,False,True,False,,,False,False,,,False
D004087,pay_27676285,item_not_as_described,4678.09,2026-02-01,False,False,,False,False,True,False,,True,,False,True
D003442,pay_37082891,item_not_as_described,1343.36,2026-03-20,True,True,True,False,,False,False,True,False,False,,False
D000003,pay_72394227,duplicate_charge,3179.14,2026-03-25,False,True,False,True,True,True,True,True,,False,False,True
D002723,pay_42786271,item_not_as_described,1981.7,2026-03-26,True,True,,False,False,False,False,True,False,False,False,True
D002696,pay_80113523,duplicate_charge,7294.05,2026-08-06,True,True,False,True,False,True,,False,True,True,True,True
D005358,pay_68076028,duplicate_charge,4849.29,2026-02-23,False,,True,False,,,True,,,True,False,False
D005339,pay_79267170,item_not_received,7693.18,2026-02-04,False,False,True,False,False,True,,,False,False,False,True
D000033,pay_72506491,item_not_received,7877.02,2026-03-09,False,True,False,True,False,True,False,True,False,False,False,False
D000489,pay_04896647,item_not_as_described,890.93,2026-05-12,True,True,False,False,True,True,True,True,True,True,True,True
D004090,pay_94257060,item_not_as_described,7072.64,2026-07-21,False,True,True,True,True,False,,True,,True,False,True
D002664,pay_39921508,item_not_received,3564.94,2026-06-10,False,True,True,False,False,True,,False,False,True,True,False
D005833,pay_32382874,duplicate_charge,5957.12,2026-03-02,True,False,False,True,False,True,,False,True,False,False,False
D004590,pay_70134339,item_not_as_described,5251.85,2026-08-28,True,False,,True,True,False,,True,True,True,True,False
D003337,pay_60093162,item_not_received,3140.42,2026-03-29,,True,False,False,True,False,False,False,True,True,True,True
D005454,pay_35325498,unauthorized_transaction,1152.76,2026-01-19,False,False,False,True,True,,True,False,True,True,True,False
D000473,pay_51617675,item_not_received,6313.76,2026-09-07,True,False,,True,True,True,True,True,True,False,,True
D001148,pay_31938297,unauthorized_transaction,4915.33,2026-09-17,False,False,True,False,False,,False,True,False,,True,True
D004515,pay_88240954,item_not_as_described,3106.61,2026-01-19,False,True,False,,False,,False,False,True,False,True,True
D004767,pay_48094907,unauthorized_transaction,4707.64,2026-08-11,True,False,True,,False,True,,,False,True,False,True
D005834,pay_03454270,duplicate_charge,7821.88,2026-09-06,True,True,True,False,False,True,,,False,False,True,False
D001461,pay_28349941,unauthorized_transaction,6614.83,2026-05-22,False,False,True,False,False,True,,False,False,,False,False
D003678,pay_78632480,item_not_received,799.4,2026-09-09,False,True,False,False,True,False,True,False,False,False,True,True
D005353,pay_46916869,duplicate_charge,5570.0,2026-02-11,False,False,False,True,True,True,True,False,True,False,False,False
D005359,pay_28924143,item_not_as_described,1227.49,2026-02-10,True,True,False,True,True,False,True,False,True,False,,True
D004470,pay_32490575,unauthorized_transaction,2082.54,2026-03-28,True,True,,True,False,False,True,True,False,False,,True
D005174,pay_62375187,unauthorized_transaction,1789.09,2026-07-24,False,,True,False,True,,True,True,False,True,True,False
D002155,pay_11520791,item_not_as_described,7082.15,2026-10-13,True,False,,True,True,False,,False,False,True,False,True
D004124,pay_43401624,item_not_received,2574.58,2026-06-01,True,True,True,False,True,True,False,False,True,True,True,True
D004402,pay_23945392,item_not_as_described,2024.45,2026-05-04,True,False,True,,False,True,True,False,True,True,True,True
D003392,pay_06429009,item_not_as_described,4501.73,2026-01-09,True,True,True,False,True,True,False,False,True,False,True,False
D002328,pay_35040122,item_not_as_described,5456.15,2026-03-11,,True,,False,False,True,True,False,,False,True,True
D001873,pay_97566381,item_not_as_described,1761.42,2026-10-07,True,True,True,True,True,False,True,,,False,,True
D003726,pay_05842585,duplicate_charge,6331.97,2026-03-19,True,False,False,True,True,False,False,,,False,False,True
D003786,pay_30504891,item_not_received,481.71,2026-04-25,True,False,False,,True,True,False,False,True,False,True,True
D004885,pay_77096534,duplicate_charge,6847.74,2026-03-28,False,,False,,False,False,True,False,True,True,False,False
D004528,pay_02086992,item_not_received,3047.44,2026-08-07,,,True,,False,True,True,True,False,True,True,True
D002163,pay_25585502,item_not_received,3916.32,2026-08-24,True,True,True,True,False,True,True,False,,True,,True
D003534,pay_62582674,unauthorized_transaction,5743.18,2026-10-12,,False,,False,False,False,True,False,False,False,,False
D003019,pay_04901179,duplicate_charge,2849.03,2026-03-23,,True,True,,,True,True,True,,True,True,True
D005318,pay_34163824,duplicate_charge,1676.78,2026-02-22,,False,False,False,False,,False,False,True,False,True,True
D000789,pay_69469109,unauthorized_transaction,7835.51,2026-06-04,False,True,False,False,False,False,False,False,False,False,False,False
D001227,pay_41483913,item_not_as_described,4135.92,2026-10-28,False,False,False,True,True,False,True,True,False,True,False,False
D001112,pay_23375878,item_not_received,6790.29,2026-04-20,True,False,True,False,,False,True,,False,True,True,True
D005391,pay_60285533,duplicate_charge,7038.0,2026-03-21,False,False,,False,,False,,False,True,False,False,False
D003360,pay_58562106,duplicate_charge,2165.45,2026-03-30,,False,False,False,True,True,,True,False,False,False,False
D005175,pay_80455681,duplicate_charge,1641.43,2026-05-14,True,True,False,False,True,,False,,,False,True,True
D000528,pay_88626958,item_not_received,1571.6,2026-08-10,False,True,True,True,True,True,True,False,False,False,True,False
D005079,pay_80674750,item_not_received,7570.97,2026-07-22,True,False,True,,True,,,True,False,True,True,True
D003148,pay_20946919,item_not_received,5198.71,2026-03-11,True,True,False,False,False,False,False,True,True,False,,False
D005319,pay_50296941,unauthorized_transaction,1070.04,2026-06-09,True,True,True,False,True,True,False,,True,True,False,True
D005648,pay_36530205,unauthorized_transaction,3264.57,2026-05-22,False,True,,False,True,True,True,False,True,False,False,True
D003474,pay_35218156,item_not_received,4588.5,2026-09-08,False,True,False,False,False,False,True,,True,False,False,False
D005523,pay_64390647,unauthorized_transaction,5670.48,2026-03-05,False,False,False,False,False,False,True,True,False,False,True,False
D000204,pay_66396319,unauthorized_transaction,729.18,2026-05-16,True,False,False,True,False,True,True,False,True,False,False,False
D004793,pay_16224666,duplicate_charge,7607.41,2026-07-11,True,,,True,False,False,,False,False,True,True,False
D003354,pay_75704351,item_not_received,3962.11,2026-07-02,True,False,False,True,False,False,True,True,True,True,True,True
D002361,pay_87808074,item_not_received,4158.47,2026-01-13,True,True,True,,True,True,False,False,True,True,True,True
D001734,pay_17032764,item_not_received,5580.38,2026-04-10,False,False,True,True,,False,True,False,True,True,True,False
D005451,pay_66655935,item_not_as_described,4318.94,2026-08-11,True,True,False,True,True,False,True,True,True,False,,False
D005414,pay_73775318,item_not_received,302.9,2026-01-04,,True,False,,True,True,True,False,False,False,False,True
D000455,pay_15332633,duplicate_charge,1575.15,2026-09-11,True,True,True,,True,False,True,False,,False,True,False
D004643,pay_79373842,item_not_as_described,5481.57,2026-09-26,True,True,,False,,False,False,True,True,True,False,False
D004484,pay_75972370,unauthorized_transaction,2509.03,2026-08-12,True,False,True,,True,False,False,True,False,True,True,True
D002667,pay_54659151,item_not_as_described,7115.39,2026-10-18,False,True,True,False,True,False,True,True,False,True,,False
D003003,pay_26609581,item_not_as_described,3351.57,2026-05-04,True,True,False,False,False,False,True,False,True,True,True,True
D002395,pay_08691886,duplicate_charge,6049.75,2026-04-22,True,False,False,False,False,,False,True,True,False,False,True
D003112,pay_10029506,unauthorized_transaction,2627.36,2026-03-15,False,False,True,,True,False,False,False,True,False,False,True
D005793,pay_22257172,item_not_as_described,940.53,2026-02-04,,False,False,True,True,False,,,True,True,,True
D000796,pay_38283938,item_not_as_described,2554.6,2026-01-14,False,True,False,,True,False,True,True,False,True,True,False
D000785,pay_78210326,item_not_received,2838.39,2026-10-11,True,,True,True,False,True,False,,,,True,True
D000376,pay_78076270,item_not_as_described,2609.7,2026-01-06,True,True,False,False,True,True,True,True,True,,False,True
D002386,pay_91945466,item_not_as_described,5451.32,2026-04-23,False,False,False,False,True,,False,,True,False,,False
D002960,pay_00302485,item_not_as_described,7922.02,2026-09-22,False,True,False,True,False,False,False,True,False,True,True,False
D004513,pay_75375243,unauthorized_transaction,5091.87,2026-09-22,True,True,,False,True,True,True,False,,True,True,True
D004052,pay_68462240,item_not_received,5126.87,2026-04-27,True,False,True,,True,True,False,False,True,,False,True
D000975,pay_00969411,duplicate_charge,5036.17,2026-05-29,False,False,False,False,True,True,,True,False,False,True,False
D002744,pay_16336588,item_not_received,5545.06,2026-04-24,False,True,,False,True,False,,True,False,True,True,True
D004387,pay_92973160,item_not_received,7115.26,2026-08-31,True,,True,True,True,True,,,False,False,,False
D003739,pay_20231139,unauthorized_transaction,6806.85,2026-10-14,False,False,True,True,True,False,True,False,False,False,False,False
D005142,pay_03651757,duplicate_charge,1649.0,2026-01-31,False,True,True,,False,True,True,True,False,,True,True
D005203,pay_51076081,item_not_as_described,5730.21,2026-01-29,False,False,False,True,True,False,True,True,False,True,False,False
D004814,pay_84796494,unauthorized_transaction,7481.81,2026-05-22,False,True,False,False,True,False,False,True,False,True,,False
D001209,pay_45096698,item_not_as_described,3941.49,2026-07-07,,False,False,,True,,,,True,True,False,True
D003349,pay_86070079,item_not_received,5882.53,2026-09-16,True,True,False,True,False,False,True,True,False,,True,True
D005069,pay_64377117,item_not_as_described,1552.08,2026-08-27,False,False,False,False,,True,False,,False,True,False,True
D001521,pay_23063373,unauthorized_transaction,6155.38,2026-02-22,True,True,False,True,False,False,False,True,False,True,,False
D000329,pay_74011044,unauthorized_transaction,4905.74,2026-02-12,True,,True,,False,False,False,True,False,,False,True
D004559,pay_20916807,item_not_received,1768.57,2026-02-21,True,,,False,False,True,True,False,False,True,True,True
D004060,pay_27775806,item_not_received,5267.25,2026-09-11,,False,True,True,False,,False,True,False,False,True,True
D003688,pay_73524104,unauthorized_transaction,3240.31,2026-04-17,,,False,False,True,True,False,False,False,True,True,True
D005305,pay_20963417,item_not_received,6141.0,2026-06-12,,False,True,,False,True,,False,True,,,True
D001837,pay_12795568,unauthorized_transaction,7540.99,2026-06-22,True,True,True,,True,True,True,,True,True,False,True
D003687,pay_63896688,item_not_as_described,363.74,2026-06-02,True,False,False,True,False,True,,False,True,,True,False
D001398,pay_75169096,item_not_received,4302.29,2026-05-26,True,,True,True,True,,True,True,False,True,False,True
D004286,pay_09870815,item_not_received,6514.97,2026-10-15,False,True,True,True,,True,False,True,True,True,True,True
D001850,pay_66601798,duplicate_charge,4908.94,2026-03-11,,False,True,True,True,True,False,False,False,True,,True
D003122,pay_87725613,unauthorized_transaction,5711.96,2026-01-24,False,False,False,True,,,True,False,False,False,True,False
D000461,pay_32215392,item_not_received,623.6,2026-03-14,,False,True,False,False,False,False,False,False,False,True,True
D003774,pay_90345193,duplicate_charge,5898.48,2026-01-05,True,False,,True,True,True,,True,,True,True,True
D003909,pay_52161097,unauthorized_transaction,2750.42,2026-03-27,True,True,False,,False,False,True,True,True,False,True,False
D000637,pay_02439233,item_not_as_described,315.23,2026-01-12,False,True,True,,False,,False,True,False,True,False,False
D003877,pay_05767919,item_not_as_described,844.05,2026-02-16,True,,True,False,True,False,True,False,,True,True,False
D001252,pay_19323861,item_not_received,5754.62,2026-04-08,False,True,,True,,False,False,False,True,True,True,True
D002528,pay_28711268,item_not_received,3213.56,2026-06-17,,False,True,,True,False,,False,False,True,,True
D003318,pay_11426805,item_not_received,4811.21,2026-07-28,True,,True,False,False,False,False,True,False,True,True,True
D003668,pay_73467695,duplicate_charge,5143.84,2026-05-25,False,False,False,False,False,True,False,True,True,,False,False
D005903,pay_77750877,unauthorized_transaction,6615.81,2026-01-22,True,True,False,True,True,,False,False,True,False,True,True
D001714,pay_65997038,item_not_received,6974.93,2026-01-13,False,True,False,True,False,True,True,False,False,False,True,False
D005747,pay_58371278,item_not_as_described,7507.43,2026-02-14,True,True,False,True,,True,True,True,False,True,True,True
D001659,pay_62316510,item_not_as_described,3963.74,2026-05-28,True,False,,True,True,True,False,False,,True,False,False
D002725,pay_48342184,duplicate_charge,2388.91,2026-03-19,False,False,False,False,True,False,False,True,False,,True,True
D000180,pay_64174787,duplicate_charge,5748.56,2026-09-10,True,,False,,,True,,,True,True,,False
D004724,pay_12148364,unauthorized_transaction,5815.35,2026-05-29,False,False,True,True,False,False,True,False,True,True,False,False
D000962,pay_07116333,unauthorized_transaction,5588.76,2026-01-25,True,False,True,True,False,True,,True,True,True,False,True
D004078,pay_77206241,unauthorized_transaction,2399.88,2026-02-01,True,True,False,False,,False,True,False,True,True,True,True
D002129,pay_41875269,item_not_as_described,3121.57,2026-08-16,,False,True,True,False,False,False,True,True,False,False,True
D000131,pay_00161088,item_not_as_described,1303.53,2026-10-05,False,True,True,True,False,False,False,,,False,True,False
D004344,pay_11556892,item_not_as_described,6060.21,2026-05-07,False,False,,False,False,True,,,False,,True,False
D003640,pay_24978662,item_not_received,780.81,2026-03-30,False,False,False,False,True,False,True,False,False,False,True,False
D004882,pay_78281041,unauthorized_transaction,6414.69,2026-10-12,True,True,True,True,True,True,False,True,,True,False,True
D002989,pay_84218275,unauthorized_transaction,4837.64,2026-05-18,False,False,False,False,True,False,,True,True,True,False,False
D004333,pay_56002829,unauthorized_transaction,2823.75,2026-03-25,False,True,True,False,True,True,True,True,,False,,True
D000396,pay_99302237,item_not_as_described,2869.98,2026-10-04,True,False,False,False,False,False,False,True,True,True,False,False
D002281,pay_70986725,duplicate_charge,2297.12,2026-08-03,True,True,False,False,True,False,False,True,,True,True,False
D004611,pay_01511376,duplicate_charge,914.69,2026-01-29,False,False,True,False,True,,True,True,False,False,True,True
D005078,pay_72516338,item_not_received,6729.67,2026-09-16,False,False,,False,True,True,True,True,True,False,,False
D005198,pay_39113119,unauthorized_transaction,2594.9,2026-06-17,,False,True,False,,False,,False,False,False,True,False
D002698,pay_84403134,item_not_received,777.18,2026-09-08,False,True,False,True,False,False,False,False,False,True,True,True
D003653,pay_59303572,unauthorized_transaction,5064.29,2026-10-12,True,True,False,,False,False,True,True,False,True,True,True
D004964,pay_59840364,item_not_as_described,4262.34,2026-02-19,True,True,True,True,True,False,False,False,False,False,True,True
D003475,pay_47297237,item_not_as_described,5172.61,2026-02-21,False,False,False,True,True,True,False,False,False,,,True
D005863,pay_30680471,item_not_as_described,3232.32,2026-09-18,True,True,,True,,False,True,False,True,True,False,True
D001618,pay_74941257,item_not_as_described,3058.7,2026-02-01,False,True,False,True,False,,True,False,,True,False,True
D002824,pay_29348388,item_not_as_described,4713.48,2026-01-20,False,True,False,False,True,False,False,True,,,,False
D001239,pay_12749316,item_not_received,1189.89,2026-03-17,False,False,True,False,False,False,True,True,,False,True,True
D001100,pay_67678822,unauthorized_transaction,5020.36,2026-06-20,,False,False,True,,,False,True,False,True,False,True
D000880,pay_43049249,item_not_received,6890.05,2026-03-10,True,,True,True,True,False,,True,False,,True,True
D000442,pay_41358100,duplicate_charge,4421.74,2026-06-18,,False,False,False,False,,,False,True,True,False,False
D004046,pay_18202343,item_not_received,2656.4,2026-07-24,False,,False,True,True,True,,True,False,False,True,True
D002497,pay_58607163,unauthorized_transaction,5621.84,2026-01-25,False,True,True,False,False,False,True,,True,False,True,True
D002397,pay_46535845,unauthorized_transaction,414.86,2026-03-02,True,False,False,False,True,False,,False,True,False,True,False
D005266,pay_88274361,item_not_as_described,6170.08,2026-04-19,,False,True,False,False,True,,True,True,True,False,True
D003819,pay_86570339,item_not_as_described,4426.37,2026-07-16,False,True,True,False,False,False,False,True,False,True,True,False
D004388,pay_31670634,item_not_as_described,6676.6,2026-06-24,True,False,False,False,True,False,True,True,True,,False,True
D002016,pay_54606840,duplicate_charge,6691.42,2026-10-10,,True,False,True,False,False,,False,True,True,True,False
D002586,pay_15530941,item_not_as_described,2467.68,2026-01-04,False,False,,False,True,True,False,True,True,,False,True
D000457,pay_53196481,item_not_received,2114.75,2026-09-10,False,False,True,True,True,True,True,True,False,False,,False
D002688,pay_58066995,duplicate_charge,3475.48,2026-05-29,True,False,True,True,False,True,False,True,True,True,True,True
D001760,pay_22443919,duplicate_charge,7291.97,2026-07-13,True,,False,True,False,False,True,True,False,True,False,True
D001660,pay_73219431,unauthorized_transaction,2927.84,2026-08-04,False,,True,True,False,False,False,,True,True,False,True
D004770,pay_23267106,item_not_received,7352.38,2026-10-11,False,False,,False,False,True,False,True,,,True,False
D005919,pay_08748516,item_not_received,6178.93,2026-03-14,,,False,False,False,False,True,True,,,,True
D003531,pay_53637431,duplicate_charge,1003.13,2026-04-20,True,True,True,,False,False,False,False,,False,,False
D003905,pay_32458989,unauthorized_transaction,4719.81,2026-10-18,,False,True,True,,False,False,False,False,,True,False
D000036,pay_30354559,duplicate_charge,6172.06,2026-10-22,,False,False,False,True,False,False,True,True,,False,False
D002967,pay_98109288,duplicate_charge,874.67,2026-01-05,False,False,False,False,False,True,True,True,False,False,False,False
D003548,pay_82129602,unauthorized_transaction,7227.04,2026-06-29,,True,False,True,False,True,True,False,,True,True,True
D005230,pay_44716564,item_not_received,4421.22,2026-09-08,True,,False,False,False,False,False,True,True,False,False,False
D005117,pay_59720611,item_not_received,4178.95,2026-05-28,True,True,True,False,False,False,True,False,False,False,True,False
D003214,pay_74557272,item_not_received,3460.49,2026-10-19,False,True,False,True,False,True,False,,,False,False,False
D002127,pay_80201542,unauthorized_transaction,3696.03,2026-01-14,True,False,,False,,True,False,False,False,True,True,False
D002073,pay_62192359,duplicate_charge,1196.95,2026-07-11,True,False,False,True,,True,False,True,False,,False,True
D001746,pay_37942053,duplicate_charge,6740.36,2026-05-30,False,True,,False,True,False,True,False,False,False,False,True
D001546,pay_58568611,item_not_as_described,6328.32,2026-08-27,True,True,,True,False,False,True,False,False,False,,True
D001189,pay_33052262,unauthorized_transaction,6768.55,2026-05-10,True,False,True,True,False,True,True,True,True,True,,True
D004297,pay_74225556,unauthorized_transaction,586.99,2026-09-21,True,False,True,False,False,False,True,,True,False,,False
D001268,pay_56433222,unauthorized_transaction,419.31,2026-07-02,,True,False,,False,False,True,True,False,True,True,True
D001416,pay_82249659,item_not_received,1192.62,2026-04-27,False,True,True,,,False,True,False,False,False,,True
D002430,pay_53225843,duplicate_charge,7049.3,2026-10-06,True,True,True,False,True,True,,,False,True,False,True
D001126,pay_42737757,duplicate_charge,1127.6,2026-03-27,False,False,False,True,True,False,False,False,,False,,True
D003760,pay_13680817,item_not_received,4437.54,2026-01-25,True,False,False,True,False,True,False,True,True,True,False,True
D002532,pay_01864976,duplicate_charge,2035.22,2026-09-27,False,True,False,True,True,False,False,True,False,,False,True
D002571,pay_83024945,item_not_as_described,4619.43,2026-08-30,True,False,True,True,True,False,True,False,True,,True,False
D001594,pay_44899994,item_not_received,6295.55,2026-04-25,True,True,True,True,,False,False,True,True,False,True,False
D000342,pay_47475650,unauthorized_transaction,5933.58,2026-03-02,,False,,True,False,False,False,True,False,True,False,True
D002277,pay_75050422,duplicate_charge,2012.14,2026-03-25,False,True,True,True,False,True,False,False,,,,True
D003994,pay_86265833,item_not_received,2425.25,2026-10-12,False,False,False,True,False,True,True,False,,True,True,False
D001507,pay_88828706,duplicate_charge,6418.79,2026-07-28,True,False,False,True,True,False,False,False,False,False,,True
D003062,pay_57437983,item_not_as_described,3991.09,2026-09-26,,True,True,False,True,False,False,True,False,True,,False
D003271,pay_79923819,item_not_as_described,5964.34,2026-08-20,False,True,False,,True,True,,False,True,True,,False
D003626,pay_28516525,unauthorized_transaction,1665.42,2026-10-20,False,True,False,False,,True,True,True,False,True,False,True
D002315,pay_35767359,item_not_as_described,7404.44,2026-08-14,True,,,,False,True,False,False,True,True,True,True
D000355,pay_03870432,item_not_received,1099.93,2026-07-10,True,True,,True,False,False,,,False,True,True,True
D002234,pay_80818083,unauthorized_transaction,7707.91,2026-09-20,False,True,,False,False,True,,True,,True,True,True
D005530,pay_94718238,item_not_received,4127.71,2026-09-01,False,,False,True,,False,True,False,,False,False,False
D000219,pay_56711868,item_not_received,4922.62,2026-02-17,True,True,False,True,False,True,False,False,False,True,True,True
D000771,pay_12242063,unauthorized_transaction,4526.64,2026-01-20,True,,True,False,False,True,,,True,True,True,True
D002819,pay_80853924,unauthorized_transaction,2713.79,2026-07-21,True,True,False,True,False,True,True,False,True,,False,True
D001581,pay_28771408,duplicate_charge,3276.22,2026-06-17,False,False,False,True,True,False,True,True,False,False,True,True
D003810,pay_18035265,duplicate_charge,5649.93,2026-10-16,False,True,False,True,False,True,True,,True,False,False,True
D002550,pay_01853061,item_not_received,2400.1,2026-01-28,True,False,False,False,True,True,False,False,,False,False,False
D003051,pay_73902100,item_not_received,2612.43,2026-03-26,True,True,True,,True,,,True,True,True,,True
D005876,pay_72445558,duplicate_charge,5996.87,2026-10-06,False,False,False,False,False,True,False,False,False,False,False,True
D000042,pay_41551377,item_not_as_described,5758.02,2026-02-14,False,True,True,,False,False,True,False,True,True,,False
D002062,pay_25063189,duplicate_charge,957.74,2026-01-24,True,,False,True,True,,True,True,False,True,True,True
D004779,pay_57226047,item_not_received,2599.9,2026-08-04,True,,False,False,False,True,True,False,True,True,True,False
D000097,pay_04346338,unauthorized_transaction,7955.98,2026-10-19,,False,False,False,False,False,True,True,,False,False,False
D004362,pay_48423239,item_not_as_described,4051.48,2026-03-11,True,False,True,False,True,False,False,True,True,False,False,True
D004743,pay_53520752,unauthorized_transaction,1888.04,2026-08-29,False,False,False,True,,False,True,True,True,False,True,True
D001356,pay_85315318,item_not_received,5297.11,2026-03-25,False,True,True,True,False,,True,True,False,True,True,False
D003198,pay_96567760,unauthorized_transaction,6588.11,2026-07-13,True,True,True,True,False,True,,False,False,True,True,True
D002354,pay_43564580,item_not_received,6903.04,2026-09-02,True,False,False,,True,True,,False,True,True,False,False
D003715,pay_21468250,unauthorized_transaction,4616.26,2026-03-01,False,True,True,False,False,False,True,True,,False,,False
D005272,pay_53888493,item_not_as_described,2609.26,2026-07-11,True,False,,,True,False,False,True,False,False,False,False
D004220,pay_36188109,duplicate_charge,7858.2,2026-10-09,False,False,True,True,True,False,,,False,False,False,False
D000299,pay_86232807,duplicate_charge,2986.82,2026-08-29,False,False,,True,,,False,,True,False,False,True
D000550,pay_93041535,duplicate_charge,7205.3,2026-01-13,True,False,True,False,True,,False,,True,True,False,True
D000434,pay_65656627,unauthorized_transaction,5995.78,2026-06-22,False,False,True,False,False,False,True,False,False,False,False,False
D001568,pay_03153095,duplicate_charge,1235.43,2026-06-21,True,False,,,False,True,False,False,False,False,False,False
D001517,pay_35628694,item_not_received,5474.27,2026-05-26,True,False,True,True,,True,True,,False,True,False,False
D005552,pay_57925861,duplicate_charge,7126.81,2026-05-26,False,False,False,False,False,,True,False,,False,True,False
D001220,pay_73485470,item_not_received,1122.03,2026-07-19,True,False,False,False,,False,,True,,False,,False
D003775,pay_53581828,item_not_received,4533.05,2026-04-08,False,True,True,False,True,False,True,False,True,True,True,False
D000456,pay_34580161,item_not_received,3416.26,2026-06-04,True,True,False,False,False,True,False,True,False,True,False,False
D001972,pay_41539861,duplicate_charge,1856.49,2026-03-27,,False,True,False,True,False,True,False,,True,True,False
D001010,pay_57326566,item_not_as_described,2117.65,2026-01-13,,False,False,True,,,False,True,False,True,True,False
D003239,pay_58137927,unauthorized_transaction,4459.89,2026-05-03,,True,False,True,True,True,True,False,True,True,,False
D001944,pay_77218436,duplicate_charge,4576.93,2026-05-20,False,True,False,,False,False,True,False,,False,True,False
D003805,pay_14310409,unauthorized_transaction,2807.25,2026-07-17,True,False,True,False,True,False,False,True,False,False,True,False
D000825,pay_09413975,unauthorized_transaction,7996.46,2026-02-11,False,True,True,False,True,False,True,False,False,True,,False
D001347,pay_58259483,item_not_as_described,3559.29,2026-07-02,True,True,True,False,True,,True,False,True,False,False,False
D005038,pay_68220107,duplicate_charge,4581.1,2026-09-19,True,True,,,,False,False,True,True,False,False,False
D003514,pay_51859291,duplicate_charge,4795.04,2026-04-25,False,False,,True,True,False,True,False,,True,True,True
D002014,pay_07811111,item_not_received,5357.32,2026-01-22,False,True,True,False,True,False,True,False,True,True,,True
D004381,pay_04048005,item_not_received,7504.24,2026-01-14,True,True,True,True,True,False,True,False,True,True,True,True
D000406,pay_00636028,item_not_as_described,5608.3,2026-05-30,,True,,False,False,True,False,False,True,,False,False
D004548,pay_76655986,item_not_as_described,3140.41,2026-02-12,True,True,True,False,True,,,False,,False,False,False
D001258,pay_08167678,item_not_received,3464.43,2026-09-11,False,False,False,True,False,False,False,True,,False,,False
D000110,pay_79147232,item_not_as_described,1926.16,2026-01-13,False,False,True,,True,True,,False,True,,True,True
D000697,pay_65415306,duplicate_charge,7230.02,2026-08-11,False,False,True,True,True,True,False,False,False,True,True,False
D002650,pay_83134286,duplicate_charge,6955.1,2026-04-24,True,True,False,,True,,False,False,True,True,True,False
D005346,pay_40519268,unauthorized_transaction,4868.04,2026-10-15,,True,False,True,True,True,False,True,True,,False,True
D005476,pay_76375015,duplicate_charge,1350.42,2026-09-09,False,False,True,False,False,False,False,,False,False,False,False
D002371,pay_37722977,item_not_as_described,3323.28,2026-09-28,True,False,,True,False,True,True,False,True,True,,True
D004017,pay_17853616,item_not_received,6849.83,2026-09-18,False,,False,True,True,False,False,False,True,,True,True
D003336,pay_04171071,item_not_as_described,3531.2,2026-04-01,,True,True,,True,True,True,False,True,False,False,True
D002010,pay_47229183,item_not_as_described,2589.31,2026-06-16,False,,True,,False,True,True,True,False,True,False,True
D004111,pay_07654115,unauthorized_transaction,1069.09,2026-03-18,,False,False,,False,True,False,False,True,True,True,False
D002677,pay_07032105,duplicate_charge,2805.82,2026-08-28,False,False,,False,True,True,,True,False,,False,True
D001969,pay_45561730,item_not_received,4917.8,2026-10-26,True,True,False,False,False,False,True,,True,,True,True
D004449,pay_38780694,item_not_as_described,2472.56,2026-08-28,False,True,,False,True,False,False,,False,True,,False
D005640,pay_11798864,unauthorized_transaction,1381.27,2026-04-30,,,False,True,False,True,True,True,True,,True,True
D005286,pay_92005243,unauthorized_transaction,5105.86,2026-08-18,,,True,True,True,False,False,False,True,False,True,False
D000327,pay_66595544,item_not_received,7314.61,2026-09-29,False,False,True,True,True,False,False,False,False,False,True,False
D005237,pay_99757557,item_not_received,5531.5,2026-01-10,False,,False,,True,False,True,,False,False,False,False
D005456,pay_26105374,unauthorized_transaction,2939.8,2026-03-25,False,False,True,True,False,True,True,True,False,True,True,False
D003289,pay_75506329,item_not_received,5388.99,2026-06-25,False,,False,True,False,True,False,False,True,True,False,True
D005543,pay_86163687,item_not_as_described,2194.63,2026-03-17,False,True,True,False,True,False,False,True,False,True,False,True
D002737,pay_06893636,item_not_as_described,5137.72,2026-08-09,,False,False,False,,False,True,True,True,False,True,True
D002362,pay_21948783,item_not_as_described,1842.44,2026-01-21,True,False,False,True,False,False,True,True,,True,True,False
D005623,pay_39298555,unauthorized_transaction,3662.86,2026-03-24,True,False,False,,True,True,True,False,True,True,False,True
D000283,pay_48799048,duplicate_charge,2242.43,2026-09-10,False,False,False,,,True,False,,False,True,False,True
D002444,pay_85213842,unauthorized_transaction,1359.71,2026-02-12,False,False,False,True,False,False,True,False,False,False,True,False
D002048,pay_80601298,item_not_received,1852.02,2026-05-03,False,False,False,True,True,True,False,False,True,False,False,True
D003436,pay_30932402,item_not_as_described,3629.3,2026-03-27,False,True,False,False,True,True,False,,True,False,True,True
D004953,pay_36331067,item_not_received,4156.8,2026-08-03,True,True,True,True,True,True,False,True,True,False,False,False
D003887,pay_55304361,item_not_as_described,4807.7,2026-03-19,True,False,True,True,True,False,False,True,False,,False,False
D004573,pay_59827888,unauthorized_transaction,6073.66,2026-02-22,True,True,False,True,True,,True,True,,False,,True
D004819,pay_69044969,item_not_received,5823.54,2026-05-03,True,True,,True,,False,,,False,True,False,False
D004879,pay_22363480,item_not_received,6038.63,2026-08-18,False,False,True,False,True,True,True,False,False,True,True,True
D000271,pay_92851132,item_not_as_described,1628.15,2026-07-13,False,,False,True,False,True,False,True,True,True,True,False
D005342,pay_87637792,unauthorized_transaction,4564.12,2026-07-29,False,True,True,False,False,False,,True,True,True,False,False
D003443,pay_69115809,unauthorized_transaction,2020.75,2026-03-11,,True,False,True,False,False,True,False,False,False,True,True
D004478,pay_99921749,duplicate_charge,2598.82,2026-02-20,,False,,True,True,True,False,True,True,False,False,True
D003156,pay_49445791,item_not_as_described,7095.18,2026-07-08,False,True,False,,True,False,False,False,False,True,False,True
D003942,pay_80428086,item_not_received,1987.1,2026-08-22,True,True,False,True,False,False,False,True,True,False,False,False
D003717,pay_50155577,duplicate_charge,6882.98,2026-07-28,False,False,False,False,,False,False,True,True,False,False,True
D000635,pay_55515657,unauthorized_transaction,5714.01,2026-10-03,True,True,False,True,False,,True,True,False,True,False,True
D000444,pay_61616570,duplicate_charge,5821.22,2026-10-19,False,False,False,True,True,True,True,True,False,False,True,True
D005484,pay_17594746,unauthorized_transaction,6119.46,2026-03-02,True,False,True,,True,True,,False,False,False,,False
D001369,pay_73269627,duplicate_charge,3278.99,2026-05-20,False,True,False,True,True,False,False,True,True,True,True,True
D000128,pay_05355917,unauthorized_transaction,7367.84,2026-01-25,,True,False,True,False,True,,False,True,False,False,True
D005166,pay_31078175,item_not_as_described,1719.77,2026-01-22,True,True,True,False,False,False,True,,False,,False,False
D002015,pay_31527688,item_not_received,1304.12,2026-10-02,False,,False,True,False,False,True,False,False,True,True,True
D000803,pay_39878686,duplicate_charge,7702.89,2026-06-05,True,True,False,False,False,True,False,,False,False,False,False
D005367,pay_21874431,unauthorized_transaction,5889.14,2026-01-05,True,True,False,False,False,False,False,True,True,False,True,True
D002957,pay_18634254,unauthorized_transaction,7876.58,2026-03-03,True,False,True,True,False,,True,,,True,False,False
D004925,pay_75566687,item_not_as_described,3194.86,2026-07-02,False,False,True,True,False,True,False,,True,False,,True
D005959,pay_53484275,item_not_received,4633.39,2026-05-23,True,True,False,False,False,True,False,False,True,True,True,False
D003013,pay_51616635,duplicate_charge,6502.3,2026-03-08,False,True,True,,True,,False,True,True,,True,True
D001219,pay_61787553,item_not_received,4845.39,2026-10-12,True,False,True,,False,False,True,True,False,False,True,True
D001703,pay_16195804,duplicate_charge,5131.67,2026-09-27,True,True,,True,,True,False,True,,,,True
D003569,pay_03485471,item_not_as_described,861.8,2026-08-24,,False,False,False,False,True,False,False,,,,False
D000054,pay_28876195,unauthorized_transaction,4191.92,2026-05-05,False,False,True,True,False,False,True,True,True,True,True,False
D003847,pay_57316326,duplicate_charge,769.82,2026-04-01,True,False,True,True,True,False,False,,False,True,False,True
D001167,pay_24515688,duplicate_charge,636.95,2026-02-01,True,True,False,,True,False,True,True,False,True,False,True
D002094,pay_78197427,duplicate_charge,1197.0,2026-02-10,True,True,False,True,True,False,False,True,,True,False,True
D002018,pay_18574498,item_not_received,1995.44,2026-06-18,False,True,True,False,False,,False,False,True,True,True,True
D004584,pay_63944948,unauthorized_transaction,5246.46,2026-06-25,True,True,False,True,,,True,,False,False,,True
D000891,pay_13681577,duplicate_charge,4160.48,2026-03-06,False,True,,,True,True,True,True,True,True,,True
D001074,pay_03269183,unauthorized_transaction,1233.88,2026-05-12,,False,,True,False,True,True,False,True,True,,False
D005254,pay_95333812,item_not_received,7585.44,2026-10-13,False,True,False,False,False,True,True,False,False,True,True,False
D003261,pay_86090286,item_not_as_described,4165.49,2026-01-19,False,True,True,False,,False,True,True,True,True,True,True
D001395,pay_52794422,item_not_as_described,4615.08,2026-08-28,True,True,False,True,True,False,False,True,True,,False,False
D004454,pay_51684656,item_not_as_described,2426.98,2026-03-22,,True,True,True,False,False,True,,False,False,False,False
D004574,pay_13433742,duplicate_charge,3542.24,2026-06-16,False,False,False,True,True,True,True,True,True,True,False,True
D001061,pay_37788847,unauthorized_transaction,1714.62,2026-02-03,,False,False,,True,True,False,True,True,False,False,True
D005160,pay_50791609,unauthorized_transaction,1766.68,2026-03-24,False,True,False,True,True,,True,True,True,,True,False
D002877,pay_99486550,item_not_as_described,5146.58,2026-01-21,True,False,True,,,True,True,False,True,False,True,True
D000554,pay_42276352,item_not_received,7854.12,2026-02-15,False,True,True,True,False,,True,False,,,True,True
D001866,pay_98936288,item_not_as_described,3846.4,2026-08-23,True,True,False,False,True,,True,False,True,False,True,True
D003497,pay_72455674,item_not_as_described,7739.28,2026-02-01,False,,True,False,True,False,,True,False,,False,False
D000668,pay_14691650,unauthorized_transaction,2774.29,2026-10-05,False,False,True,False,False,True,False,False,,False,True,False
D002435,pay_14112904,unauthorized_transaction,5422.97,2026-09-20,False,True,False,True,False,False,False,True,,True,True,True
D004780,pay_19811668,item_not_as_described,862.96,2026-08-29,,,,False,True,False,True,True,False,,True,False
D005727,pay_67111079,unauthorized_transaction,6551.37,2026-07-05,False,False,False,False,False,True,False,True,False,True,,False
D004093,pay_38267004,item_not_received,2583.76,2026-01-04,True,True,True,True,False,True,False,True,False,True,True,True
D005794,pay_30424833,duplicate_charge,2000.15,2026-02-06,False,False,,True,True,False,False,False,False,True,False,True
D005639,pay_70488420,item_not_received,2853.28,2026-05-17,,False,,False,False,,True,True,,True,True,False
D005816,pay_72588858,unauthorized_transaction,3266.74,2026-01-21,True,True,True,False,False,False,True,False,True,False,False,True
D002796,pay_10019480,item_not_received,1368.32,2026-04-18,True,True,True,False,True,False,,False,False,True,False,True
D002809,pay_98017107,item_not_received,6165.77,2026-09-21,True,False,True,False,,False,True,True,True,,True,True
D005066,pay_86642182,duplicate_charge,3536.8,2026-02-12,True,False,True,True,False,True,True,,True,True,,False
D001757,pay_03558457,item_not_as_described,3769.57,2026-03-19,False,False,True,,False,True,True,False,True,,True,True
D004632,pay_80897316,unauthorized_transaction,5512.67,2026-02-06,True,True,True,False,False,False,False,False,True,True,False,True
D000215,pay_45523530,item_not_as_described,1607.97,2026-09-11,True,True,,,False,False,False,True,False,True,True,False
D003750,pay_66730344,item_not_received,1455.49,2026-09-30,True,False,True,False,True,False,True,True,True,True,True,True
D004352,pay_67460409,unauthorized_transaction,4334.59,2026-04-07,True,False,True,,True,True,False,False,True,False,True,True
D002263,pay_08898648,duplicate_charge,6988.97,2026-05-13,,False,,False,True,True,,True,False,True,False,True
D001859,pay_90691570,item_not_received,3175.97,2026-03-01,False,False,True,False,False,,False,True,True,False,False,False
D005340,pay_15249108,item_not_as_described,7427.96,2026-05-09,True,True,False,False,True,False,True,True,True,False,False,False
D000890,pay_33696985,item_not_received,5644.41,2026-03-19,True,False,True,True,,False,True,True,False,False,True,True
D003273,pay_38044035,item_not_as_described,4113.36,2026-01-03,False,True,,,False,True,False,,False,True,False,False
D005430,pay_00249574,duplicate_charge,4416.57,2026-04-10,True,False,True,,True,False,True,False,True,,False,False
D000552,pay_42810146,unauthorized_transaction,3170.93,2026-01-25,True,,False,True,False,,True,False,False,,False,True
D000517,pay_05427468,item_not_as_described,4419.42,2026-02-02,False,True,False,True,,True,True,False,True,False,True,True
D001322,pay_61105212,duplicate_charge,2270.93,2026-04-22,True,False,True,,True,,False,True,False,True,False,True
D005769,pay_14328002,item_not_as_described,4365.2,2026-09-08,,False,True,False,False,True,True,True,False,False,False,False
D003018,pay_51908050,item_not_as_described,6309.6,2026-05-06,False,False,True,False,True,False,False,True,False,False,True,False
D004136,pay_28145029,item_not_received,1910.84,2026-10-06,True,True,True,True,True,False,False,True,,True,False,False
D002342,pay_48812823,unauthorized_transaction,4094.98,2026-03-31,,False,True,False,True,True,False,False,True,,True,False
D005071,pay_88031168,item_not_as_described,2571.88,2026-06-30,True,False,False,True,True,False,,False,False,False,True,False
D000820,pay_50518488,unauthorized_transaction,3594.31,2026-03-31,False,True,False,,False,True,True,,True,False,False,False
D000383,pay_95952852,duplicate_charge,6625.74,2026-07-02,False,True,True,True,False,True,False,True,False,False,False,False
D002680,pay_94037929,unauthorized_transaction,7481.02,2026-10-22,False,False,True,False,True,True,False,True,False,False,,False
D001997,pay_90017562,item_not_as_described,3784.81,2026-06-10,,True,True,,False,False,False,True,False,,True,False
D001700,pay_86095674,item_not_received,4596.99,2026-01-22,True,False,False,False,False,True,False,False,False,False,False,False
D005390,pay_77860295,item_not_received,3847.15,2026-04-13,,True,,True,False,False,True,False,False,True,True,False
D002269,pay_82481380,unauthorized_transaction,7788.82,2026-08-30,False,True,True,False,,False,False,False,False,True,True,True
D003838,pay_86239109,duplicate_charge,369.48,2026-06-13,True,True,False,,False,False,True,False,True,False,True,False
D004731,pay_02155143,item_not_received,2736.36,2026-09-24,False,False,,True,True,,False,True,,False,True,True
D000291,pay_19416986,duplicate_charge,7688.81,2026-05-24,False,False,False,True,True,,True,True,True,False,True,True
D004416,pay_75708708,item_not_received,3502.89,2026-10-15,True,,True,True,False,False,True,False,,True,True,True
D005483,pay_73337550,duplicate_charge,887.95,2026-02-05,False,True,True,,True,False,False,True,True,,True,True
D003596,pay_09112852,item_not_as_described,6725.77,2026-05-18,True,True,True,False,True,False,True,False,True,True,,True
D000067,pay_25504548,unauthorized_transaction,7299.26,2026-04-20,True,False,True,True,False,True,,True,False,True,False,True
D001838,pay_32054290,unauthorized_transaction,4920.69,2026-05-10,True,False,False,,True,True,False,False,False,True,,False
D001964,pay_19400828,item_not_as_described,5872.03,2026-04-03,False,False,False,,False,False,True,False,True,True,False,False
D003192,pay_11719410,unauthorized_transaction,6060.44,2026-07-05,False,True,True,True,,False,True,False,True,False,,False
D004649,pay_72691349,unauthorized_transaction,6273.46,2026-03-30,True,True,False,False,True,,True,True,False,False,True,True
D001661,pay_40282708,item_not_as_described,6592.16,2026-04-07,False,,False,False,True,False,True,,True,False,False,True
D001518,pay_81752736,duplicate_charge,5387.83,2026-10-21,True,True,True,False,False,True,False,False,False,False,True,False
D005973,pay_16172851,item_not_received,6658.04,2026-02-11,,True,True,True,True,False,False,False,False,False,True,False
D002652,pay_57426412,duplicate_charge,887.31,2026-04-22,True,False,True,True,False,False,False,True,True,False,True,True
D000190,pay_63104323,unauthorized_transaction,4355.46,2026-03-05,False,,False,,True,False,True,True,True,,True,True
D003970,pay_63422454,item_not_received,843.91,2026-08-03,,False,False,True,,True,,True,False,False,False,False
D004505,pay_86202914,duplicate_charge,7605.2,2026-01-10,True,,False,False,True,True,True,False,False,,True,True
D002447,pay_11533099,item_not_received,4066.35,2026-06-06,,,True,,True,,False,False,False,,True,True
D003088,pay_57028974,duplicate_charge,3076.25,2026-04-09,True,True,False,False,True,True,,True,False,True,True,True
D001024,pay_33348522,item_not_as_described,3786.6,2026-07-27,False,False,True,True,,True,True,False,True,False,False,True
D000345,pay_53509858,item_not_received,6529.54,2026-08-07,False,True,False,False,,False,False,,True,False,False,False
D005586,pay_10448686,item_not_received,3630.82,2026-03-22,False,True,,False,False,True,True,True,False,True,True,True
D000295,pay_14289429,item_not_as_described,2472.99,2026-10-06,False,,True,True,False,False,True,True,,True,,True
D003265,pay_21908480,item_not_received,1595.55,2026-01-14,True,True,True,True,True,True,False,True,,True,,True
D001936,pay_53956982,item_not_received,5584.26,2026-03-10,,True,True,False,True,False,True,True,,False,True,False
D001675,pay_96829630,item_not_received,2138.75,2026-03-29,,False,False,True,True,True,True,True,True,,,True
D000654,pay_18363097,unauthorized_transaction,2771.33,2026-02-27,False,False,False,,,False,True,True,False,,True,False
D000349,pay_00747830,item_not_received,5605.28,2026-07-29,True,True,,,False,False,True,False,False,True,,True
D001951,pay_27730808,item_not_received,1942.09,2026-04-24,,True,False,True,False,False,False,True,True,True,True,True
D000075,pay_92990777,unauthorized_transaction,1914.29,2026-05-31,True,True,True,True,False,True,False,False,False,,False,False
D002559,pay_78246718,unauthorized_transaction,6239.34,2026-03-28,False,,False,True,False,,True,True,True,True,True,True
D005901,pay_20662256,item_not_as_described,6414.95,2026-02-12,True,False,True,True,False,False,,False,False,False,False,False
D001805,pay_29736273,duplicate_charge,1034.05,2026-07-05,True,False,False,True,False,,False,,False,True,False,True
D001418,pay_86641001,item_not_received,5180.52,2026-01-21,True,True,True,False,True,False,True,,True,True,False,True
D002242,pay_80523437,duplicate_charge,5060.86,2026-09-16,True,True,True,False,True,False,False,True,True,False,True,True
D005627,pay_23096384,duplicate_charge,5866.44,2026-06-18,True,,False,,True,,False,True,False,,True,False
D004880,pay_47095609,duplicate_charge,5808.38,2026-06-14,True,True,False,True,True,True,True,False,True,False,True,True
D001381,pay_32514110,unauthorized_transaction,6991.8,2026-09-19,False,False,False,,,False,False,False,False,True,True,False
D000941,pay_67889872,item_not_as_described,2172.65,2026-01-05,False,False,True,False,True,False,False,True,False,True,,False
D003054,pay_02683693,item_not_received,4981.75,2026-01-24,True,,False,False,True,False,False,,,False,False,False
D002987,pay_86672755,item_not_as_described,4518.09,2026-09-07,False,False,False,True,True,True,True,False,True,False,False,True
D002327,pay_77056042,duplicate_charge,5222.83,2026-04-19,,True,True,True,,True,False,,True,,True,False
D003244,pay_66293578,duplicate_charge,6540.8,2026-04-01,True,,True,False,False,False,False,True,False,False,True,False
D000828,pay_96906143,item_not_as_described,7027.96,2026-03-28,,,False,True,True,,False,True,False,False,True,False
D002669,pay_05076420,duplicate_charge,4031.38,2026-07-31,False,,False,False,False,,False,,,False,True,True
D002066,pay_67364046,item_not_received,3549.26,2026-03-12,False,,False,False,True,True,False,True,True,False,False,False
D002097,pay_68571178,item_not_as_described,5929.61,2026-09-18,,,,True,False,True,True,,True,True,False,True
D002600,pay_33759008,unauthorized_transaction,4001.38,2026-08-14,True,False,True,True,True,False,True,True,,False,True,False
D005260,pay_27997953,unauthorized_transaction,3465.39,2026-05-11,True,True,False,True,True,False,True,False,True,True,False,False
D000051,pay_42550733,unauthorized_transaction,4726.73,2026-03-07,False,True,True,True,True,True,True,True,True,False,True,False
D002174,pay_90659034,item_not_received,6520.76,2026-05-08,True,False,True,False,False,False,,,,True,True,False
D002022,pay_70793373,item_not_received,6795.36,2026-07-09,False,False,False,True,True,False,,False,False,False,False,False
D000649,pay_48943645,item_not_received,6625.36,2026-06-19,,True,True,False,,False,False,False,False,,True,False
D002505,pay_27542784,item_not_as_described,7119.32,2026-09-10,False,False,False,False,False,True,False,False,False,False,True,False
D000213,pay_15750520,duplicate_charge,1609.95,2026-10-19,True,True,True,True,,True,False,True,,False,True,True
D004618,pay_95834965,item_not_received,300.9,2026-10-28,False,True,True,True,True,,True,False,False,True,False,True
D005754,pay_87379770,item_not_received,5895.19,2026-07-05,True,True,False,False,True,False,False,True,False,,True,True
D000300,pay_91760827,duplicate_charge,1928.5,2026-01-13,True,True,,True,,True,,True,,False,False,True
D002649,pay_19241926,unauthorized_transaction,5989.09,2026-05-02,False,False,False,,False,False,False,,False,False,,False
D000632,pay_29016246,duplicate_charge,394.9,2026-08-26,True,True,,True,True,True,True,True,,,False,True
D000747,pay_38832971,duplicate_charge,4578.47,2026-02-16,True,False,,True,False,True,,True,False,True,True,True
D000372,pay_32624124,item_not_received,5355.33,2026-03-15,False,False,False,,False,,True,False,,False,False,False
D000964,pay_09795789,item_not_as_described,6386.05,2026-05-24,False,False,False,,True,True,True,False,False,False,True,True
D000195,pay_54956876,item_not_as_described,3193.45,2026-01-05,,True,True,True,False,False,False,False,True,False,False,False
D002333,pay_49762571,item_not_received,1584.56,2026-02-13,True,True,False,True,True,False,False,False,False,False,,False
D000066,pay_30245233,unauthorized_transaction,4442.05,2026-05-05,True,False,False,True,False,True,,True,True,False,True,False
D002587,pay_78746654,item_not_received,501.94,2026-03-09,False,True,True,False,True,,True,False,True,True,True,True
D000253,pay_62031070,item_not_as_described,1896.77,2026-01-24,True,False,True,True,True,,True,True,True,False,True,True
D003526,pay_56303042,item_not_received,5129.67,2026-10-10,False,False,True,True,,True,False,True,False,True,,True
D005074,pay_96325811,duplicate_charge,2831.79,2026-06-25,False,False,,True,True,True,False,True,True,False,False,True
D002230,pay_31328044,duplicate_charge,5652.75,2026-07-31,False,True,True,False,False,False,False,True,True,False,,True
D003623,pay_76717080,unauthorized_transaction,7956.15,2026-07-13,True,True,True,True,False,False,True,True,False,True,False,False
D005144,pay_54251200,item_not_as_described,3400.1,2026-02-10,True,True,False,True,True,True,True,False,,True,False,False
D004709,pay_45799394,item_not_received,2658.45,2026-02-18,False,False,True,,True,False,True,False,False,,False,True
D005141,pay_12708621,item_not_received,3976.76,2026-04-21,,False,True,False,True,True,True,,True,,False,False
D005817,pay_12993364,item_not_as_described,2462.61,2026-05-28,,,,False,False,False,False,True,False,,True,False
D001721,pay_77891503,item_not_as_described,2823.62,2026-06-01,False,False,True,True,True,False,True,True,,True,False,False
D002629,pay_09048287,unauthorized_transaction,3021.25,2026-03-28,,True,True,,,True,False,False,False,False,True,False
D004694,pay_51365792,unauthorized_transaction,5329.34,2026-03-25,False,True,,True,True,False,False,False,False,False,,True
D000198,pay_02332623,unauthorized_transaction,888.28,2026-03-10,False,True,True,False,,True,True,False,False,False,True,False
D001657,pay_07335930,duplicate_charge,3898.76,2026-04-13,,False,True,,True,False,True,False,,True,False,False
D003958,pay_08025320,item_not_as_described,7168.94,2026-06-06,True,True,True,False,False,False,True,True,False,False,False,False
D004014,pay_55979931,item_not_received,4879.16,2026-08-26,True,True,True,True,False,True,True,False,False,True,True,True
D005397,pay_56976487,item_not_as_described,5468.36,2026-02-28,False,True,True,False,True,False,False,False,False,False,True,False
D005369,pay_85741519,duplicate_charge,1159.75,2026-03-19,False,,True,True,False,False,True,False,True,True,False,False
D001712,pay_09222194,duplicate_charge,7367.38,2026-02-04,False,False,True,True,True,True,True,True,False,False,True,True
D001185,pay_92825797,item_not_as_described,2438.41,2026-03-01,,False,True,,True,,True,False,True,,True,True
D002732,pay_00962327,item_not_as_described,3024.12,2026-04-20,False,False,False,False,,True,True,True,,False,False,True
D003541,pay_92377978,item_not_as_described,5876.49,2026-01-26,False,True,True,True,False,True,,True,False,True,,False
D003296,pay_53955010,unauthorized_transaction,5283.61,2026-03-02,,False,False,True,False,True,False,True,False,False,False,False
D000812,pay_08231695,duplicate_charge,5048.82,2026-04-29,True,False,,True,False,,True,False,True,False,,False
D003861,pay_47739596,item_not_received,2650.53,2026-05-14,True,False,True,True,False,False,,True,False,,True,True
D003893,pay_80164334,duplicate_charge,5180.09,2026-06-10,,True,True,True,False,True,,False,False,False,False,True
D005763,pay_63607681,duplicate_charge,2475.31,2026-01-30,True,True,,,False,False,False,,True,False,True,False
D002411,pay_79983476,item_not_received,4772.48,2026-07-21,True,False,,False,True,True,False,True,True,True,True,False
D003963,pay_41018392,item_not_received,6937.87,2026-04-07,True,,True,False,True,True,True,False,False,False,False,False
D002494,pay_20202467,duplicate_charge,1769.42,2026-01-10,False,True,True,False,False,False,True,True,True,False,False,True
D004059,pay_20219532,unauthorized_transaction,7665.51,2026-01-06,False,True,True,True,True,False,,True,False,False,False,False
D002401,pay_25033425,item_not_received,7028.51,2026-02-14,False,False,,,False,False,False,True,False,,False,False
D003365,pay_62192455,item_not_received,7431.69,2026-06-02,False,False,False,True,False,False,True,True,False,False,False,False
D002438,pay_59868407,duplicate_charge,6369.49,2026-10-20,True,True,True,False,True,True,True,False,True,False,True,True
D000393,pay_39071710,item_not_as_described,6964.4,2026-09-08,True,False,False,False,True,True,False,False,True,False,True,True
D003116,pay_03925355,item_not_as_described,4128.17,2026-01-26,,True,False,,,True,True,True,True,False,True,True
D000804,pay_64832029,duplicate_charge,3283.74,2026-09-20,True,True,True,,,True,True,False,True,False,True,True
D000738,pay_57632927,item_not_received,4794.1,2026-08-10,True,True,True,False,True,True,True,False,True,False,False,True
D003800,pay_78517620,item_not_as_described,6588.69,2026-03-02,,True,False,True,True,True,True,False,False,,True,True
D001820,pay_37003985,duplicate_charge,369.68,2026-10-15,False,True,,True,False,False,False,False,True,True,,False
D004354,pay_32515625,item_not_received,2212.61,2026-03-27,True,,True,True,False,False,True,False,True,,True,True
D003656,pay_48246684,unauthorized_transaction,1602.65,2026-09-17,True,,True,True,,True,,True,False,True,True,False
D002543,pay_80514052,item_not_as_described,7298.11,2026-08-24,True,False,True,False,True,False,True,False,True,True,False,True
D002420,pay_11108557,item_not_received,5923.0,2026-08-18,True,True,,False,,False,False,True,,False,True,True
D005977,pay_12537880,duplicate_charge,2501.53,2026-03-05,True,,True,True,True,True,False,True,True,True,True,False
D001713,pay_04814040,unauthorized_transaction,6198.05,2026-07-21,,False,,False,True,,False,False,,True,True,False
D000852,pay_61240454,item_not_as_described,5440.22,2026-01-28,False,True,False,True,True,False,False,True,False,False,False,False
D000902,pay_51594165,item_not_as_described,2513.19,2026-09-05,True,,False,True,False,False,,True,,,False,False
D001425,pay_80933880,duplicate_charge,839.3,2026-08-13,True,False,False,False,True,,False,False,False,True,False,False
D002028,pay_48071936,duplicate_charge,6883.92,2026-07-14,False,True,,False,False,True,True,True,True,False,True,True
D001926,pay_18260674,item_not_as_described,2720.46,2026-05-27,True,False,True,False,False,False,False,True,False,False,False,False
D000639,pay_42726974,duplicate_charge,1040.13,2026-02-14,True,False,False,False,False,,False,False,,True,,False
D002554,pay_64518193,item_not_received,3563.38,2026-08-10,False,True,True,False,True,False,False,False,False,,False,False
D003725,pay_49568949,unauthorized_transaction,5213.81,2026-02-27,False,True,True,True,False,,True,,True,True,False,True
D000673,pay_96021535,duplicate_charge,1356.57,2026-04-14,True,False,True,True,True,False,False,False,True,False,True,False
D003795,pay_86460995,item_not_received,6731.07,2026-04-11,True,True,True,True,False,True,True,False,,,True,True
D004620,pay_00409974,duplicate_charge,1531.21,2026-04-05,True,False,,True,True,False,False,True,True,False,,True
D001363,pay_17167129,unauthorized_transaction,5523.81,2026-05-02,True,,True,False,True,True,,False,False,False,True,False
D000925,pay_08340223,item_not_received,7158.11,2026-03-17,False,,False,True,,False,False,True,,True,False,True
D003699,pay_75937251,duplicate_charge,4274.47,2026-02-23,False,True,True,True,True,True,False,True,False,,True,False
D005885,pay_21952380,duplicate_charge,4953.29,2026-05-26,,False,True,False,True,,False,True,,False,True,True
D005162,pay_99733714,unauthorized_transaction,7229.31,2026-10-15,False,False,,True,False,False,False,True,True,True,True,True
D004594,pay_89639874,item_not_received,4946.38,2026-07-12,False,False,True,True,False,False,True,True,False,True,True,True
D001519,pay_42212661,item_not_received,5828.52,2026-01-29,False,False,True,False,,,True,False,,True,False,True
D002928,pay_37297911,duplicate_charge,3154.05,2026-01-28,False,False,False,True,True,False,True,,True,True,False,True
D000230,pay_10998762,item_not_received,3577.83,2026-07-31,True,True,True,False,False,True,False,,True,True,,False
D002862,pay_63896110,item_not_as_described,5537.14,2026-01-25,True,True,False,False,,False,True,True,,False,False,False
D005172,pay_71662666,item_not_as_described,6572.92,2026-03-28,True,True,False,True,,,False,False,True,False,True,True
D004427,pay_85667945,item_not_received,7368.76,2026-01-13,,True,False,False,False,False,True,False,False,True,False,True
D000530,pay_51036278,unauthorized_transaction,6787.96,2026-04-08,False,False,True,False,False,False,False,True,False,True,,False
D005170,pay_57416039,duplicate_charge,1389.76,2026-04-12,False,True,True,True,True,False,True,True,False,False,True,False
D001241,pay_55441233,unauthorized_transaction,6129.56,2026-06-21,,False,,True,False,True,True,True,,True,True,True
D003777,pay_54203369,item_not_as_described,6816.75,2026-08-14,True,True,,True,,True,,,False,,True,False
D004320,pay_07609745,item_not_received,3142.31,2026-02-01,False,False,False,True,False,False,True,True,False,True,True,True
D005209,pay_36814052,duplicate_charge,1687.7,2026-03-22,False,True,True,True,False,,True,True,,False,True,False
D001465,pay_44596393,item_not_received,1494.84,2026-09-18,True,True,False,False,True,False,False,True,False,False,True,False
D001094,pay_56937033,unauthorized_transaction,2988.05,2026-07-24,True,False,True,False,False,True,False,False,False,False,True,False
D005964,pay_18082754,item_not_as_described,1827.63,2026-10-12,True,True,True,True,False,True,True,,True,False,,True
D005789,pay_88116316,unauthorized_transaction,6638.22,2026-02-03,True,True,True,False,False,False,,True,False,True,True,True
D003005,pay_57730703,unauthorized_transaction,6281.59,2026-09-06,True,True,True,True,False,False,True,True,False,True,False,True
D000904,pay_34561594,item_not_received,2000.06,2026-08-08,True,False,True,True,True,True,False,False,False,True,True,False
D004021,pay_30012668,unauthorized_transaction,6854.31,2026-08-07,True,True,,True,,True,,True,True,False,True,True
D005951,pay_98492422,duplicate_charge,5533.13,2026-05-08,,False,,True,True,True,False,True,,False,True,True
D000206,pay_96328981,duplicate_charge,2039.32,2026-02-18,False,True,False,True,True,True,True,True,False,,False,True
D005694,pay_40357839,unauthorized_transaction,6446.12,2026-10-15,,True,True,True,False,True,True,True,,False,True,True
D004486,pay_64567677,unauthorized_transaction,2057.26,2026-03-25,False,True,False,True,False,True,False,False,True,True,,False
D001286,pay_46344378,item_not_received,1087.39,2026-01-25,False,True,True,True,False,True,True,True,True,False,True,True
D004298,pay_86903940,duplicate_charge,5333.27,2026-05-08,False,True,True,False,False,False,False,True,False,True,False,True
D004893,pay_60163001,item_not_as_described,1075.59,2026-03-16,False,,,False,,True,True,,,True,True,False
D000534,pay_48360819,item_not_received,468.87,2026-03-27,True,False,False,False,False,False,True,False,True,True,True,True
D000714,pay_44364861,unauthorized_transaction,4200.57,2026-05-24,True,True,False,False,True,,False,,,True,True,True
D002302,pay_97087304,duplicate_charge,6106.28,2026-03-14,True,True,False,,True,True,True,,False,True,,False
D004421,pay_86344973,duplicate_charge,988.26,2026-05-03,True,True,False,,False,True,,False,True,False,,True
D000617,pay_11159651,item_not_received,4379.85,2026-08-05,True,True,True,False,True,,False,False,True,False,False,True
D004789,pay_84249299,duplicate_charge,6607.6,2026-07-28,,False,True,True,,False,False,,False,True,False,False
D000286,pay_28182016,duplicate_charge,6387.78,2026-05-09,False,True,True,False,False,False,True,,,True,False,False
D005070,pay_39723496,item_not_received,1581.81,2026-01-18,True,True,True,False,True,True,False,False,True,True,,True
D004130,pay_81158945,item_not_received,5326.75,2026-06-02,True,False,,,False,True,False,False,False,True,True,True
D004426,pay_61398973,item_not_received,2108.56,2026-06-29,,,False,False,True,True,False,,False,False,False,False
D002999,pay_93157619,duplicate_charge,2384.66,2026-03-06,,False,False,True,,True,,True,True,,True,False
D004689,pay_13930920,unauthorized_transaction,1579.1,2026-08-14,True,True,False,True,True,True,True,True,False,True,False,True
D001783,pay_75774429,unauthorized_transaction,944.92,2026-05-21,True,False,True,False,False,False,True,True,True,True,True,False
D005049,pay_34537994,item_not_received,3922.92,2026-08-20,False,False,False,,True,False,False,True,,True,False,True
D001833,pay_81547913,duplicate_charge,7979.84,2026-03-09,True,False,False,False,,False,True,True,False,False,,False
D005732,pay_74682086,item_not_as_described,5664.23,2026-09-15,False,False,False,True,,True,,False,True,False,True,True
D002801,pay_40800515,duplicate_charge,2742.99,2026-03-12,False,True,False,True,True,True,,False,False,False,True,True
D005605,pay_65565154,item_not_as_described,3167.38,2026-04-14,,True,True,False,,True,True,True,False,True,False,False
D003816,pay_31705650,unauthorized_transaction,732.21,2026-04-05,True,True,,True,True,,False,,False,True,False,False
D001390,pay_27108827,item_not_received,7477.25,2026-09-06,False,False,True,True,,True,True,False,False,False,False,True
D003134,pay_23909403,unauthorized_transaction,890.74,2026-10-23,False,False,False,True,True,True,False,False,True,,True,True
D002063,pay_29289740,duplicate_charge,7312.8,2026-10-18,True,True,False,True,False,False,False,True,,False,True,False
D005137,pay_29458408,item_not_as_described,2166.61,2026-09-26,False,,True,True,False,,False,False,,False,False,False
D001460,pay_14073320,item_not_as_described,4887.76,2026-01-22,,False,True,False,True,,False,,False,False,False,False
D005157,pay_81919520,item_not_as_described,3970.98,2026-07-26,False,True,True,False,True,False,,,False,True,False,False
D001077,pay_45144993,duplicate_charge,2441.87,2026-07-20,True,False,False,True,False,True,False,False,True,,False,False
D004212,pay_97046622,unauthorized_transaction,5683.96,2026-01-11,True,True,True,True,False,False,True,True,,False,,True
D004750,pay_67173052,duplicate_charge,3782.63,2026-01-02,False,False,True,False,True,False,True,,True,,,False
D005620,pay_30477517,item_not_received,6127.08,2026-04-27,,,False,True,False,False,True,,False,True,False,True
D005248,pay_36390502,item_not_received,411.34,2026-10-09,False,False,True,,True,False,False,True,False,True,True,True
D003023,pay_32521007,duplicate_charge,3981.78,2026-10-13,True,True,False,False,False,True,False,,,,True,True
D000582,pay_43481023,item_not_as_described,6245.71,2026-10-16,True,False,False,False,True,False,True,True,True,True,False,False
D000811,pay_61861253,item_not_received,6970.08,2026-02-26,False,True,,False,True,True,True,False,False,False,True,False
D001985,pay_05759476,item_not_as_described,4704.41,2026-02-03,True,True,True,True,True,,False,False,True,False,False,True
D004530,pay_36209095,item_not_as_described,2924.05,2026-08-31,True,True,False,True,True,True,False,True,True,False,False,False
D000512,pay_94967873,item_not_as_described,1981.98,2026-03-31,True,False,False,True,False,False,False,,False,False,,False
D004551,pay_49229601,item_not_as_described,6176.67,2026-09-28,False,False,,True,False,False,False,False,,False,False,True
D001302,pay_81890584,duplicate_charge,3394.63,2026-04-01,False,True,False,,True,True,False,True,True,,True,True
D001742,pay_43342841,item_not_received,1581.88,2026-04-01,True,,False,True,True,True,False,False,False,False,True,True
D001673,pay_89102496,duplicate_charge,2992.64,2026-02-01,,True,False,False,False,False,True,False,True,False,True,True
D001472,pay_04395807,item_not_received,5836.25,2026-03-17,False,True,,,True,False,False,True,False,True,True,True
D003768,pay_80950252,unauthorized_transaction,1701.58,2026-09-26,,True,False,True,False,True,True,False,True,True,False,True
D003581,pay_34154107,unauthorized_transaction,7534.88,2026-04-28,False,,,True,True,False,,True,False,,,True
D004599,pay_42100721,duplicate_charge,698.22,2026-05-18,False,,True,True,True,,,True,False,True,False,False
D001531,pay_00086305,item_not_as_described,3170.75,2026-02-20,,,True,,True,False,True,True,False,False,True,False
D002008,pay_31382446,duplicate_charge,3402.68,2026-03-26,True,True,True,False,False,False,True,,True,False,True,False
D000570,pay_52843719,item_not_as_described,947.67,2026-09-21,True,False,True,True,False,True,True,False,False,False,False,True
D000290,pay_23899852,item_not_received,633.77,2026-03-20,,False,True,True,True,False,False,True,True,False,,True
D002241,pay_22583263,duplicate_charge,4962.82,2026-05-18,True,False,,False,False,True,,False,False,False,True,True
D005820,pay_06315276,unauthorized_transaction,6359.77,2026-08-07,True,True,False,True,False,True,False,True,True,False,False,True
D004216,pay_13155114,item_not_as_described,2054.06,2026-05-13,True,False,,True,,False,False,,False,False,False,True
D002912,pay_09022907,unauthorized_transaction,1176.11,2026-09-23,True,True,False,,False,True,True,,False,False,False,True
D004174,pay_73500358,item_not_received,3434.6,2026-02-07,True,,False,,True,True,False,False,True,,False,True
D004401,pay_07045278,duplicate_charge,2672.83,2026-07-28,False,False,False,,True,True,False,True,True,,False,True
D000777,pay_85971790,item_not_as_described,1177.94,2026-09-11,True,True,False,True,False,False,True,False,,False,,True
D004604,pay_29051605,unauthorized_transaction,3900.32,2026-09-07,False,False,,False,False,False,True,False,True,True,True,False
D005566,pay_51269641,unauthorized_transaction,7742.41,2026-01-02,False,True,True,True,True,,False,,False,False,False,False
D002101,pay_48085269,unauthorized_transaction,5066.35,2026-02-02,True,False,True,True,False,True,False,False,,False,True,True
D003493,pay_51544387,duplicate_charge,623.38,2026-02-21,True,False,True,True,True,True,False,,False,False,,True
D003357,pay_08260245,duplicate_charge,5767.99,2026-09-06,False,False,,,True,True,False,True,True,False,True,True
D000082,pay_37342819,item_not_as_described,1016.83,2026-09-22,True,False,,False,False,False,True,False,True,True,False,True
D000584,pay_71401187,item_not_received,5076.34,2026-08-26,False,False,True,True,,True,,False,True,False,True,True
D003854,pay_80429762,item_not_received,5397.6,2026-01-16,False,,,True,True,True,,False,,False,False,False
D001471,pay_45117496,unauthorized_transaction,947.39,2026-06-24,False,True,True,True,True,,True,False,False,False,False,True
D001762,pay_28916898,item_not_as_described,4348.31,2026-08-01,True,True,False,True,True,True,True,False,True,False,True,True
D001890,pay_03384941,item_not_received,871.22,2026-02-01,False,False,,True,True,False,True,True,True,False,True,True
D002377,pay_84936904,item_not_received,7913.67,2026-10-21,True,True,False,,True,True,True,,True,False,False,False
D005893,pay_96767401,duplicate_charge,7079.66,2026-07-23,True,True,False,,True,True,True,False,True,False,True,True
D002799,pay_02733927,item_not_as_described,937.32,2026-05-06,,True,False,True,False,True,True,,True,False,False,True
D004249,pay_60778218,item_not_as_described,3923.57,2026-03-16,True,,,True,False,True,False,True,False,,True,True
D002363,pay_32893111,duplicate_charge,524.56,2026-10-28,False,False,False,True,True,False,True,True,True,False,True,False
D002079,pay_90171416,unauthorized_transaction,1124.33,2026-03-19,False,False,False,False,,False,,True,False,True,False,False
D001120,pay_28851485,item_not_as_described,7048.34,2026-04-09,False,False,True,True,True,True,False,True,False,True,False,False
D003502,pay_18513210,duplicate_charge,3019.41,2026-01-19,True,,False,True,False,True,True,True,False,False,True,False
D001761,pay_91615333,unauthorized_transaction,1187.77,2026-06-14,,True,,True,True,True,True,True,True,,True,True
D000810,pay_34656091,item_not_as_described,4906.4,2026-07-04,False,True,False,True,False,False,False,,True,,False,True
D001479,pay_45283771,item_not_as_described,2677.34,2026-07-12,False,False,False,True,True,False,True,True,False,False,,True
D005222,pay_28043308,unauthorized_transaction,7734.76,2026-10-10,False,True,,True,False,False,True,True,False,True,False,False
D001123,pay_14718403,item_not_as_described,3214.95,2026-09-17,True,True,False,False,False,True,False,True,True,False,False,True
D005578,pay_38931287,duplicate_charge,4339.18,2026-08-19,False,False,False,True,False,True,True,False,False,False,True,False
D005421,pay_73436950,unauthorized_transaction,4686.74,2026-10-10,,True,True,False,True,True,True,False,False,True,,True
D003537,pay_00645749,duplicate_charge,715.02,2026-08-15,True,True,True,True,,,False,True,True,True,False,True
D004069,pay_65536851,duplicate_charge,3171.2,2026-04-01,True,False,False,,False,False,True,True,False,True,True,True
D005587,pay_27146449,unauthorized_transaction,7069.5,2026-10-03,True,True,,True,False,True,True,True,True,True,False,False
D001655,pay_80632613,item_not_as_described,933.43,2026-05-24,False,True,True,False,False,False,True,True,True,True,,True
D005041,pay_38810343,item_not_received,2279.14,2026-09-04,False,False,True,False,False,True,False,False,True,False,True,True
D002722,pay_67577167,duplicate_charge,7671.38,2026-03-04,,,False,False,True,False,True,False,,True,False,True
D000958,pay_67086297,item_not_as_described,6811.32,2026-04-30,True,True,False,,False,True,False,True,False,False,False,False
D005756,pay_44054410,unauthorized_transaction,3504.53,2026-08-11,True,True,False,,False,False,True,True,False,False,,False
D004575,pay_60261704,unauthorized_transaction,2667.41,2026-07-11,False,True,True,False,True,False,,True,False,False,True,True
D000399,pay_96651024,item_not_as_described,2713.83,2026-04-28,False,False,False,False,True,False,,False,,False,False,False
D002387,pay_03247865,item_not_as_described,2535.84,2026-01-23,False,False,False,,True,True,False,False,False,True,False,False
D001062,pay_19695271,duplicate_charge,664.4,2026-08-31,,True,True,True,False,,True,False,True,True,True,False
D002124,pay_54047304,item_not_received,5527.69,2026-07-11,True,False,True,,False,False,False,False,True,True,True,False
D002266,pay_01398424,item_not_received,1058.7,2026-05-13,True,False,True,False,True,False,,,True,False,False,True
D003937,pay_82828851,unauthorized_transaction,6217.27,2026-07-09,,False,False,False,True,,True,True,True,True,True,False
D000234,pay_41177222,duplicate_charge,6215.95,2026-03-21,False,False,True,False,True,False,False,False,,False,True,True
D004607,pay_15233814,item_not_as_described,5476.58,2026-10-18,True,,True,False,True,,False,True,False,True,True,False
D000182,pay_04949636,unauthorized_transaction,2093.99,2026-02-07,,True,True,True,False,True,True,True,False,False,False,False
D003991,pay_12702390,item_not_as_described,6091.01,2026-08-21,False,False,False,True,False,False,False,False,True,False,False,False
D000046,pay_70260907,item_not_as_described,1742.32,2026-02-14,False,True,True,False,False,True,True,True,False,,True,False
D004262,pay_57314744,unauthorized_transaction,5788.27,2026-07-28,True,True,True,True,False,False,True,True,True,True,True,True
D001228,pay_38108288,duplicate_charge,1727.23,2026-05-15,True,False,True,,True,True,True,True,True,True,,True
D002089,pay_58284389,duplicate_charge,5668.02,2026-09-26,False,False,,,True,False,True,False,True,True,True,False
D000818,pay_34991898,item_not_as_described,6142.12,2026-09-27,True,True,False,False,True,True,True,True,,True,,False
D004816,pay_54256512,item_not_received,7372.36,2026-02-17,,,True,True,False,,True,True,,True,True,False
D003973,pay_92667386,duplicate_charge,7874.92,2026-02-17,True,False,True,True,True,False,True,True,False,True,False,True
D005911,pay_12749879,unauthorized_transaction,516.82,2026-06-22,True,,True,True,True,,True,False,,True,True,True
D002141,pay_63386263,item_not_received,3417.1,2026-01-17,False,,True,False,True,False,,False,,True,,False
D003364,pay_61506729,item_not_as_described,3065.83,2026-01-25,True,False,,False,True,False,True,True,True,False,True,False
D003378,pay_13227845,duplicate_charge,1807.65,2026-10-06,False,False,False,True,True,False,True,True,True,True,False,True
D003147,pay_13326053,item_not_as_described,3331.24,2026-06-15,True,True,True,,True,False,False,,False,False,True,False
D005537,pay_88183839,duplicate_charge,6530.72,2026-01-27,True,True,False,,,True,False,True,True,,False,True
D005540,pay_27604279,item_not_as_described,5166.51,2026-03-20,True,True,False,True,False,True,True,True,True,False,True,True
D002964,pay_56591945,item_not_received,701.34,2026-07-28,,False,False,True,False,False,True,False,False,True,False,True
D002336,pay_34877122,duplicate_charge,1278.49,2026-08-27,,True,False,True,False,False,True,True,,False,True,False
D000505,pay_37526885,duplicate_charge,5482.19,2026-03-28,True,True,True,False,False,False,True,False,False,False,,True
D001717,pay_75381652,item_not_as_described,7567.34,2026-08-25,True,True,,False,False,False,True,True,True,False,False,True
D001090,pay_47124706,item_not_received,7600.18,2026-05-14,False,True,,True,True,False,False,True,True,False,False,True
D001599,pay_57117615,item_not_received,4131.72,2026-09-13,False,True,True,False,,False,True,False,False,False,True,True
D002321,pay_28100070,unauthorized_transaction,2203.3,2026-06-24,False,,False,True,True,False,,False,True,,True,True
D004200,pay_59578797,item_not_as_described,3973.42,2026-10-11,True,True,,False,True,False,,False,True,True,True,False
D002832,pay_48912049,unauthorized_transaction,1181.54,2026-07-06,True,False,False,,True,True,,False,True,False,False,True
D004037,pay_67408103,item_not_received,6389.76,2026-10-14,False,True,True,True,True,True,True,False,False,False,True,True
D005584,pay_70155821,unauthorized_transaction,328.63,2026-03-01,True,,False,True,False,True,False,False,False,False,True,True
D001576,pay_04279669,item_not_as_described,1672.54,2026-01-27,True,True,False,False,True,True,True,True,False,False,True,False
D003167,pay_68828417,item_not_received,5924.1,2026-09-04,False,False,True,True,True,True,True,,True,False,False,False
D003380,pay_22293813,item_not_as_described,3427.22,2026-10-27,True,True,False,True,True,False,,True,,True,False,True
D001915,pay_13355066,duplicate_charge,4499.73,2026-02-03,True,,False,True,True,False,False,,False,False,True,False
D001138,pay_91093347,item_not_received,7628.08,2026-07-17,True,True,False,False,False,,True,True,False,True,False,True
D003611,pay_02935462,item_not_as_described,5119.8,2026-06-08,False,,True,True,False,False,True,True,True,True,,True
D003240,pay_17537149,item_not_as_described,3716.62,2026-04-28,False,False,False,False,True,True,,,False,False,False,False
D001319,pay_25847700,item_not_received,3093.2,2026-08-24,True,False,False,False,,True,,False,True,True,True,False
D001476,pay_53774344,item_not_as_described,3140.9,2026-09-23,False,True,False,False,True,True,False,,,False,True,False
D001249,pay_10268083,duplicate_charge,3093.65,2026-05-05,False,,False,False,True,True,False,False,,False,True,True
D001535,pay_52325104,item_not_as_described,1408.24,2026-08-14,True,True,True,,True,True,True,True,False,True,,True
D004752,pay_95169933,duplicate_charge,1780.98,2026-03-23,True,True,False,False,True,,True,False,False,True,True,False
D003258,pay_69379754,item_not_received,4564.79,2026-02-26,,False,True,False,True,,True,True,False,True,True,True
D002591,pay_38881248,item_not_received,1246.34,2026-03-08,False,True,,True,False,True,True,False,False,True,True,True
D003272,pay_75987460,item_not_received,2385.49,2026-08-09,,False,True,False,False,False,,,True,,True,True
D004862,pay_26881566,unauthorized_transaction,340.46,2026-03-29,False,False,False,True,True,True,False,False,False,True,True,True
D002816,pay_91994117,item_not_as_described,3529.81,2026-05-31,True,,False,True,,False,True,,True,True,False,True
D001272,pay_78106922,item_not_as_described,1786.44,2026-08-09,False,True,False,False,,False,False,False,,False,,False
D005651,pay_81448255,unauthorized_transaction,6863.53,2026-07-20,False,True,True,False,,False,True,True,,True,False,False
D002818,pay_78717732,item_not_received,1485.35,2026-04-01,,,True,True,True,True,True,,,True,False,True
D001941,pay_19535959,item_not_received,7518.13,2026-05-04,False,True,True,False,True,False,True,True,True,True,True,False
D005768,pay_97776536,unauthorized_transaction,4713.88,2026-06-08,True,True,False,,False,,False,True,False,False,True,False
D001350,pay_46754707,item_not_as_described,7317.0,2026-06-07,,False,True,,False,,False,,,True,False,True
D005190,pay_06127903,item_not_as_described,6385.2,2026-07-26,False,False,False,False,True,,False,False,False,True,,False
D004796,pay_78067787,item_not_as_described,4713.6,2026-06-20,True,True,,True,False,True,,False,False,True,,False
D002749,pay_30766432,item_not_as_described,2980.35,2026-05-31,False,False,False,False,False,False,True,True,True,True,True,False
D002310,pay_63931965,item_not_as_described,5307.82,2026-10-03,True,True,True,False,True,True,True,False,True,False,True,True
D004282,pay_23451306,item_not_as_described,638.93,2026-01-26,False,True,,False,True,True,False,False,True,False,False,False
D002414,pay_51678098,duplicate_charge,4314.89,2026-04-01,,,True,,True,True,False,True,False,False,False,False
D002107,pay_35540880,duplicate_charge,7989.76,2026-06-04,False,,True,True,False,False,False,True,,True,True,False
D002217,pay_81499552,unauthorized_transaction,3825.83,2026-05-07,True,True,True,True,True,True,False,True,False,False,False,True
D005853,pay_86731106,item_not_received,5243.18,2026-02-19,False,,False,False,True,False,False,True,True,True,False,False
D002556,pay_79639523,duplicate_charge,1620.38,2026-04-20,False,,True,True,False,False,True,,True,,True,True
D001510,pay_87898707,unauthorized_transaction,641.82,2026-01-14,True,True,False,True,False,,True,True,,False,,True
D003152,pay_47864365,item_not_as_described,5740.01,2026-05-02,True,False,False,False,False,False,,False,True,True,True,True
D001481,pay_45965734,item_not_as_described,1202.56,2026-10-22,False,,,True,True,True,False,,True,,True,True
D004180,pay_63244601,duplicate_charge,6884.08,2026-05-23,True,False,False,False,False,False,True,False,False,,False,False
D003560,pay_99451733,item_not_as_described,3010.88,2026-04-07,False,,True,,False,True,False,False,False,,,True
D005662,pay_02564420,item_not_as_described,7855.03,2026-08-22,True,False,False,False,True,False,True,True,False,True,,True
D005607,pay_04567806,item_not_received,4757.67,2026-03-18,False,True,False,False,True,False,False,True,True,False,True,False
D004030,pay_11670349,unauthorized_transaction,5120.56,2026-03-21,False,True,True,,False,True,True,True,False,True,False,False
D003229,pay_44713124,unauthorized_transaction,7120.2,2026-09-10,False,False,True,True,False,True,True,,True,True,False,False
D003103,pay_79480274,duplicate_charge,1081.57,2026-02-13,False,True,False,True,False,True,False,,,True,False,False
D004361,pay_69245022,unauthorized_transaction,834.44,2026-08-06,False,False,False,False,False,False,True,False,False,False,True,False
D002569,pay_36289917,duplicate_charge,3465.61,2026-05-05,True,False,,True,True,,False,True,False,False,True,True
D003882,pay_89992283,unauthorized_transaction,1125.06,2026-03-23,,True,True,False,,False,True,True,True,False,True,False
D001802,pay_02157103,item_not_received,2075.44,2026-05-21,False,True,False,True,True,True,False,False,True,False,False,False
D001692,pay_73543702,unauthorized_transaction,5017.26,2026-05-28,True,True,False,,True,False,True,True,,True,,False
D004379,pay_82424354,unauthorized_transaction,7071.49,2026-09-10,True,False,False,False,True,False,False,False,False,False,False,False
D000692,pay_20526614,duplicate_charge,2865.68,2026-09-04,True,False,True,False,True,False,,True,,False,False,False
D000974,pay_66332051,duplicate_charge,3824.62,2026-06-03,False,True,True,False,False,False,False,False,False,False,False,False
D005923,pay_96993101,item_not_received,5520.51,2026-07-27,False,True,False,False,,False,True,,True,,False,False
D000723,pay_68550839,duplicate_charge,3279.64,2026-02-21,True,True,False,False,True,True,False,,False,True,False,False
D001740,pay_49546211,item_not_as_described,7474.06,2026-10-21,,True,False,False,False,True,True,False,True,False,,False
D004198,pay_29243922,item_not_received,2959.8,2026-09-03,False,True,True,False,True,True,,False,False,True,True,False
D001999,pay_26485314,unauthorized_transaction,386.71,2026-03-27,False,True,,False,False,True,True,False,False,False,True,True
D003223,pay_78706508,duplicate_charge,1586.01,2026-01-16,True,False,True,False,True,,False,True,True,True,False,True
D004947,pay_22386664,item_not_as_described,6556.78,2026-09-16,,,True,False,True,True,False,True,False,True,True,True
D000226,pay_27097261,item_not_as_described,6607.54,2026-03-05,,True,False,False,False,False,,True,False,True,True,False
D000032,pay_48678896,item_not_as_described,3724.16,2026-05-02,True,,,,True,False,False,False,False,False,False,False
D001040,pay_79569937,unauthorized_transaction,4634.57,2026-02-28,False,,True,,,True,False,True,False,False,True,False
D002572,pay_64765690,item_not_as_described,4611.55,2026-04-01,True,True,True,,True,False,False,False,False,,True,False
D001424,pay_27812984,item_not_received,2933.45,2026-05-01,True,True,True,False,False,False,False,True,True,False,True,False
D003714,pay_08820730,unauthorized_transaction,5107.07,2026-02-17,,True,False,True,True,False,False,False,True,,,False
D005971,pay_00970860,duplicate_charge,6955.56,2026-07-01,True,True,True,True,False,True,False,False,True,False,False,False
D005250,pay_21000928,duplicate_charge,5006.67,2026-09-02,True,,False,,True,False,True,True,False,False,True,True
D004006,pay_89047400,unauthorized_transaction,7281.78,2026-10-23,False,False,False,False,True,True,False,False,,True,True,False
D002301,pay_88623765,item_not_as_described,7424.81,2026-01-24,True,,True,True,False,False,True,True,False,True,False,False
D000926,pay_45988531,duplicate_charge,1498.36,2026-05-13,False,,True,True,True,True,True,True,True,True,False,True
D004782,pay_73116743,item_not_as_described,5545.79,2026-09-10,False,,False,True,False,True,,True,False,True,,False
D004419,pay_85051714,item_not_received,5755.0,2026-09-07,False,True,False,False,False,True,True,True,True,False,False,False
D001671,pay_58287384,duplicate_charge,2714.34,2026-01-02,,False,False,False,False,True,False,False,,True,False,False
D003686,pay_18757248,duplicate_charge,890.27,2026-05-23,,True,False,True,True,False,,True,True,True,False,True
D003850,pay_14625174,item_not_as_described,3845.1,2026-09-06,,True,True,False,True,True,False,True,True,True,False,False
D002446,pay_72766760,unauthorized_transaction,5282.2,2026-01-13,,False,False,,False,True,False,True,True,True,True,True
D005233,pay_30180463,duplicate_charge,6953.05,2026-05-16,True,True,True,False,True,False,False,True,,True,False,True
D001977,pay_58286705,unauthorized_transaction,5768.23,2026-02-05,,False,True,True,False,True,False,True,True,False,False,False
D000379,pay_57377856,duplicate_charge,3175.76,2026-06-15,False,False,True,True,False,True,True,False,,False,False,False
D000041,pay_05253567,unauthorized_transaction,949.33,2026-03-31,True,True,False,True,False,,False,True,False,True,False,False
D005758,pay_19190995,unauthorized_transaction,6510.91,2026-05-28,False,,False,False,True,False,False,True,True,True,True,False
D004472,pay_98768778,item_not_received,1415.67,2026-03-29,False,False,,True,False,True,,False,True,False,,False
D004214,pay_33427195,item_not_received,5926.01,2026-04-07,False,True,False,True,,,True,True,,True,False,True
D003933,pay_95830414,unauthorized_transaction,5299.32,2026-06-15,True,False,True,False,True,True,True,False,False,True,False,False
D001958,pay_16421300,duplicate_charge,7186.5,2026-01-26,,False,True,False,,False,False,True,True,True,,True
D003020,pay_60680846,item_not_received,2519.67,2026-08-01,False,False,True,True,True,False,True,False,True,True,True,True
D002331,pay_96432633,item_not_as_described,4306.28,2026-02-20,True,True,True,True,True,False,True,True,False,True,,False
D004955,pay_30322861,item_not_received,527.14,2026-07-07,True,False,True,False,True,True,True,False,False,True,False,True
D004609,pay_27117819,item_not_received,6425.08,2026-09-10,True,,True,False,True,True,False,True,True,True,True,True
D004802,pay_57449107,item_not_received,6560.16,2026-06-28,True,False,True,False,,False,False,False,True,True,True,True
D002777,pay_36852626,item_not_received,4510.65,2026-10-11,,,,False,False,False,True,,False,True,True,True
D003799,pay_11337694,unauthorized_transaction,3338.68,2026-02-06,False,,True,,False,False,True,False,False,True,True,True
D005191,pay_27629192,unauthorized_transaction,7935.87,2026-09-10,False,True,False,,True,True,False,False,True,True,False,False
D004443,pay_00117205,unauthorized_transaction,4606.75,2026-02-28,True,True,False,True,True,True,False,True,True,True,False,True
D001477,pay_20957908,item_not_received,2449.02,2026-02-01,True,False,False,False,False,False,False,True,True,False,False,True
D005411,pay_54129283,item_not_as_described,1144.31,2026-08-24,False,False,False,False,False,,True,,,True,True,False
D004162,pay_80233009,item_not_as_described,4168.24,2026-08-13,False,False,False,True,False,False,True,True,False,False,False,False
D004543,pay_33743140,item_not_received,3450.89,2026-08-30,False,True,True,False,,True,True,True,False,,False,False
D000759,pay_56101245,item_not_as_described,1724.09,2026-01-25,,True,,False,False,True,False,False,True,True,False,False
D004168,pay_05771739,unauthorized_transaction,6288.43,2026-04-21,,False,True,True,False,False,,True,False,True,True,True
D002150,pay_43673370,item_not_as_described,5720.42,2026-07-03,False,True,False,False,True,True,True,True,True,True,True,True
D005559,pay_57125532,duplicate_charge,2625.39,2026-02-07,False,False,True,True,True,True,False,,False,True,True,False
D002085,pay_14896979,item_not_received,3727.93,2026-03-25,True,False,False,,True,True,,True,True,False,,False
D002913,pay_83250257,item_not_received,4040.36,2026-01-17,False,False,True,,True,True,False,True,False,,False,True
D001248,pay_60783063,item_not_as_described,3597.41,2026-06-15,False,True,False,,False,False,True,False,True,False,True,True
D003363,pay_95928307,item_not_received,3900.6,2026-04-19,False,False,True,True,,False,False,False,True,,True,False
D002278,pay_10676911,item_not_received,2335.59,2026-07-11,False,False,True,True,False,False,False,True,False,,False,True
D003616,pay_47998538,duplicate_charge,3663.95,2026-06-17,True,True,True,True,True,True,False,False,False,,,True
D004477,pay_56831558,unauthorized_transaction,6971.98,2026-05-10,False,,True,False,False,False,True,False,True,True,False,False
D004032,pay_94877573,duplicate_charge,7694.58,2026-03-02,True,False,True,True,True,False,True,False,True,True,False,False
D005556,pay_09622067,duplicate_charge,2848.39,2026-09-17,False,False,False,True,True,True,False,False,,True,False,False
D001160,pay_94294367,item_not_received,2295.66,2026-06-16,True,False,False,False,True,False,True,False,False,False,False,False
D003101,pay_29774230,unauthorized_transaction,1689.05,2026-02-21,False,False,True,False,False,True,True,False,True,True,False,True
D003456,pay_89472899,item_not_received,1123.42,2026-07-10,False,False,True,True,True,False,False,,False,True,False,True
D005249,pay_62361609,item_not_received,2059.56,2026-02-03,False,,,True,False,,False,False,False,True,True,False
D004550,pay_40767614,unauthorized_transaction,6505.1,2026-05-03,True,,,,True,,True,False,,False,True,True
D001326,pay_99372037,item_not_as_described,7761.85,2026-06-26,,False,,True,True,True,True,True,True,False,,False
D001775,pay_25916342,item_not_received,4745.72,2026-09-14,False,False,False,,True,False,True,True,,,True,False
D000686,pay_00103235,unauthorized_transaction,3200.76,2026-08-19,,True,False,True,,True,False,True,False,True,False,True
D001830,pay_35260434,item_not_received,7269.9,2026-06-19,True,True,True,True,,True,False,True,False,True,False,True
D001290,pay_16976965,item_not_as_described,2323.6,2026-01-09,,False,False,False,False,False,False,False,,False,False,False
D004144,pay_44835500,item_not_as_described,1831.71,2026-02-16,True,True,,True,True,True,False,,,,True,False
D002111,pay_35942887,item_not_as_described,7332.96,2026-04-24,True,False,True,True,True,,True,True,False,True,False,False
D003818,pay_00112379,item_not_received,6502.26,2026-05-27,True,,True,True,False,,,False,,True,True,True
D000252,pay_55707438,duplicate_charge,6640.41,2026-04-01,True,True,False,True,False,True,False,,False,True,False,False
D000869,pay_83149759,item_not_received,2420.79,2026-09-14,True,True,True,,,False,False,True,False,True,,True
D002996,pay_01805204,item_not_as_described,5038.78,2026-05-25,False,,False,True,,False,True,,False,False,True,False
D000603,pay_81941937,unauthorized_transaction,5370.48,2026-02-28,True,,True,True,False,True,False,True,True,False,False,True
D004375,pay_24802917,item_not_as_described,3864.9,2026-07-30,False,,True,True,False,,True,False,True,True,True,False
D005972,pay_74287501,unauthorized_transaction,6080.06,2026-04-11,True,True,True,False,True,False,False,True,False,,False,True
D005619,pay_87947784,duplicate_charge,3664.49,2026-05-19,False,True,True,True,True,,,False,False,False,True,True
D003472,pay_23914078,item_not_received,5838.91,2026-08-12,False,True,False,True,True,,False,True,True,False,False,False
D000312,pay_06442905,item_not_received,6344.07,2026-02-27,False,False,,True,,,True,True,True,True,False,True
D005581,pay_10140437,duplicate_charge,5622.19,2026-07-11,False,False,False,False,False,True,False,False,True,False,,False
D003331,pay_22424966,item_not_received,374.77,2026-06-27,,False,True,True,False,False,False,True,False,False,True,False
D005642,pay_19928269,unauthorized_transaction,319.67,2026-07-07,True,False,True,True,,False,False,True,False,True,False,False
D002962,pay_36902146,item_not_received,6211.17,2026-09-16,True,False,,False,,False,True,True,False,True,True,False
D002637,pay_84458743,duplicate_charge,6520.56,2026-02-28,False,True,False,True,True,,False,True,False,False,,False
D003038,pay_13153116,unauthorized_transaction,7486.62,2026-07-28,False,,True,True,True,False,,,True,False,False,False
D000109,pay_71274148,item_not_as_described,7615.53,2026-06-15,False,True,,True,,True,True,,True,,False,False
D004070,pay_87366609,item_not_as_described,2397.74,2026-07-04,False,False,True,False,False,True,True,False,True,True,True,True
D005499,pay_93699855,unauthorized_transaction,2894.14,2026-09-07,False,False,False,False,True,,False,,True,True,,False
D005164,pay_11621460,item_not_received,6330.46,2026-06-29,,False,True,False,False,True,False,,,True,False,True
D005323,pay_67784630,item_not_as_described,5595.72,2026-01-18,False,False,True,False,True,True,True,,True,False,True,True
D000870,pay_31931426,item_not_as_described,7633.07,2026-03-15,True,,True,,True,False,True,True,False,False,False,False
D005680,pay_14646124,item_not_as_described,4834.99,2026-10-24,,True,True,,,True,,False,True,False,True,True
D003307,pay_92768499,item_not_as_described,6828.63,2026-10-06,False,True,,False,False,False,False,False,False,True,True,False
D003758,pay_86397008,unauthorized_transaction,715.78,2026-10-26,False,True,False,False,True,True,,False,,True,False,False
D001122,pay_24420564,item_not_as_described,4366.98,2026-08-04,True,False,False,False,,False,,True,True,False,True,True
D002607,pay_66993150,item_not_as_described,2923.91,2026-07-23,True,False,True,,,False,True,,True,False,False,True
D003467,pay_69888085,item_not_received,520.3,2026-04-06,False,True,,False,False,False,,True,,False,False,True
D000514,pay_43731170,unauthorized_transaction,7666.52,2026-01-16,False,True,False,False,True,True,True,True,True,False,False,True
D003651,pay_54584688,item_not_received,5514.7,2026-02-23,True,False,False,True,True,False,False,True,False,False,True,False
D001323,pay_51252112,unauthorized_transaction,976.44,2026-06-18,False,True,True,,,True,True,True,True,False,False,False
D003779,pay_44524693,duplicate_charge,5751.31,2026-06-03,False,,False,False,True,,True,False,True,False,False,False
D003556,pay_64686147,unauthorized_transaction,682.49,2026-09-20,,True,False,,,False,,False,True,True,False,True
D001301,pay_54828269,unauthorized_transaction,5299.46,2026-09-03,False,False,,,True,False,False,False,False,False,,True
D001417,pay_75235230,item_not_received,6384.6,2026-10-25,False,True,True,True,False,False,True,True,,True,True,True
D003093,pay_35823294,duplicate_charge,929.18,2026-04-12,,,True,False,False,,,False,False,False,False,False
D002300,pay_02591604,duplicate_charge,4588.05,2026-08-09,True,,False,True,,True,False,True,True,,True,False
D004823,pay_95388588,item_not_received,4042.74,2026-05-10,False,True,,False,False,True,False,True,False,,False,False
D004701,pay_31474545,duplicate_charge,4312.02,2026-09-28,True,True,True,False,False,False,False,True,True,True,False,False
D005269,pay_77144674,duplicate_charge,2399.78,2026-01-21,,True,False,True,False,,False,True,True,False,True,False
D002392,pay_20065715,item_not_as_described,2878.02,2026-09-12,,False,False,False,True,False,False,,True,False,False,False
D002229,pay_74541238,item_not_as_described,3438.18,2026-08-06,True,False,False,False,False,,False,True,False,False,,False
D002983,pay_26626889,item_not_as_described,2895.2,2026-10-25,,,True,True,True,False,True,False,False,False,True,False
D005744,pay_63120761,unauthorized_transaction,1309.87,2026-10-01,True,True,,True,True,False,False,True,False,True,False,True
D002783,pay_72209972,duplicate_charge,2968.4,2026-05-01,True,True,False,,True,True,True,True,True,True,True,False
D001741,pay_23960448,item_not_received,5143.87,2026-08-04,False,False,True,True,False,False,True,False,True,False,False,False
D001497,pay_86566171,duplicate_charge,4453.41,2026-10-20,False,False,False,True,True,False,False,,False,False,True,False
D000466,pay_99945400,item_not_received,6255.67,2026-02-05,True,False,True,False,True,False,False,True,True,True,True,True
D001804,pay_34227061,item_not_as_described,5561.2,2026-02-21,False,True,,,,True,False,False,False,False,True,False
D004465,pay_09798775,duplicate_charge,7090.85,2026-01-21,True,True,,True,False,False,,True,False,False,False,False
D004704,pay_74405418,duplicate_charge,4097.43,2026-10-11,False,True,False,True,False,False,True,False,False,False,False,False
D005022,pay_58558736,unauthorized_transaction,3760.34,2026-07-07,False,True,,True,,,,True,False,True,False,True
D001667,pay_98202179,duplicate_charge,4231.46,2026-09-09,False,True,False,True,False,,True,False,True,True,True,False
D004042,pay_12691154,item_not_as_described,4110.38,2026-04-18,True,False,True,True,,True,False,False,False,False,True,False
D000996,pay_82579351,item_not_received,3772.11,2026-08-11,True,True,True,False,True,False,False,False,True,True,True,False
D004989,pay_23456744,unauthorized_transaction,2789.93,2026-01-09,True,False,False,,False,False,True,True,False,True,True,True
D004749,pay_25032040,unauthorized_transaction,7823.39,2026-03-30,,False,True,True,,False,False,False,False,True,True,False
D002375,pay_66289400,item_not_as_described,376.36,2026-05-22,False,False,False,,True,True,True,False,False,True,True,False
D005123,pay_24841001,unauthorized_transaction,5104.95,2026-08-19,,False,True,,True,,True,True,True,True,True,True
D005961,pay_53803396,duplicate_charge,2751.33,2026-03-11,True,True,True,True,False,True,True,,False,True,True,False
D000205,pay_76242300,duplicate_charge,3849.0,2026-08-06,False,,False,,,True,True,True,,True,True,False
D002827,pay_55175232,unauthorized_transaction,4062.65,2026-04-04,False,True,,True,True,True,False,True,False,False,True,True
D000413,pay_81920869,duplicate_charge,7470.64,2026-06-12,False,True,False,True,True,True,True,True,False,True,,False
D002408,pay_32149090,item_not_as_described,775.23,2026-05-07,False,False,False,,True,False,False,False,,False,False,False
D001933,pay_67189634,item_not_as_described,5305.13,2026-07-30,True,True,True,,True,True,True,False,True,True,True,True
D002298,pay_35303311,duplicate_charge,412.1,2026-08-03,True,False,True,False,,False,False,True,,False,False,False
D000984,pay_72598543,unauthorized_transaction,5815.88,2026-05-12,,False,True,,False,False,False,False,False,True,False,False
D000061,pay_44241559,duplicate_charge,3739.86,2026-05-18,False,False,False,,False,True,False,False,True,True,True,True
D003221,pay_37397296,duplicate_charge,1067.86,2026-05-31,,False,True,True,False,True,False,True,False,True,,True
D002958,pay_09598381,duplicate_charge,1131.92,2026-07-14,True,False,False,False,True,False,True,False,,,False,True
D001242,pay_59096116,duplicate_charge,3120.76,2026-08-18,True,False,True,True,True,True,False,,True,True,False,False
D002461,pay_83436808,duplicate_charge,5314.78,2026-02-25,False,True,True,True,False,False,False,False,False,,False,False
D004537,pay_72577375,unauthorized_transaction,6718.61,2026-05-03,True,True,False,,,,False,,,False,True,False
D001056,pay_91495171,item_not_as_described,6618.76,2026-08-08,False,False,False,False,False,True,False,False,False,True,True,True
D001448,pay_36121142,item_not_received,7980.24,2026-02-05,True,True,True,False,True,,False,False,False,,True,False
D004007,pay_03455847,unauthorized_transaction,5181.73,2026-01-30,False,True,False,,False,False,False,False,False,True,False,True
D002165,pay_68291151,unauthorized_transaction,3445.85,2026-01-21,,True,True,False,,True,True,True,False,True,True,False
D002380,pay_07352558,item_not_as_described,2355.73,2026-02-15,True,,True,False,False,False,False,False,,False,False,True
D001867,pay_87587470,item_not_received,3172.14,2026-10-13,,True,False,False,False,False,False,False,False,False,,False
D004840,pay_00457829,unauthorized_transaction,6721.53,2026-04-15,False,True,True,True,False,False,True,True,True,False,False,True
D000297,pay_28027431,duplicate_charge,5558.13,2026-05-04,True,,False,True,True,False,False,True,True,False,True,False
D000901,pay_64165645,item_not_received,6613.37,2026-07-28,,False,True,False,,,False,False,False,,True,True
D004845,pay_97291996,item_not_received,5923.86,2026-10-23,,False,False,True,False,True,False,False,False,True,True,False
D003947,pay_25630608,unauthorized_transaction,1830.32,2026-03-24,True,False,False,False,,False,False,True,False,False,True,False
D001415,pay_47110948,item_not_received,5226.68,2026-04-28,True,True,True,False,False,False,True,True,False,,False,False
D002390,pay_24343524,duplicate_charge,747.23,2026-09-07,False,True,True,False,True,,True,True,True,False,False,True
D002568,pay_66048780,unauthorized_transaction,1705.42,2026-09-17,True,True,False,True,True,True,False,True,True,False,True,True
D005576,pay_37722902,duplicate_charge,4336.94,2026-04-15,False,True,True,False,False,True,True,True,True,False,True,True
D005886,pay_45987231,item_not_received,5398.85,2026-09-01,False,False,False,,False,True,,False,False,True,True,True
D005312,pay_05962710,unauthorized_transaction,2042.39,2026-04-14,False,True,False,True,,False,True,False,False,True,False,True
D000856,pay_73229212,item_not_as_described,1434.07,2026-05-26,,True,False,True,,True,False,True,True,False,,True
D000233,pay_25420283,duplicate_charge,7671.15,2026-09-26,True,True,False,False,True,,,False,False,True,False,False
D002381,pay_37107099,unauthorized_transaction,6671.16,2026-08-01,False,,False,False,True,True,False,False,True,False,,False
D003487,pay_81029297,unauthorized_transaction,3006.56,2026-01-22,True,True,False,False,False,True,False,,True,True,,False
D005670,pay_19899592,unauthorized_transaction,2082.48,2026-03-21,True,True,False,,True,True,True,True,True,True,False,True
D003827,pay_06343629,duplicate_charge,1510.83,2026-02-09,False,True,,True,True,True,True,True,True,True,True,True
D002622,pay_48656760,item_not_received,1794.04,2026-05-06,False,True,False,True,True,True,False,False,True,,False,True
D001432,pay_09983348,item_not_as_described,4125.19,2026-09-14,,,True,True,False,True,True,,True,False,True,True
D004392,pay_93138304,unauthorized_transaction,7743.49,2026-10-10,True,,False,,,False,True,False,True,True,True,False
D002339,pay_74616975,item_not_received,7051.74,2026-05-18,True,True,True,False,True,True,False,False,True,True,False,True
D005148,pay_91075580,unauthorized_transaction,713.26,2026-10-08,False,False,True,True,True,True,False,False,False,True,True,False
D001634,pay_68366750,unauthorized_transaction,7152.97,2026-07-24,True,,True,True,False,,True,,,,False,True
D001140,pay_89069920,unauthorized_transaction,3484.76,2026-04-25,False,False,,,True,True,,True,False,True,True,True
D002231,pay_09527038,unauthorized_transaction,4991.64,2026-07-28,,False,True,True,False,False,False,True,,True,True,False
D003539,pay_06142237,unauthorized_transaction,5491.58,2026-08-09,True,True,,False,False,True,True,False,True,True,True,False
D005628,pay_67719513,item_not_received,1783.68,2026-10-14,True,False,True,,True,True,True,False,False,True,True,True
D002638,pay_41154105,unauthorized_transaction,4253.75,2026-02-03,True,True,False,False,True,True,True,False,False,False,,True
D002092,pay_44558562,duplicate_charge,7194.67,2026-08-22,True,True,True,True,,False,,False,,False,False,True
D001253,pay_77131954,item_not_as_described,7632.89,2026-01-03,False,True,False,True,True,,True,,True,False,False,True
D003532,pay_02822268,item_not_as_described,2167.71,2026-01-24,True,False,,False,False,True,,False,True,True,False,False
D005928,pay_24484731,item_not_as_described,6433.46,2026-03-18,True,True,True,,False,False,,,True,False,False,True
D002488,pay_99126206,duplicate_charge,910.59,2026-08-20,True,True,False,True,,,,True,True,False,False,False
D005442,pay_38829528,unauthorized_transaction,6711.83,2026-03-07,True,False,True,,True,True,True,True,False,,True,False
D004898,pay_31164606,item_not_received,1665.85,2026-03-08,False,False,True,False,,False,True,,False,,,False
D004855,pay_04146921,item_not_as_described,5573.88,2026-10-25,,False,False,False,False,True,True,False,True,,,True
D005468,pay_67277457,item_not_received,7134.44,2026-10-13,False,True,True,True,False,True,True,False,False,True,,True
D003201,pay_99285193,unauthorized_transaction,1941.62,2026-05-29,True,True,True,False,True,False,False,False,False,False,True,True
D003771,pay_71961569,item_not_received,1932.43,2026-01-25,False,False,True,True,True,True,False,True,True,True,,True
D000708,pay_83942023,unauthorized_transaction,1719.15,2026-08-11,True,False,False,True,True,True,,False,True,True,True,True
D002033,pay_57409579,duplicate_charge,5795.02,2026-10-02,False,False,,False,False,True,False,False,False,False,,False
D000680,pay_78028056,unauthorized_transaction,7564.99,2026-10-26,False,,True,False,True,False,True,False,True,False,False,False
D005417,pay_54517129,item_not_received,3666.34,2026-05-16,False,True,True,True,False,,True,False,False,,True,True
D004890,pay_75730249,item_not_as_described,4148.17,2026-04-30,True,True,False,True,True,False,,True,,False,True,True
D002965,pay_99630193,unauthorized_transaction,4176.82,2026-06-04,False,False,False,False,False,False,False,True,False,,,True
D002050,pay_21648495,duplicate_charge,7065.13,2026-05-21,True,False,False,False,True,False,False,False,False,True,False,True
D002784,pay_20415252,unauthorized_transaction,3318.84,2026-05-17,True,,True,,False,False,False,True,,,True,True
D000987,pay_01550868,item_not_received,3013.46,2026-07-27,False,,False,False,True,False,False,False,,True,True,True
D004255,pay_65331425,unauthorized_transaction,3236.79,2026-08-26,False,True,True,True,False,True,True,True,False,False,True,False
D004631,pay_03698747,item_not_as_described,6868.58,2026-07-19,True,False,False,True,True,False,False,False,False,,False,True
D000390,pay_26156080,unauthorized_transaction,3361.2,2026-09-20,True,True,True,True,,True,True,True,True,,False,False
D003989,pay_24333241,unauthorized_transaction,7739.9,2026-10-24,True,True,True,True,True,False,True,,,True,False,True
D002921,pay_06288757,duplicate_charge,2066.09,2026-10-21,False,False,,False,,False,False,True,True,True,True,False
D000009,pay_04835614,item_not_received,7260.25,2026-10-08,,False,False,False,True,,True,True,False,False,False,True
D003990,pay_72608424,duplicate_charge,325.28,2026-08-13,True,True,False,False,True,False,True,True,True,False,True,True
D000726,pay_72172475,unauthorized_transaction,7019.88,2026-08-18,,False,False,True,False,False,False,True,False,False,False,True
D003522,pay_65876008,item_not_received,6661.1,2026-03-11,,False,False,True,,True,True,False,False,False,False,False
D000629,pay_35501578,unauthorized_transaction,3348.41,2026-06-29,False,True,True,False,,True,,False,True,False,True,False
D004518,pay_43677734,duplicate_charge,2945.34,2026-10-15,False,,,,True,True,False,True,False,False,,True
D000207,pay_75982862,item_not_received,6528.79,2026-08-12,False,True,True,True,True,True,False,False,False,True,False,True
D001841,pay_89426305,duplicate_charge,5707.9,2026-07-04,False,True,False,False,True,,True,False,,True,True,False
D001835,pay_77834043,unauthorized_transaction,2069.69,2026-03-26,False,False,False,False,True,True,,False,True,True,,False
D001756,pay_89904498,item_not_received,4551.29,2026-09-18,False,,True,True,False,True,True,True,True,,True,True
D000774,pay_01027311,duplicate_charge,3896.79,2026-04-09,False,True,True,False,False,False,True,True,False,,True,False
D003917,pay_44664137,item_not_as_described,586.79,2026-10-23,False,True,,False,False,True,False,False,True,False,True,True
D000175,pay_77596783,unauthorized_transaction,772.92,2026-09-01,False,,False,False,False,False,False,False,,False,False,True
D005709,pay_75939371,item_not_received,3962.05,2026-08-13,False,False,True,False,True,False,True,True,True,,,True
D001593,pay_61613408,item_not_as_described,3019.71,2026-06-08,True,True,True,False,True,True,False,False,True,False,False,True
D003521,pay_65537430,item_not_received,3878.32,2026-05-20,False,True,True,False,True,False,,True,True,False,True,True
D001403,pay_11582011,unauthorized_transaction,1451.82,2026-07-30,True,False,False,False,False,False,,True,True,False,True,False
D004654,pay_31816119,duplicate_charge,1410.54,2026-01-24,,False,False,True,False,False,True,False,False,True,False,False
D004959,pay_45218032,item_not_as_described,1844.2,2026-02-28,False,True,False,False,True,True,False,False,True,True,,True
D000022,pay_09553585,item_not_as_described,5713.0,2026-08-22,False,True,True,False,True,True,True,True,False,False,True,True
D001725,pay_99476758,duplicate_charge,2980.16,2026-01-14,True,,False,False,True,False,True,True,False,True,,True
D004748,pay_35189140,unauthorized_transaction,5739.81,2026-09-15,False,True,False,True,True,False,,True,,False,False,True
D003329,pay_97188922,item_not_received,7210.98,2026-02-04,True,False,False,False,True,,True,False,True,True,,False
D001296,pay_25975428,duplicate_charge,1879.72,2026-09-07,True,False,,True,True,False,False,True,True,True,,True
D002490,pay_81019608,duplicate_charge,7549.67,2026-02-17,False,True,False,,True,True,True,True,False,True,,True
D004856,pay_52893738,duplicate_charge,4640.21,2026-10-04,,,False,True,True,True,False,True,,True,,False
D005550,pay_90867691,duplicate_charge,818.64,2026-02-08,True,True,True,,False,True,False,False,True,True,True,False
D003996,pay_95151982,duplicate_charge,4200.93,2026-03-18,False,False,True,True,True,False,True,False,False,True,,False
D000840,pay_67504319,item_not_as_described,5760.22,2026-03-24,False,False,False,True,True,True,False,False,True,True,False,False
D004285,pay_97741321,unauthorized_transaction,386.03,2026-03-31,False,True,True,False,False,,False,True,True,False,False,False
D002384,pay_58066393,item_not_as_described,6746.2,2026-03-29,True,True,False,False,True,True,True,True,True,,False,True
D002849,pay_86661149,duplicate_charge,5408.44,2026-03-08,True,False,,,False,True,True,True,False,True,False,True
D000877,pay_33476524,duplicate_charge,3777.4,2026-09-09,True,,True,False,False,True,True,False,True,True,False,False
D002640,pay_76811596,duplicate_charge,368.51,2026-07-22,,True,,True,True,True,False,True,True,True,False,True
D000678,pay_94065560,item_not_received,6594.16,2026-08-31,False,True,False,False,True,True,True,True,True,,True,True
D005036,pay_54922652,item_not_as_described,935.72,2026-08-17,True,True,True,,True,True,False,False,True,False,True,False
D000244,pay_04028892,unauthorized_transaction,376.17,2026-07-04,True,False,True,True,True,False,True,True,False,True,,True
D002707,pay_62496855,item_not_received,2387.57,2026-04-17,,False,True,True,False,False,,True,,False,True,False
D003219,pay_34754840,item_not_as_described,4331.88,2026-06-01,False,False,True,False,True,True,False,False,True,False,False,True
D001457,pay_98350818,item_not_as_described,2185.17,2026-04-01,False,True,False,True,False,,True,True,True,True,False,False
D001689,pay_38953379,item_not_received,896.9,2026-03-08,True,True,True,True,True,True,False,True,True,True,True,True
D002740,pay_25811563,unauthorized_transaction,7013.63,2026-06-21,False,,True,False,True,False,,,False,False,False,False
D001036,pay_50212465,item_not_received,3757.92,2026-10-05,,False,True,True,True,,False,False,False,False,True,True
D000048,pay_80859912,unauthorized_transaction,3568.65,2026-08-10,False,True,True,,False,False,True,False,True,True,,True
D004646,pay_35137040,item_not_as_described,7514.31,2026-10-12,False,True,False,True,True,True,False,False,True,True,True,True
D001463,pay_00400313,item_not_received,1898.32,2026-02-01,False,False,,,,False,False,False,False,False,True,False
D003006,pay_56919538,unauthorized_transaction,4021.11,2026-04-09,True,False,True,False,True,True,False,,False,True,False,False
D003338,pay_06583914,item_not_received,3817.06,2026-10-15,True,,False,True,False,False,,,True,False,False,True
D002671,pay_40172899,item_not_as_described,768.27,2026-07-12,False,False,False,False,True,,False,True,True,False,False,True
D000999,pay_35088272,item_not_received,3690.8,2026-08-08,True,False,True,,False,True,True,,False,False,True,True
D002237,pay_47401243,item_not_as_described,6848.65,2026-02-06,False,True,False,False,True,True,False,True,False,True,,False
D005503,pay_10909174,duplicate_charge,1821.59,2026-06-25,True,False,True,True,,True,False,True,False,True,True,True
D005790,pay_13622728,item_not_as_described,3572.5,2026-08-04,True,,False,True,True,True,,True,False,True,False,False
D003804,pay_77832867,unauthorized_transaction,2189.56,2026-03-13,,True,True,False,True,True,True,True,False,False,True,True
D004900,pay_10557381,duplicate_charge,1651.87,2026-10-07,True,False,True,True,True,False,True,,True,False,False,True
D002223,pay_74946753,item_not_received,6638.58,2026-02-10,False,True,True,False,False,False,True,False,False,,True,True
D003368,pay_53702580,unauthorized_transaction,6503.81,2026-06-09,True,False,,False,False,True,True,False,True,True,False,False
D003375,pay_57322600,unauthorized_transaction,7707.63,2026-07-21,True,False,True,False,False,True,False,True,True,,False,False
D003894,pay_82424685,item_not_received,5049.33,2026-07-19,False,True,True,,False,False,True,False,True,True,,False
D002802,pay_27654692,item_not_as_described,7956.32,2026-09-27,,True,True,True,,True,True,True,,False,,True
D005755,pay_81135628,item_not_as_described,2848.66,2026-08-09,False,True,False,True,,False,False,True,False,False,False,False
D003042,pay_05628906,unauthorized_transaction,2055.04,2026-07-14,True,True,False,True,False,True,True,False,True,True,True,True
D001047,pay_40518712,duplicate_charge,1542.56,2026-04-07,False,True,False,True,True,,True,False,,False,False,False
D004086,pay_59604008,item_not_received,1644.79,2026-06-04,False,True,False,False,True,True,True,True,True,True,True,False
D003868,pay_50447276,item_not_received,1696.24,2026-05-23,True,False,True,,False,False,True,True,False,True,True,True
D002486,pay_57872739,unauthorized_transaction,1272.13,2026-05-04,True,True,False,True,True,False,True,True,True,True,False,True
D002654,pay_57667204,duplicate_charge,2335.85,2026-04-03,True,False,True,,False,True,,True,False,False,True,False
D000485,pay_89746613,unauthorized_transaction,7685.98,2026-01-13,True,True,True,True,True,True,False,,True,False,False,True
D002675,pay_90735195,item_not_as_described,1966.73,2026-07-15,,False,True,,False,False,False,False,False,,True,False
D000388,pay_89705272,item_not_as_described,5770.55,2026-08-26,True,False,True,False,True,,,False,False,True,False,False
D000522,pay_45954851,unauthorized_transaction,7577.67,2026-02-25,True,True,True,True,True,True,False,,True,,False,True
D004501,pay_61230121,duplicate_charge,7103.14,2026-03-26,False,,False,True,True,False,,,,False,True,True
D005905,pay_56376683,item_not_as_described,5847.37,2026-02-06,True,False,True,True,,True,True,False,True,,,True
D005452,pay_40856440,unauthorized_transaction,6654.96,2026-04-01,True,True,,False,False,True,True,True,False,False,True,False
D002828,pay_83920663,duplicate_charge,6213.97,2026-05-10,False,True,,True,,False,True,True,True,,False,False
D000815,pay_90375178,item_not_as_described,316.94,2026-08-07,True,True,False,True,True,,True,True,False,True,,False
D001145,pay_17089237,duplicate_charge,1894.04,2026-06-17,True,True,False,False,True,True,True,True,True,True,False,True
D001827,pay_10180858,item_not_as_described,6021.84,2026-06-21,True,False,False,True,,False,True,,True,,True,False
D001401,pay_15146261,item_not_received,5286.04,2026-03-28,True,True,False,False,False,True,True,True,True,True,False,True
D000675,pay_23213842,item_not_as_described,2462.73,2026-08-29,True,False,True,False,True,True,True,True,True,True,True,True
D000407,pay_84092385,item_not_as_described,2251.38,2026-01-07,True,True,False,True,False,False,False,False,True,True,True,False
D004092,pay_20639492,duplicate_charge,5203.35,2026-07-18,,,True,,False,True,False,,,True,False,True
D001707,pay_45066356,item_not_received,6915.54,2026-06-26,,True,True,False,,,True,True,False,,True,True
D000347,pay_02705048,item_not_as_described,5716.87,2026-08-02,True,False,True,False,False,,,False,True,False,True,True
D000015,pay_40079111,unauthorized_transaction,3972.74,2026-07-01,True,True,True,False,True,True,True,True,True,,False,False
D000012,pay_54502486,item_not_received,5039.46,2026-06-05,True,True,True,False,True,True,False,True,True,True,False,True
D005712,pay_14249905,item_not_received,3568.57,2026-07-10,False,,False,False,False,,False,,True,False,False,False
D003523,pay_03020562,item_not_received,4556.17,2026-06-16,,True,False,False,,True,True,,True,True,False,False
D000556,pay_58767285,item_not_as_described,2585.13,2026-07-05,True,False,True,False,,False,True,True,True,False,True,False
D002562,pay_00862056,item_not_received,4622.98,2026-01-04,False,False,False,,False,True,,True,False,False,,False
D000536,pay_16658677,unauthorized_transaction,5381.28,2026-02-27,True,False,False,True,False,False,False,False,True,True,True,True
D001238,pay_61004877,item_not_as_described,3079.76,2026-05-19,,True,False,True,False,,True,False,True,,False,True
D003470,pay_72330236,unauthorized_transaction,4157.47,2026-03-26,True,False,False,True,False,False,False,True,,False,True,True
D001383,pay_01748951,duplicate_charge,6650.14,2026-05-19,False,,True,,False,False,,False,True,,True,True
D003914,pay_68014559,item_not_received,3702.91,2026-08-14,True,True,True,False,True,False,False,False,True,False,True,True
D003165,pay_38671506,item_not_as_described,4865.65,2026-07-14,False,True,,False,False,True,False,False,,True,True,False
D004183,pay_06927346,item_not_as_described,1231.08,2026-01-22,False,True,False,False,True,False,False,True,False,False,True,False
D004153,pay_31968149,unauthorized_transaction,1526.54,2026-02-02,True,,,True,False,True,True,False,True,False,False,True
D001544,pay_63860678,unauthorized_transaction,6457.59,2026-05-01,True,True,False,True,,True,True,,True,True,True,True
D003842,pay_89318054,unauthorized_transaction,348.62,2026-08-26,True,True,,True,False,True,True,True,True,False,,True
D004116,pay_01143511,item_not_received,1764.66,2026-05-13,False,True,,False,True,,True,True,True,True,True,True
D000681,pay_90539495,item_not_as_described,5419.49,2026-02-15,False,False,,True,False,,False,False,True,True,False,False
D004467,pay_41366411,duplicate_charge,1687.56,2026-02-10,True,False,False,,False,False,False,False,True,True,True,True
D003001,pay_42173089,item_not_received,6675.54,2026-09-11,False,False,False,True,True,True,,True,False,False,False,False
D000521,pay_72429164,unauthorized_transaction,3064.42,2026-06-18,True,False,False,True,False,True,,False,,,True,True
D002454,pay_67143691,duplicate_charge,1602.99,2026-03-11,True,True,True,True,,False,,True,True,True,False,False
D001637,pay_74673191,unauthorized_transaction,5576.64,2026-07-26,True,True,False,True,,True,False,,False,,,True
D001088,pay_41456118,duplicate_charge,910.96,2026-09-08,False,False,False,False,True,False,,True,False,True,False,True
D001329,pay_20086148,unauthorized_transaction,7208.66,2026-06-14,,True,True,True,True,False,True,True,,False,True,True
D002113,pay_39153450,item_not_as_described,3043.2,2026-09-26,False,,True,False,False,True,,True,False,False,True,True
D004679,pay_41742701,duplicate_charge,1489.84,2026-03-16,False,,False,False,True,True,,True,,False,False,True
D005037,pay_19162547,duplicate_charge,3941.66,2026-01-23,,True,False,True,True,,True,True,,False,True,False
D002273,pay_36208585,unauthorized_transaction,4273.82,2026-07-16,False,True,,,False,False,True,True,False,True,True,True
D004628,pay_71047520,item_not_received,4765.58,2026-09-25,False,True,False,True,False,True,True,False,False,False,False,True
D004506,pay_18132677,duplicate_charge,7130.69,2026-04-17,False,,True,,False,True,,True,True,True,True,False
D004766,pay_44621973,item_not_received,3083.31,2026-08-30,False,False,True,,True,False,True,True,False,True,True,True
D004003,pay_58182193,unauthorized_transaction,813.91,2026-06-19,,True,False,True,True,False,True,True,True,False,True,True
D003205,pay_63258351,item_not_received,7891.38,2026-10-17,False,True,False,,True,True,False,False,False,True,True,True
D000851,pay_28673093,item_not_as_described,1950.87,2026-02-14,False,,False,False,False,False,False,True,False,,True,False
D001178,pay_64030044,item_not_received,1419.48,2026-06-18,,False,True,False,False,True,True,,True,True,,True
D003322,pay_72332551,item_not_as_described,6685.17,2026-05-04,False,False,True,False,False,True,True,,,False,False,True
D005634,pay_64635984,item_not_as_described,2941.3,2026-07-31,False,True,False,False,True,False,,False,True,True,True,False
D005508,pay_08022108,unauthorized_transaction,4501.04,2026-06-06,True,True,False,True,False,True,True,False,False,,True,True
D003299,pay_81465228,unauthorized_transaction,7111.35,2026-10-27,True,,False,True,False,False,False,True,True,False,False,True
D002065,pay_44202922,item_not_received,2990.24,2026-07-21,False,True,False,False,,True,True,False,False,False,True,False
D000429,pay_48444321,item_not_received,5491.39,2026-06-06,True,False,True,True,True,True,False,True,True,False,False,False
D005854,pay_11874791,duplicate_charge,5023.42,2026-01-28,False,True,,False,False,True,False,False,False,False,False,True
D000821,pay_19787684,unauthorized_transaction,7389.09,2026-07-09,True,True,True,True,,,True,True,,False,True,True
D003473,pay_80210631,duplicate_charge,4502.69,2026-02-21,False,True,True,True,True,True,,True,True,True,,False
D005058,pay_41381738,duplicate_charge,7533.6,2026-05-31,True,False,False,False,,False,True,,True,False,False,False
D004259,pay_67701290,duplicate_charge,840.78,2026-01-24,True,True,False,False,,False,False,True,True,False,True,True
D002026,pay_00502052,duplicate_charge,3258.21,2026-07-23,True,True,False,False,True,True,,,True,True,False,False
D002035,pay_22658722,duplicate_charge,7008.12,2026-01-26,False,True,False,True,True,False,,,,False,False,True
D005697,pay_67525166,item_not_received,4695.94,2026-03-30,False,False,False,True,False,True,False,,True,False,True,False
D002946,pay_85142608,item_not_received,2806.62,2026-09-26,False,,False,True,True,,,True,False,True,True,True
D000201,pay_25338291,duplicate_charge,2537.54,2026-08-09,True,True,True,,,True,False,,True,True,True,True
D005020,pay_46025992,item_not_received,2541.3,2026-08-17,True,True,,,False,True,True,True,True,False,False,True
D001983,pay_34245448,item_not_as_described,5141.18,2026-08-03,True,False,True,True,False,False,True,True,True,True,False,True
D004660,pay_66556773,duplicate_charge,6030.84,2026-10-08,False,False,True,,True,True,True,False,True,False,,False
D001566,pay_95669579,item_not_received,7732.16,2026-08-10,,True,,True,False,False,False,True,True,False,False,True
D003211,pay_05305409,unauthorized_transaction,1251.25,2026-01-12,,True,False,True,False,True,True,True,False,True,True,True
D004459,pay_80909322,unauthorized_transaction,7390.2,2026-01-31,True,,False,False,True,False,True,False,False,True,False,False
D005829,pay_08512024,unauthorized_transaction,3512.96,2026-06-14,True,True,False,False,False,,,False,True,True,True,True
D004113,pay_14689441,item_not_as_described,4480.6,2026-08-10,False,,False,False,True,True,False,True,True,False,,True
D005469,pay_31361476,item_not_received,6641.75,2026-02-20,False,,,True,False,False,False,False,False,False,False,False
D005410,pay_87072989,item_not_as_described,3417.3,2026-02-18,True,False,True,False,False,True,False,True,False,False,True,True
D000389,pay_87974419,unauthorized_transaction,1207.21,2026-05-25,False,True,,,True,True,False,True,False,True,False,True
D001945,pay_62089613,item_not_received,2725.14,2026-05-14,True,True,True,False,True,True,True,True,False,False,False,False
D004372,pay_45211481,item_not_received,5768.93,2026-10-11,False,False,False,,True,False,False,False,True,True,True,True
D005268,pay_57031493,unauthorized_transaction,7385.68,2026-02-23,True,True,True,,True,True,False,False,False,,False,True
D005285,pay_74227960,unauthorized_transaction,3401.28,2026-08-03,False,True,True,False,False,False,False,,False,False,False,True
D000451,pay_70471123,unauthorized_transaction,4469.31,2026-07-27,True,,,False,True,,True,,,True,False,False
D005864,pay_40387262,duplicate_charge,611.01,2026-06-01,,True,False,True,True,True,False,False,False,True,True,False
D004160,pay_05730062,unauthorized_transaction,4456.97,2026-09-15,True,,,True,False,True,False,True,True,True,False,True
D002985,pay_74464519,item_not_as_described,6496.25,2026-07-15,,True,False,True,False,True,True,True,False,True,True,True
D002729,pay_07398448,item_not_received,2368.9,2026-09-15,True,True,True,False,True,False,False,,True,True,True,True
D000464,pay_90168928,duplicate_charge,1601.47,2026-05-31,False,False,False,False,True,False,False,False,True,,False,False
D001787,pay_01057635,item_not_received,704.92,2026-02-07,True,False,True,False,,False,False,True,False,False,True,True
D003402,pay_15345990,item_not_as_described,5719.66,2026-01-22,False,True,False,True,True,False,False,True,True,False,True,True
D003934,pay_86693566,item_not_as_described,1628.58,2026-10-13,False,False,True,False,False,,False,True,True,False,False,False
D005409,pay_40810678,item_not_as_described,527.9,2026-06-19,,True,,False,True,True,False,True,True,True,False,True
D004914,pay_78104975,item_not_as_described,6234.15,2026-06-19,,True,False,False,True,False,,True,True,False,False,True
D005844,pay_89195787,item_not_received,3485.01,2026-09-11,False,True,True,True,False,True,False,True,True,True,True,False
D005275,pay_01613584,item_not_received,4081.84,2026-07-19,False,False,False,,False,False,True,False,True,True,,True
D004435,pay_04174635,unauthorized_transaction,1245.55,2026-05-23,True,True,True,False,False,True,False,,,True,True,True
D002687,pay_60177825,item_not_as_described,2844.8,2026-04-05,True,False,False,,False,True,True,True,True,,True,True
D004564,pay_47273215,item_not_received,3746.94,2026-02-14,False,True,True,True,,True,,False,True,,,False
D001274,pay_49316885,unauthorized_transaction,6564.73,2026-02-01,True,,False,,,True,,True,True,,True,True
D003945,pay_65209843,item_not_as_described,4657.38,2026-07-12,False,True,True,True,False,False,False,True,True,False,False,True
D005238,pay_55586372,item_not_as_described,7139.31,2026-02-11,False,,False,True,True,False,False,True,,True,False,True
D000326,pay_81407521,unauthorized_transaction,861.19,2026-07-12,False,False,,True,False,False,True,True,False,True,True,True
D002645,pay_43753504,duplicate_charge,5789.0,2026-05-04,,True,False,,False,,,,False,True,True,False
D001666,pay_88722836,unauthorized_transaction,2420.46,2026-02-16,True,True,False,True,True,False,True,True,False,False,True,True
D003326,pay_92907129,item_not_received,3851.57,2026-07-03,True,True,,,False,False,False,True,False,,,True
D001648,pay_46499638,item_not_received,1397.18,2026-01-15,False,False,False,False,True,False,,False,False,,False,False
D001260,pay_83788326,item_not_as_described,7346.99,2026-08-15,True,,,True,False,True,True,True,False,False,False,False
D005403,pay_72531246,duplicate_charge,5907.5,2026-09-13,False,False,,True,False,False,False,True,True,False,,True
D001050,pay_21479183,item_not_as_described,1090.36,2026-05-26,True,True,False,True,False,False,False,False,True,True,False,False
D001086,pay_20709689,unauthorized_transaction,7924.73,2026-02-08,True,True,True,False,,False,False,False,False,,True,True
D001736,pay_32636940,duplicate_charge,7622.0,2026-09-08,True,True,,True,False,False,True,False,False,True,,False
D001332,pay_67897726,item_not_received,6839.06,2026-05-09,False,True,False,False,True,False,False,True,True,False,True,False
D000298,pay_38470165,item_not_received,4059.59,2026-07-07,,True,False,False,True,,False,True,True,False,False,False
D001904,pay_89460221,item_not_as_described,4832.83,2026-06-25,False,True,False,,False,False,False,False,False,True,,False
D005573,pay_72943293,item_not_received,1308.01,2026-10-14,False,True,True,False,,False,True,True,False,True,True,True
D004673,pay_42509502,unauthorized_transaction,2917.56,2026-03-23,True,True,True,True,True,False,False,False,False,True,False,True
D002204,pay_39817392,item_not_as_described,6008.14,2026-03-29,False,False,True,False,True,False,False,,False,False,True,False
D003131,pay_17371752,item_not_received,4788.47,2026-05-07,False,True,False,False,False,False,True,False,False,True,False,True
D004927,pay_34191665,item_not_received,7940.75,2026-09-01,,True,False,True,,False,,False,,False,True,True
D003734,pay_94421707,item_not_as_described,2641.49,2026-09-28,True,True,False,False,False,True,True,False,True,,,True
D004974,pay_79593606,duplicate_charge,5985.98,2026-06-27,True,True,,True,,False,True,False,,False,False,False
D003654,pay_22081014,duplicate_charge,5321.94,2026-08-09,False,True,True,False,False,False,,False,True,,True,True
D004881,pay_37779884,item_not_as_described,4118.38,2026-01-18,False,False,,False,True,False,,False,True,True,False,True
D000058,pay_52953249,duplicate_charge,5509.99,2026-07-15,True,True,False,False,True,False,False,True,True,False,,True
D005967,pay_92550757,unauthorized_transaction,437.46,2026-05-02,True,True,True,True,,False,False,False,True,,False,True
D000623,pay_16864487,item_not_as_described,380.35,2026-10-01,False,True,False,True,True,False,False,False,,,True,False
D002779,pay_27280811,duplicate_charge,6775.35,2026-05-27,,True,True,False,,False,True,,,True,False,True
D004413,pay_32876606,unauthorized_transaction,3443.01,2026-03-19,False,,False,False,True,False,True,,True,False,,True
D004557,pay_92103906,duplicate_charge,3492.67,2026-08-23,,False,True,False,True,,False,True,False,False,False,False
D004408,pay_36493863,unauthorized_transaction,6054.08,2026-01-28,False,True,False,True,True,True,False,False,False,False,False,True
D002093,pay_95550823,duplicate_charge,7835.33,2026-06-20,False,False,True,True,True,False,True,,False,True,True,False
D000507,pay_35125720,unauthorized_transaction,4055.82,2026-05-29,True,False,True,False,True,,False,True,False,False,True,False
D005103,pay_95010544,item_not_received,1842.57,2026-04-15,True,False,False,False,True,False,False,False,True,False,,False
D001435,pay_33748247,item_not_as_described,5621.98,2026-03-11,False,False,False,,True,True,True,False,True,True,,True
D004806,pay_29618194,item_not_received,1831.87,2026-06-28,False,True,True,True,False,False,True,True,,,True,False
D002925,pay_19129445,unauthorized_transaction,3979.72,2026-08-15,False,True,True,True,True,True,True,False,,False,True,True
D005682,pay_33502514,duplicate_charge,1269.31,2026-10-25,,False,False,False,False,True,True,False,True,True,True,False
D000711,pay_17120677,unauthorized_transaction,3661.19,2026-04-22,True,True,False,True,True,False,False,True,False,False,False,True
D000333,pay_57384680,duplicate_charge,510.56,2026-08-12,False,,False,True,False,False,,False,False,False,False,False
D000651,pay_52439278,duplicate_charge,1549.47,2026-03-05,True,True,True,,False,False,True,False,False,,False,True
D003449,pay_41149954,item_not_received,1986.69,2026-10-02,True,False,False,False,False,True,True,False,False,True,True,True
D004672,pay_13710375,unauthorized_transaction,5451.58,2026-07-10,True,False,,,True,,True,True,,True,True,True
D003778,pay_48588612,item_not_received,6072.95,2026-07-18,True,True,True,True,False,False,True,False,True,True,True,True
D004904,pay_06442050,duplicate_charge,3139.42,2026-09-01,False,True,False,False,True,True,True,True,True,True,True,True
D000544,pay_94566697,item_not_as_described,5070.47,2026-08-20,,False,,True,True,False,False,False,False,False,False,True
D004207,pay_25211563,unauthorized_transaction,3725.51,2026-09-19,False,True,True,True,False,True,False,False,False,,False,True
D004993,pay_85853078,duplicate_charge,7762.17,2026-04-12,True,,False,False,True,True,False,True,False,True,,False
D005657,pay_38620897,item_not_as_described,4278.42,2026-09-15,,True,False,False,True,False,False,,True,,True,True
D000537,pay_03325002,item_not_as_described,4038.41,2026-01-27,True,True,False,False,,True,False,True,,False,,False
D005933,pay_16809820,item_not_received,6270.94,2026-06-23,True,False,True,False,False,True,,False,False,False,True,True
D001291,pay_00358178,duplicate_charge,1567.5,2026-06-17,True,,True,False,True,False,False,False,,True,True,False
D000929,pay_56995399,unauthorized_transaction,2494.36,2026-04-27,True,,False,,False,False,False,False,True,True,True,True
D002054,pay_36717563,item_not_as_described,3606.18,2026-04-21,False,True,True,True,True,,True,False,True,False,False,True
D005433,pay_66891683,unauthorized_transaction,6078.3,2026-06-21,False,False,False,True,False,,,True,False,,,True
D003484,pay_81409407,duplicate_charge,3572.28,2026-09-30,False,True,False,False,True,False,True,False,False,False,,True
D000946,pay_62099851,item_not_received,3622.5,2026-07-09,False,True,False,True,,False,True,True,True,False,False,False
D003094,pay_00407763,duplicate_charge,972.34,2026-01-06,False,False,,False,True,,,True,False,,False,True
D001176,pay_61581908,unauthorized_transaction,606.85,2026-08-03,True,False,False,,True,False,True,True,False,,False,True
D001828,pay_17891612,unauthorized_transaction,6345.59,2026-05-17,False,False,False,False,,False,False,False,False,False,True,True
D005406,pay_12032608,item_not_as_described,7559.86,2026-09-04,True,,True,False,,,True,True,True,False,True,True
D002421,pay_82835915,duplicate_charge,2663.18,2026-08-20,,True,True,True,False,True,True,True,False,False,False,True
D005687,pay_21203712,duplicate_charge,4027.52,2026-05-18,,False,False,True,False,False,,False,False,,True,False
D003031,pay_62279900,duplicate_charge,6500.56,2026-03-22,True,True,False,True,True,True,True,False,False,True,True,True
D004456,pay_84446632,item_not_received,2478.4,2026-07-22,False,True,True,False,,False,True,True,True,True,,True
D004536,pay_25026891,item_not_as_described,6203.61,2026-01-10,True,False,True,False,True,False,True,True,True,False,,True
D002134,pay_60968295,item_not_as_described,1262.53,2026-05-24,True,True,True,True,,,False,True,,False,False,True
D000541,pay_93243219,unauthorized_transaction,1250.23,2026-10-14,True,True,,True,True,True,True,True,False,True,False,False
D004582,pay_77187192,unauthorized_transaction,1187.85,2026-09-13,True,False,False,False,True,False,False,True,True,False,False,True
D001906,pay_54659370,item_not_received,2597.95,2026-01-29,False,False,True,True,True,True,True,True,False,False,False,True
D002539,pay_29567290,unauthorized_transaction,5277.63,2026-06-01,,False,False,False,True,True,False,False,True,True,False,False
D004987,pay_32634592,item_not_as_described,1498.76,2026-09-19,True,,True,False,True,False,,True,False,True,True,False
D003582,pay_09980039,item_not_received,5780.45,2026-01-23,,True,True,True,False,False,True,True,False,True,True,True
D003254,pay_72761675,unauthorized_transaction,7368.51,2026-08-19,False,False,False,True,True,True,False,True,,False,True,False
D002128,pay_13904151,unauthorized_transaction,2677.11,2026-02-06,,True,False,True,False,True,False,False,,,False,True
D000421,pay_53609010,item_not_received,3237.22,2026-03-19,True,False,True,False,True,True,True,False,False,True,False,True
D001411,pay_96009861,item_not_received,4405.74,2026-04-20,True,True,True,False,False,False,True,True,False,False,True,True
D000951,pay_12629912,item_not_received,7724.54,2026-04-17,False,True,False,False,False,False,False,True,,False,True,False
D000270,pay_28154362,duplicate_charge,4014.8,2026-03-17,False,True,True,True,True,False,,True,True,True,False,True
D002835,pay_18012574,item_not_received,1873.37,2026-09-03,True,False,True,True,,False,True,False,False,False,True,True
D001183,pay_92281954,duplicate_charge,5849.39,2026-01-14,True,True,False,True,True,True,False,False,True,False,False,True
D002143,pay_42591879,item_not_received,1703.51,2026-02-21,False,False,True,False,False,True,False,True,True,False,True,False
D002603,pay_71414211,duplicate_charge,3148.32,2026-03-02,False,True,True,False,False,True,False,True,True,False,True,True
D003826,pay_81378809,unauthorized_transaction,6828.99,2026-04-20,True,,True,True,False,True,True,True,True,True,True,True
D002735,pay_51086191,item_not_as_described,7620.89,2026-07-30,,True,True,True,True,,True,False,True,False,False,False
D002941,pay_42967989,unauthorized_transaction,1584.36,2026-09-27,False,False,True,True,,False,,False,True,False,True,True
D001371,pay_96580296,item_not_received,3998.38,2026-01-02,True,False,,False,False,True,True,False,True,True,True,True
D000754,pay_89608371,unauthorized_transaction,4599.0,2026-03-02,True,False,True,True,False,False,False,True,True,False,False,True
D000454,pay_44312259,unauthorized_transaction,7483.7,2026-07-14,False,False,,False,False,True,True,True,True,False,True,True
D000487,pay_43948395,unauthorized_transaction,6162.42,2026-09-13,True,False,True,,False,True,,False,True,,True,False
D005890,pay_07647676,duplicate_charge,2331.47,2026-05-21,False,,False,,,True,,True,False,False,False,True
D003228,pay_51683217,item_not_as_described,6279.77,2026-04-13,,True,True,True,,False,False,False,False,False,True,False
D004553,pay_51727836,unauthorized_transaction,7311.76,2026-08-22,True,True,,True,,False,True,True,False,True,True,True
D005545,pay_73542195,item_not_received,2827.87,2026-10-26,,False,True,,False,True,False,True,False,True,False,True
D000224,pay_83462271,unauthorized_transaction,3936.9,2026-03-25,,True,True,True,False,False,False,True,False,True,False,True
D004015,pay_68723383,item_not_received,1687.82,2026-02-16,False,True,False,False,False,True,,False,True,,False,True
D001362,pay_21722927,item_not_as_described,5849.92,2026-04-18,False,True,,True,True,,True,False,,,True,True
D003075,pay_55051252,unauthorized_transaction,2643.17,2026-08-20,True,False,True,True,True,False,False,True,False,True,False,True
D003204,pay_94994470,item_not_as_described,5112.72,2026-08-05,False,False,False,True,True,True,,False,True,False,True,False
D003796,pay_02603863,unauthorized_transaction,7109.57,2026-03-31,False,False,False,False,True,False,True,,False,False,,False
D002466,pay_51290531,unauthorized_transaction,4176.45,2026-08-25,True,True,False,False,False,True,True,False,True,False,True,False
D004071,pay_77842425,unauthorized_transaction,7790.65,2026-09-23,True,False,True,True,True,True,True,,False,True,False,False
D005602,pay_92678158,item_not_received,3203.69,2026-02-15,True,False,False,False,False,True,True,,True,False,False,True
D003685,pay_83272911,unauthorized_transaction,7132.75,2026-03-02,True,,True,True,False,False,False,True,False,True,True,True
D003723,pay_02375164,unauthorized_transaction,975.27,2026-10-12,,True,False,True,True,True,True,True,False,,False,False
D004353,pay_14700678,unauthorized_transaction,7783.59,2026-05-02,True,False,False,True,False,,False,True,False,True,True,True
D000696,pay_74448282,item_not_received,4255.81,2026-10-07,True,,,True,True,True,False,False,,True,,True
D003164,pay_87725437,item_not_as_described,2020.63,2026-10-14,True,False,True,True,True,True,,True,True,True,True,True
D004677,pay_28793980,duplicate_charge,5342.98,2026-05-03,False,,False,True,False,False,False,True,,,True,False
D001619,pay_38007152,unauthorized_transaction,7648.56,2026-08-22,True,True,False,True,True,True,True,False,True,True,,True
D003454,pay_02532820,duplicate_charge,2044.34,2026-01-09,False,False,False,True,True,True,False,True,False,True,,True
D004089,pay_72105375,item_not_received,5615.14,2026-03-27,True,False,True,,True,False,,True,False,False,,True
D004928,pay_00710312,unauthorized_transaction,6501.17,2026-06-15,True,True,False,True,False,,False,False,False,False,False,True
D004281,pay_33577062,duplicate_charge,4461.76,2026-09-26,True,True,False,False,,,True,True,True,False,,True
D003007,pay_35427479,item_not_as_described,3579.04,2026-02-01,False,,False,,,True,,False,True,False,False,True
D001206,pay_52780947,item_not_as_described,5147.51,2026-06-23,True,False,False,True,True,False,False,True,False,True,True,False
D004330,pay_17460387,item_not_received,4428.5,2026-03-24,False,True,False,False,False,False,True,False,False,False,True,True
D004191,pay_13590594,item_not_as_described,366.58,2026-09-08,False,True,False,False,,True,False,False,False,False,True,True
D004884,pay_80806561,item_not_received,7844.88,2026-06-12,,True,False,False,False,False,False,False,False,,False,False
D001030,pay_05800590,item_not_as_described,5972.42,2026-09-10,True,False,False,False,False,True,True,,True,False,False,False
D004938,pay_00807470,item_not_as_described,5099.35,2026-10-14,True,False,True,True,False,True,,False,False,True,,False
D005435,pay_39004534,item_not_as_described,4939.47,2026-09-08,False,True,True,True,True,True,True,False,False,False,False,False
D003461,pay_05748500,item_not_as_described,3693.14,2026-09-20,,False,True,True,True,True,False,True,,False,False,False
D001225,pay_34876462,item_not_as_described,612.82,2026-01-19,False,True,True,False,True,True,False,True,False,True,,False
D001849,pay_46993293,unauthorized_transaction,796.85,2026-06-19,,False,True,False,False,False,True,True,False,False,True,False
D005803,pay_40297643,unauthorized_transaction,7416.21,2026-07-24,False,True,,True,True,False,True,False,True,False,True,True
D004812,pay_09495730,duplicate_charge,1565.76,2026-01-19,False,True,False,False,True,True,True,,False,False,False,True
D004134,pay_34823185,item_not_received,1312.98,2026-04-06,,,True,False,False,True,False,False,False,True,False,True
D005486,pay_20952098,unauthorized_transaction,7279.6,2026-04-19,True,True,False,,True,,False,False,False,True,True,True
D000676,pay_29813647,item_not_as_described,5975.2,2026-06-01,True,,True,True,True,True,,False,True,True,False,True
D002909,pay_91929437,unauthorized_transaction,7072.84,2026-07-05,False,False,,False,False,True,False,False,,,False,False
D001495,pay_25742829,unauthorized_transaction,4845.67,2026-09-04,False,True,True,,True,True,False,True,True,True,True,True
D002807,pay_76247814,duplicate_charge,477.25,2026-07-24,False,False,True,True,,True,False,False,False,True,True,False
D005658,pay_41585695,duplicate_charge,5936.37,2026-02-15,True,False,False,True,,False,False,,True,True,False,True
D001305,pay_24279710,duplicate_charge,332.71,2026-06-12,True,,True,False,True,,True,,False,True,False,True
D000127,pay_79134873,unauthorized_transaction,3116.8,2026-04-26,False,True,,False,,True,True,True,False,False,True,False
D001545,pay_45463883,item_not_as_described,1021.88,2026-09-28,True,True,True,,True,False,False,True,True,True,,True
D005056,pay_83463388,item_not_as_described,7040.76,2026-04-09,True,False,False,,False,False,True,True,True,True,,True
D003860,pay_86712125,duplicate_charge,4157.87,2026-04-28,True,,True,,True,False,True,False,False,True,False,False
D001169,pay_34188536,unauthorized_transaction,1239.85,2026-02-12,True,True,False,True,,True,False,False,,False,True,True
D002500,pay_91977950,item_not_received,5244.81,2026-03-27,False,True,False,False,False,True,,True,True,False,True,False
D001883,pay_80940943,item_not_received,7206.96,2026-04-04,True,True,,False,True,True,,False,,True,True,True
D003788,pay_28800423,unauthorized_transaction,1891.77,2026-03-31,False,False,,False,False,True,True,True,True,,True,False
D004545,pay_18797112,duplicate_charge,3820.65,2026-07-22,True,,False,,False,True,False,False,True,False,False,False
D000498,pay_14591250,item_not_as_described,7351.81,2026-07-26,,False,False,False,False,,False,False,,False,False,True
D002712,pay_63531761,item_not_received,3073.93,2026-05-07,,,True,True,False,True,True,True,,False,False,False
D001753,pay_75216211,duplicate_charge,6055.42,2026-05-25,False,,True,True,True,,False,True,False,False,True,False
D000857,pay_86593644,duplicate_charge,4647.11,2026-09-08,True,,False,True,True,,False,True,,False,,True
D005701,pay_59161605,item_not_as_described,7821.79,2026-09-30,False,True,False,True,,True,True,False,True,False,False,True
D005215,pay_23314001,item_not_as_described,7834.58,2026-03-13,False,,True,True,True,True,,False,False,False,False,True
D005262,pay_55096780,unauthorized_transaction,6371.25,2026-07-15,,True,True,True,,False,True,False,False,True,,True
D001719,pay_79560193,item_not_received,5762.85,2026-05-19,,True,True,False,True,False,True,False,False,False,True,True
D003176,pay_06508382,unauthorized_transaction,2019.98,2026-07-18,False,False,False,False,False,,False,True,False,True,False,False
D003304,pay_63394985,unauthorized_transaction,1831.75,2026-05-23,True,,,False,True,False,,False,True,False,False,True
D001046,pay_09529942,item_not_received,1122.39,2026-09-27,False,True,False,True,False,,,True,False,True,True,True
D004678,pay_08892375,unauthorized_transaction,7122.42,2026-09-11,True,True,True,False,True,True,False,False,False,True,True,False
D005060,pay_26859654,duplicate_charge,7220.62,2026-10-14,,True,False,False,,False,False,False,True,True,False,True
D002178,pay_20021227,item_not_received,3867.83,2026-05-26,,False,False,,False,,False,False,True,False,False,False
D005688,pay_18144459,item_not_as_described,5640.84,2026-03-16,False,False,True,False,,True,True,True,True,False,,False
D003282,pay_59622426,unauthorized_transaction,1552.78,2026-08-14,False,True,False,False,False,False,True,False,True,False,False,False
D004760,pay_85680450,item_not_received,2476.83,2026-06-06,False,False,True,True,False,False,True,True,True,False,True,True
D003130,pay_30194951,unauthorized_transaction,6487.05,2026-08-13,False,,False,False,False,,,True,,,False,False
D005482,pay_89451712,item_not_received,3406.53,2026-03-16,True,False,True,True,False,False,,False,True,False,True,True
D004209,pay_17496199,duplicate_charge,7177.26,2026-08-07,False,False,False,True,,False,False,False,,False,True,False
D005420,pay_11758629,unauthorized_transaction,7646.29,2026-05-29,True,True,,True,True,True,True,True,True,True,False,True
D002573,pay_90224842,item_not_as_described,4776.93,2026-07-02,False,True,False,True,True,True,False,False,,True,True,True
D001934,pay_41464993,unauthorized_transaction,338.11,2026-10-12,True,True,,,True,False,True,True,False,False,False,True
D003672,pay_90192814,item_not_received,1554.48,2026-01-13,False,False,True,False,True,True,True,True,True,,True,True
D004707,pay_79821041,item_not_as_described,7076.33,2026-05-15,,True,False,,False,True,True,True,True,False,,False
D000613,pay_52800537,unauthorized_transaction,2240.9,2026-01-24,True,True,,True,False,True,,False,True,True,True,True
D004786,pay_04704772,unauthorized_transaction,5177.44,2026-10-16,True,True,True,False,False,True,True,True,False,,True,False
D002643,pay_54018695,item_not_received,7750.02,2026-03-06,True,,True,True,,True,True,True,,True,False,False
D004585,pay_75407629,item_not_as_described,3170.32,2026-04-05,True,True,,,True,True,,False,True,True,False,True
D003983,pay_52300649,item_not_received,3434.0,2026-06-28,True,False,True,,True,True,,False,,True,,True
D004213,pay_13757792,duplicate_charge,3020.61,2026-09-14,False,True,True,False,,False,True,False,False,False,True,False
D004522,pay_68409901,item_not_as_described,1667.12,2026-01-08,True,False,True,False,False,False,False,False,False,True,True,False
D001256,pay_72519487,duplicate_charge,4605.16,2026-05-08,True,False,,,False,,True,True,,True,True,True
D005227,pay_04351828,item_not_as_described,1064.5,2026-09-16,True,,True,True,True,,True,,True,False,True,True
D002355,pay_63027359,item_not_received,7727.3,2026-03-28,,False,True,False,True,True,False,True,True,,True,True
D001920,pay_32178010,item_not_as_described,4480.83,2026-04-17,False,False,True,False,,,False,False,True,True,False,False
D005427,pay_84579322,unauthorized_transaction,7895.1,2026-10-21,False,True,True,False,True,False,False,False,False,,False,False
D001499,pay_18847760,unauthorized_transaction,3286.6,2026-08-20,True,,False,,True,True,False,,True,False,False,True
D001631,pay_76700001,unauthorized_transaction,7989.85,2026-05-25,True,True,,True,,,,False,False,True,False,False
D002922,pay_57458619,unauthorized_transaction,5124.94,2026-01-06,True,True,True,,False,True,True,False,True,False,,False
D004540,pay_82756309,item_not_received,5638.63,2026-07-04,,False,True,True,False,False,,True,False,False,False,False
D001043,pay_74964698,duplicate_charge,1253.95,2026-04-07,True,True,True,,False,False,True,False,True,True,True,False
D003138,pay_11313427,item_not_as_described,4985.41,2026-06-04,True,True,False,False,False,True,False,False,True,True,False,False
D001751,pay_88864121,unauthorized_transaction,7186.95,2026-03-03,True,False,True,True,True,False,,False,False,,True,False
D004005,pay_16912275,unauthorized_transaction,4642.12,2026-10-25,True,True,False,False,True,True,True,,,False,True,False
D003836,pay_80870468,item_not_as_described,3096.04,2026-09-04,False,True,True,True,True,False,False,True,True,True,True,True
D005253,pay_21873388,item_not_as_described,1448.68,2026-05-03,True,True,True,,False,,True,True,,True,False,False
D000495,pay_35842449,duplicate_charge,2239.87,2026-04-10,,False,False,True,True,True,True,True,True,False,False,True
D004376,pay_59794661,duplicate_charge,6635.36,2026-07-29,True,False,False,True,False,,,True,False,True,False,True
D005668,pay_30598508,item_not_received,7462.04,2026-10-06,True,True,False,False,,False,True,True,True,False,True,False
D004473,pay_86065621,duplicate_charge,2539.46,2026-07-14,True,True,False,True,True,True,False,True,False,True,True,True
D005122,pay_24668148,unauthorized_transaction,2435.08,2026-07-28,True,True,,True,,True,False,True,False,True,True,True
D001973,pay_13459058,duplicate_charge,2761.64,2026-02-02,True,True,True,,,False,,False,True,True,False,False
D003530,pay_48823043,duplicate_charge,431.88,2026-10-03,False,False,True,True,False,True,True,True,False,False,False,True
D003057,pay_08841190,duplicate_charge,7751.38,2026-10-17,,False,False,True,True,,False,True,False,False,,False
D002463,pay_20502523,duplicate_charge,548.56,2026-01-18,True,True,False,,,True,,,True,False,False,True
D000773,pay_73558429,unauthorized_transaction,7453.54,2026-08-09,False,True,False,True,False,False,True,True,False,,True,False
D002058,pay_19464622,duplicate_charge,636.31,2026-01-26,False,False,True,False,True,True,,False,False,True,False,True
D001097,pay_51440401,item_not_as_described,1752.3,2026-03-10,True,True,,True,True,True,True,True,True,True,True,True
D005773,pay_62565447,duplicate_charge,7036.32,2026-07-06,False,True,False,False,True,True,True,,True,True,True,True
D000264,pay_89265296,item_not_as_described,2144.9,2026-07-05,,True,True,True,False,True,False,False,True,True,True,True
D004301,pay_43188996,unauthorized_transaction,3487.72,2026-02-19,True,False,False,True,False,True,True,False,False,True,False,True
D000776,pay_70332126,unauthorized_transaction,4992.38,2026-07-14,True,True,False,False,False,,False,True,False,True,,True
D002869,pay_14280534,item_not_received,4348.0,2026-06-12,True,True,False,False,True,,False,True,False,,True,True
D003481,pay_83748169,unauthorized_transaction,1540.11,2026-08-13,False,False,False,True,True,False,True,True,True,,False,False
D002267,pay_72426305,unauthorized_transaction,3915.87,2026-05-27,,,True,False,False,False,,False,False,False,False,False
D004661,pay_77366914,item_not_received,4038.4,2026-06-07,False,True,False,False,True,,False,False,True,False,True,False
D005518,pay_47395875,unauthorized_transaction,6155.36,2026-02-05,True,True,False,False,True,False,False,True,True,False,False,True
D005907,pay_27618294,duplicate_charge,819.95,2026-10-03,False,False,True,False,,False,False,False,True,False,False,False
D001960,pay_53941303,item_not_received,1104.07,2026-09-29,False,True,,True,False,True,True,True,False,True,True,True
D000882,pay_41080280,item_not_as_described,3846.46,2026-02-10,True,True,,False,True,,False,True,True,False,False,False
D003154,pay_72195586,duplicate_charge,7060.94,2026-03-19,True,True,True,False,False,False,False,False,True,True,True,False
D001963,pay_65350540,item_not_received,619.83,2026-10-19,False,False,,False,False,False,False,True,False,True,False,False
D001092,pay_48562037,duplicate_charge,3619.66,2026-10-12,True,True,False,False,False,True,True,False,False,True,True,False
D000223,pay_56640491,item_not_as_described,767.43,2026-01-11,True,True,True,False,,False,False,,False,False,False,False
D004076,pay_96748767,item_not_as_described,7442.88,2026-08-29,True,True,True,True,True,True,True,False,True,True,,True
D001508,pay_21421489,unauthorized_transaction,5116.76,2026-10-01,True,False,,False,False,False,False,True,False,True,True,False
D005874,pay_54368367,item_not_as_described,5071.12,2026-08-11,False,False,True,True,False,True,False,True,,True,True,False
D005630,pay_01950821,duplicate_charge,4032.29,2026-08-23,True,True,False,False,True,,False,False,,True,True,True
D003500,pay_19677968,unauthorized_transaction,1089.23,2026-08-09,,,True,False,True,True,False,True,True,True,,True
D000607,pay_56705907,duplicate_charge,3269.45,2026-01-24,True,True,False,True,True,False,True,False,False,,False,False
D002888,pay_93192050,duplicate_charge,1775.56,2026-01-11,True,False,,False,False,,False,False,True,False,False,False
D001377,pay_16827131,unauthorized_transaction,1687.29,2026-08-10,,True,True,,False,False,False,False,False,False,False,True
D005086,pay_67165483,unauthorized_transaction,6513.0,2026-10-21,,,False,False,False,True,True,False,False,True,True,False
D001473,pay_89092478,unauthorized_transaction,6833.0,2026-06-22,False,True,True,True,,,True,True,True,False,,False
D001468,pay_14478317,item_not_as_described,2866.62,2026-05-12,,False,False,True,,False,True,False,,,,False
D004912,pay_33398860,item_not_received,6217.19,2026-02-11,,True,False,False,,False,False,False,True,True,,False
D005290,pay_61947075,item_not_as_described,6021.11,2026-02-08,True,,False,True,True,False,True,True,True,True,True,True
D001316,pay_24023087,duplicate_charge,6409.54,2026-04-07,,True,False,False,False,False,True,True,False,False,True,True
D004555,pay_31317701,item_not_as_described,5502.32,2026-02-04,True,True,False,False,True,False,False,True,False,False,True,False
D001235,pay_08732178,item_not_received,7657.1,2026-03-07,True,True,False,,False,,False,True,,False,False,False
D004434,pay_28627583,unauthorized_transaction,3288.71,2026-01-04,False,True,False,False,False,,False,False,False,False,True,False
D002341,pay_57832873,item_not_received,7276.55,2026-05-16,True,True,True,,False,True,True,True,False,False,False,True
D002840,pay_40309147,duplicate_charge,684.14,2026-05-07,True,True,True,False,False,,,True,True,True,True,False
D004189,pay_73678473,item_not_as_described,3945.03,2026-04-04,,False,False,,False,True,False,False,,True,False,False
D005376,pay_53429354,duplicate_charge,3793.78,2026-05-29,False,False,False,,,,True,,False,,True,False
D003300,pay_71161410,item_not_received,3607.91,2026-01-03,True,True,,False,,True,,False,True,False,False,True
D001482,pay_50371558,duplicate_charge,555.54,2026-10-20,True,,,False,False,True,True,True,,False,False,False
D000218,pay_99831145,item_not_received,2788.42,2026-01-30,False,True,False,True,False,False,True,False,True,False,False,True
D002244,pay_83802639,duplicate_charge,3505.88,2026-01-18,True,,True,True,True,True,True,False,False,True,False,True
D005129,pay_98845690,item_not_received,3753.74,2026-04-24,True,False,,False,True,,False,True,False,,False,False
D001144,pay_01620122,item_not_as_described,1454.28,2026-04-10,,True,,True,,,True,True,False,False,True,True
D003485,pay_88915802,unauthorized_transaction,5851.01,2026-07-19,False,False,True,False,False,True,True,True,False,True,True,True
D001970,pay_14498877,item_not_as_described,5417.17,2026-02-23,True,False,False,False,False,False,False,True,False,False,True,False
D000845,pay_20559033,item_not_as_described,3184.76,2026-02-06,True,,True,True,True,False,False,False,True,,False,False
D000545,pay_91405459,item_not_received,2411.65,2026-08-20,False,False,True,False,False,False,True,False,False,True,True,True
D003455,pay_43288268,item_not_as_described,4413.26,2026-05-12,False,,False,,False,False,False,,False,False,,False
D000147,pay_76061419,item_not_as_described,5667.19,2026-04-09,,False,False,True,False,True,False,True,,False,True,True
D001402,pay_65408006,unauthorized_transaction,5203.32,2026-10-05,True,True,,True,False,False,False,True,True,False,False,True
D003864,pay_58836165,item_not_received,2436.99,2026-05-30,False,False,,False,False,False,True,True,False,True,True,False
D005135,pay_12311504,unauthorized_transaction,410.33,2026-09-30,True,True,False,,,False,False,False,True,False,True,True
D002393,pay_35976436,duplicate_charge,2879.79,2026-06-14,False,,False,False,True,False,True,True,False,True,False,True
D002826,pay_57923048,duplicate_charge,4288.17,2026-02-18,True,True,True,,True,,,True,,,False,True
D004263,pay_65577828,unauthorized_transaction,4633.72,2026-04-27,True,True,False,True,True,False,False,True,False,True,True,True
D005792,pay_55371893,item_not_received,3184.56,2026-07-03,,True,False,False,False,True,True,True,True,True,False,True
D003105,pay_52256556,unauthorized_transaction,4574.06,2026-01-24,False,,False,True,True,False,False,False,False,False,True,False
D005561,pay_02618030,item_not_as_described,7640.54,2026-10-02,False,True,False,False,False,True,True,False,False,False,True,True
D005321,pay_79837268,item_not_as_described,3790.59,2026-03-28,True,True,True,True,True,True,True,False,False,,False,False
D003469,pay_06346590,unauthorized_transaction,3661.29,2026-07-30,False,True,True,False,True,,False,True,True,False,True,True
D002109,pay_34760911,unauthorized_transaction,7972.95,2026-05-26,True,False,False,False,True,False,True,True,True,True,False,True
D002498,pay_96994265,unauthorized_transaction,1418.54,2026-07-13,False,False,False,True,True,True,,,True,True,,True
D000243,pay_09180999,unauthorized_transaction,5232.27,2026-04-15,,True,False,True,True,False,False,,True,,True,True
D002388,pay_06572855,item_not_as_described,1142.23,2026-10-15,True,True,False,,True,,,False,,,False,True
D002644,pay_61872592,item_not_received,7290.51,2026-07-27,,False,False,False,False,,False,False,False,True,False,False
D004903,pay_52389619,item_not_received,1746.84,2026-10-02,True,,False,False,False,True,,False,False,True,False,False
D005618,pay_18312969,duplicate_charge,1660.51,2026-02-15,True,,True,,True,,True,,True,,False,True
D005373,pay_56762000,item_not_received,419.77,2026-04-22,False,False,True,False,True,False,True,True,True,True,True,True
D003440,pay_32097410,item_not_received,4960.83,2026-08-16,,True,True,True,True,True,True,False,False,True,False,True
D004991,pay_48651213,duplicate_charge,5346.24,2026-04-08,True,True,True,False,True,True,False,,,False,True,False
D000440,pay_89125450,item_not_received,6469.43,2026-04-08,False,False,False,True,False,,,True,True,False,True,True
D003459,pay_00492595,item_not_received,5301.36,2026-07-17,False,False,False,True,True,,False,False,True,False,False,False
D005026,pay_31056556,duplicate_charge,774.72,2026-06-01,,False,,False,True,,True,False,False,False,True,True
D000053,pay_96417034,item_not_as_described,4971.28,2026-06-11,False,False,,False,False,False,False,True,,True,True,False
D002516,pay_84065707,item_not_as_described,6395.97,2026-04-08,False,True,False,True,False,False,False,False,False,True,True,False
D000197,pay_43299559,unauthorized_transaction,6095.24,2026-10-07,False,True,False,False,,True,True,True,False,False,,True
D005548,pay_20423872,unauthorized_transaction,6201.68,2026-06-07,False,True,True,False,False,,True,True,False,,False,False
D000341,pay_89447205,item_not_as_described,6101.71,2026-04-30,False,False,True,True,True,True,True,True,True,False,False,True
D001552,pay_80352183,unauthorized_transaction,1320.3,2026-09-27,,True,True,True,True,False,False,False,False,True,False,True
D002332,pay_94794995,unauthorized_transaction,3787.25,2026-10-17,True,,False,False,False,False,,True,True,True,False,True
D001840,pay_96451733,duplicate_charge,6857.28,2026-06-07,,False,False,False,True,True,True,True,,True,True,True
D002780,pay_05340914,item_not_as_described,6622.84,2026-06-02,False,False,True,True,True,False,False,True,False,False,False,False
D001153,pay_92129825,item_not_as_described,6285.63,2026-01-26,False,False,False,False,False,True,True,True,True,False,True,True
D005226,pay_36916019,unauthorized_transaction,1327.58,2026-06-14,True,True,False,True,False,,True,,True,False,False,True
D000314,pay_87024488,item_not_received,7626.51,2026-10-24,True,True,True,False,True,False,,True,True,True,True,True
D001246,pay_58585780,unauthorized_transaction,7057.91,2026-07-23,True,True,False,True,False,True,True,False,False,,False,True
D002813,pay_32684330,unauthorized_transaction,2996.92,2026-01-16,False,True,False,,False,True,True,True,True,False,True,True
D004340,pay_31101482,item_not_received,7527.18,2026-01-07,False,,True,False,False,,,False,False,True,,True
D005152,pay_27931740,item_not_as_described,2515.96,2026-01-20,False,True,,False,False,True,False,True,False,True,False,False
D003904,pay_70785879,item_not_received,7675.65,2026-04-23,False,False,True,False,,False,True,True,False,True,True,False
D002923,pay_41732144,item_not_as_described,3447.25,2026-03-04,True,False,True,True,True,,True,True,,False,True,False
D001223,pay_85256711,item_not_received,1182.27,2026-06-26,True,True,True,,False,,True,False,False,,True,True
D001119,pay_05385077,item_not_received,4020.42,2026-08-28,,,False,False,True,True,True,True,,,False,False
D003453,pay_10573712,duplicate_charge,7077.88,2026-02-03,False,True,True,False,True,True,True,False,True,False,,False
D004798,pay_45784291,duplicate_charge,5786.03,2026-01-09,True,False,False,,False,True,,False,True,False,False,False
D004887,pay_15913437,item_not_received,4037.06,2026-07-13,True,,False,True,False,True,True,False,False,True,False,False
D002937,pay_24709979,item_not_received,472.4,2026-08-16,False,True,True,False,False,True,True,,False,True,True,True
D002772,pay_49487300,item_not_received,5868.4,2026-08-31,False,,True,False,True,True,False,False,True,True,True,True
D000529,pay_03008243,item_not_as_described,1162.07,2026-08-17,False,False,,True,True,True,False,True,True,False,,True
D001375,pay_02674054,item_not_received,2692.49,2026-03-22,,True,False,False,True,True,False,True,False,False,False,False
D002074,pay_87063402,item_not_received,6944.23,2026-04-29,True,True,False,True,False,False,False,,True,,False,True
D005455,pay_30523103,item_not_received,7664.59,2026-06-07,True,False,True,,False,False,True,False,False,True,False,True
D003957,pay_12067819,item_not_as_described,4826.33,2026-08-01,,True,False,False,False,False,False,True,True,False,,True
D004691,pay_67697330,item_not_as_described,2324.89,2026-04-20,False,False,False,False,,True,True,False,False,False,False,False
D000586,pay_89305963,item_not_received,2657.51,2026-10-07,True,True,False,,True,,True,True,False,,True,False
D002270,pay_92969876,duplicate_charge,7224.23,2026-01-19,False,True,True,False,,True,False,True,True,True,False,True
D002739,pay_18353153,item_not_as_described,3439.24,2026-06-25,,True,False,True,True,True,False,True,,False,False,False
D002398,pay_95585371,unauthorized_transaction,3005.32,2026-05-21,True,,,,False,,True,True,True,False,,True
D000323,pay_34933052,item_not_received,2108.94,2026-10-08,False,True,False,False,False,,True,False,,False,True,False
D004334,pay_21990249,unauthorized_transaction,5045.58,2026-09-13,False,True,False,True,False,False,,,False,False,False,True
D004343,pay_65872571,duplicate_charge,6142.36,2026-01-26,False,True,False,False,False,False,,True,,False,True,True
D004811,pay_65009363,unauthorized_transaction,2610.12,2026-08-16,False,False,False,True,True,,,False,True,True,False,True
D003869,pay_74420047,duplicate_charge,7295.22,2026-03-10,,,,,False,False,False,False,False,True,True,False
D005011,pay_08159183,duplicate_charge,6904.93,2026-05-26,True,,True,False,True,True,False,True,,True,True,True
D005217,pay_42796319,item_not_received,1709.32,2026-03-06,True,True,,False,True,False,False,False,False,False,False,True
D002322,pay_26484330,item_not_received,506.54,2026-03-17,False,True,False,False,True,True,False,True,,False,True,False
D001304,pay_78580630,duplicate_charge,5202.57,2026-01-20,,True,True,True,,True,,True,True,True,False,True
D001336,pay_75036915,item_not_received,6873.32,2026-04-20,False,True,False,True,False,True,False,False,,True,False,True
D001407,pay_35840783,duplicate_charge,6687.33,2026-05-09,True,False,False,False,False,True,True,True,False,True,True,False
D004958,pay_58766199,duplicate_charge,7502.84,2026-02-12,True,True,False,True,,True,True,False,False,False,True,False
D001974,pay_29905943,unauthorized_transaction,2714.85,2026-05-06,True,,True,False,,False,True,True,False,,True,False
D000677,pay_04504087,duplicate_charge,6048.4,2026-10-21,True,True,True,False,True,,False,True,False,True,False,False
D002319,pay_71554552,unauthorized_transaction,7005.89,2026-02-04,,,True,False,False,True,False,False,True,True,True,True
D005271,pay_77261484,duplicate_charge,6771.25,2026-01-05,False,True,,False,True,False,True,True,,,False,False
D000340,pay_13005510,unauthorized_transaction,4216.74,2026-05-25,False,True,True,True,True,True,False,,False,True,True,False
D003814,pay_68688471,item_not_received,2322.17,2026-09-06,True,False,True,False,,True,True,False,True,True,True,True
D000780,pay_07632213,item_not_as_described,399.05,2026-01-31,True,False,True,False,,False,True,True,False,True,False,True
D005970,pay_30816590,item_not_received,4737.71,2026-02-13,True,False,False,True,False,False,True,True,True,,True,False
D000258,pay_43169386,unauthorized_transaction,7019.83,2026-09-25,True,True,,,False,False,True,True,True,False,False,True
D001662,pay_01685851,unauthorized_transaction,4254.33,2026-02-21,False,,,False,False,,True,True,False,False,True,False
D001696,pay_69945984,duplicate_charge,3580.76,2026-05-24,True,False,False,,False,True,False,False,False,False,True,False
D003379,pay_50441681,item_not_as_described,3755.29,2026-10-07,True,False,False,,False,True,,True,False,,True,False
D004797,pay_99246135,item_not_as_described,540.87,2026-06-06,True,False,True,True,,,False,False,False,,False,False
D003073,pay_33694396,unauthorized_transaction,7146.0,2026-09-23,,False,True,True,False,,True,False,False,False,False,False
D002839,pay_19049847,item_not_received,6307.06,2026-10-18,False,,False,False,False,False,False,False,True,False,False,False
D001927,pay_64021431,item_not_as_described,5957.61,2026-07-03,False,False,False,False,False,False,False,True,False,,True,False
D002287,pay_54765007,unauthorized_transaction,7564.32,2026-06-10,,True,False,True,True,False,False,False,False,,True,False
D000589,pay_77258340,unauthorized_transaction,5871.3,2026-04-23,,False,False,False,True,True,True,False,True,False,True,False
D000402,pay_01688255,item_not_received,313.31,2026-09-29,False,False,True,True,True,True,True,,,,,True
D001664,pay_23995626,duplicate_charge,608.68,2026-03-14,False,False,,False,False,False,True,False,False,False,False,True
D004535,pay_65385449,duplicate_charge,4075.39,2026-08-12,,False,False,False,False,False,True,False,False,False,True,True
D005616,pay_08330098,item_not_received,2966.12,2026-07-16,True,True,False,False,True,False,False,False,,,True,False
D004251,pay_11745062,unauthorized_transaction,5998.59,2026-03-07,True,False,True,,,,False,True,True,True,,False
D004279,pay_99892235,item_not_as_described,3074.74,2026-07-24,True,False,True,True,True,,False,False,True,True,,True
D001337,pay_14065603,item_not_as_described,7643.23,2026-04-28,False,False,True,,False,False,False,False,True,False,,True
D002817,pay_87214364,unauthorized_transaction,1934.81,2026-02-02,False,False,,False,True,False,True,True,False,False,True,False
D005480,pay_80493286,item_not_as_described,3003.37,2026-04-28,True,False,False,False,,False,,False,False,True,True,True
D000118,pay_90244472,item_not_as_described,5800.76,2026-06-27,,False,True,True,False,False,False,False,False,False,True,True
D005048,pay_30481020,item_not_as_described,5509.47,2026-09-23,True,True,True,False,,True,True,False,True,False,False,True
D000765,pay_41181628,duplicate_charge,6694.55,2026-01-13,False,False,False,True,False,False,False,False,True,True,False,False
D005496,pay_55136143,item_not_received,1274.73,2026-07-12,True,False,False,False,False,False,True,,True,True,True,True
D001550,pay_35525926,duplicate_charge,7769.77,2026-09-16,False,False,True,True,False,False,False,True,True,False,False,True
D005949,pay_79046206,item_not_as_described,3166.5,2026-03-10,False,False,True,True,False,True,True,True,True,True,,False
D002360,pay_42055939,item_not_as_described,485.62,2026-08-21,True,False,True,False,True,,True,True,False,True,True,False
D004820,pay_12420383,duplicate_charge,6643.89,2026-06-19,,True,,False,False,True,True,True,False,True,True,True
D001188,pay_26489172,item_not_received,5595.43,2026-02-28,,True,False,,False,False,True,True,True,False,True,True
D001170,pay_55976237,duplicate_charge,7785.86,2026-03-23,True,True,False,True,False,False,False,False,False,True,,True
D003425,pay_19205883,unauthorized_transaction,4241.32,2026-09-17,True,False,True,,False,,False,,False,False,True,True
D003184,pay_26000179,unauthorized_transaction,4802.03,2026-01-13,True,True,True,True,False,False,False,True,False,False,True,True
D000642,pay_19236657,duplicate_charge,4623.99,2026-09-26,,False,False,False,False,False,True,,True,True,,True
D005213,pay_16863992,item_not_as_described,5542.42,2026-04-12,,,False,,False,False,True,False,,False,True,True
D003798,pay_48842289,item_not_as_described,2610.69,2026-01-24,,True,,False,,False,True,True,True,True,,True
D000249,pay_50291405,item_not_received,6867.67,2026-01-17,True,False,True,False,False,False,True,False,False,True,False,False
D004996,pay_32453367,item_not_received,6721.97,2026-02-27,False,True,True,False,False,True,False,False,False,False,False,True
D000636,pay_52752683,unauthorized_transaction,6183.5,2026-04-15,False,True,False,,False,False,,True,,,True,True
D001230,pay_36664312,duplicate_charge,368.48,2026-07-01,True,True,False,False,True,True,True,False,True,False,,True
D000564,pay_24973630,item_not_received,2789.24,2026-10-18,,True,False,,,True,False,True,True,False,False,False
D000492,pay_74181946,item_not_as_described,6522.14,2026-06-02,False,,True,True,False,False,True,True,False,False,True,True
D005093,pay_63365445,item_not_received,2951.7,2026-07-21,True,False,False,True,True,False,True,True,True,False,True,True
D005513,pay_56396601,item_not_as_described,6894.67,2026-02-11,,False,,False,False,False,False,False,True,False,True,True
D004461,pay_96551962,duplicate_charge,3541.33,2026-01-12,False,True,False,True,False,,False,True,False,False,False,True
D001795,pay_88779983,item_not_received,7658.69,2026-05-29,True,True,False,False,True,False,,True,,,False,False
D002407,pay_64570033,duplicate_charge,3958.35,2026-01-11,True,True,False,True,True,,False,True,True,True,False,False
D004016,pay_89414300,item_not_received,833.95,2026-10-25,True,True,True,False,True,False,True,False,,,True,True
D005515,pay_87357961,item_not_as_described,3506.02,2026-01-11,,,True,False,True,,False,True,False,True,,False
D001433,pay_94647667,item_not_as_described,4849.01,2026-02-21,,False,False,,False,True,True,,True,False,False,True
D005924,pay_12021299,unauthorized_transaction,6772.3,2026-10-16,False,False,True,True,True,,True,,,False,True,True
D001813,pay_85745280,item_not_as_described,5183.64,2026-02-24,False,False,True,False,True,True,True,,True,True,,True
D004847,pay_69943805,item_not_received,1873.1,2026-07-23,True,False,True,False,False,False,False,True,,True,True,True
D005560,pay_44048888,item_not_received,5227.74,2026-03-27,,True,False,False,True,True,False,False,True,,True,True
D005715,pay_33341710,unauthorized_transaction,1782.82,2026-09-16,True,False,,True,False,True,False,True,,,False,False
D000016,pay_45298556,duplicate_charge,1929.78,2026-06-18,True,False,True,,False,True,True,True,True,True,True,False
D001812,pay_25385319,item_not_received,3003.45,2026-08-14,False,True,,False,,False,False,True,False,,True,True
D004965,pay_27571887,duplicate_charge,4313.46,2026-05-21,False,False,,False,True,True,True,True,,True,True,True
D002501,pay_28922773,item_not_received,4599.32,2026-08-06,True,False,,False,False,False,False,,False,True,True,True
D003036,pay_72456747,unauthorized_transaction,3346.53,2026-03-15,,False,True,False,True,True,True,,True,,False,False
D002202,pay_19746893,unauthorized_transaction,7193.7,2026-03-17,False,True,False,False,True,True,,,False,False,False,False
D003929,pay_97388473,unauthorized_transaction,6428.02,2026-02-02,True,False,False,False,False,True,True,True,True,True,True,False
D003000,pay_53792415,item_not_as_described,1549.79,2026-01-06,True,,True,False,True,True,,False,,True,True,False
D005600,pay_40865251,item_not_received,7558.61,2026-06-09,True,True,False,False,True,False,False,False,False,False,False,False
D004002,pay_13890404,unauthorized_transaction,3619.14,2026-07-04,,True,False,False,False,False,False,,True,,False,True
D002917,pay_38543529,unauthorized_transaction,5630.36,2026-04-05,True,False,False,True,False,True,False,True,True,False,False,True
D000149,pay_95084373,unauthorized_transaction,3502.84,2026-07-09,,False,True,False,False,True,True,True,,,False,True
D004918,pay_56794170,item_not_as_described,6036.96,2026-06-12,True,False,False,False,,True,False,False,,False,False,True
D002916,pay_58689471,duplicate_charge,2433.06,2026-05-10,True,True,True,,True,False,False,False,False,,False,True
D003418,pay_67850411,duplicate_charge,3840.02,2026-02-17,False,True,,False,True,False,,True,True,,True,True
D002673,pay_76963119,item_not_as_described,5912.51,2026-04-16,False,False,,False,False,True,False,False,True,False,,False
D003341,pay_94495188,item_not_as_described,2056.88,2026-03-27,False,True,True,False,True,,False,True,False,False,,False
D002620,pay_34028537,item_not_as_described,2715.0,2026-05-04,True,False,True,,True,False,False,True,False,,False,False
D005015,pay_70722134,unauthorized_transaction,4655.91,2026-06-26,False,True,True,False,False,False,True,True,,False,False,True
D005594,pay_15876301,duplicate_charge,5929.95,2026-07-28,True,False,True,False,True,True,False,False,True,False,False,True
D004821,pay_54076981,item_not_as_described,7476.23,2026-06-26,True,False,False,False,,,,True,True,,False,False
D003567,pay_59527303,duplicate_charge,3776.16,2026-06-16,False,,False,,False,True,True,False,True,False,False,False
D005557,pay_83730402,item_not_as_described,1416.56,2026-10-20,True,True,False,False,,True,True,True,True,,True,True
D004695,pay_03495523,unauthorized_transaction,885.02,2026-06-27,False,False,True,False,True,True,True,True,True,False,True,False
D002394,pay_69876170,duplicate_charge,5569.33,2026-03-23,False,True,False,False,False,,False,True,False,False,False,True
D003834,pay_00698571,item_not_as_described,7897.36,2026-02-23,False,False,True,False,True,True,True,,True,False,False,True
D003978,pay_85069338,item_not_as_described,4676.04,2026-06-12,False,False,True,True,False,True,False,False,,True,,False
D003802,pay_64374596,duplicate_charge,4987.53,2026-05-15,True,True,True,False,True,False,False,True,True,False,True,True
D001575,pay_09376425,duplicate_charge,4479.14,2026-07-24,True,True,False,,False,,True,False,False,True,True,False
D003974,pay_76655441,duplicate_charge,3252.48,2026-03-26,True,,,True,,False,False,True,False,False,False,False
D002189,pay_34764220,item_not_as_described,2090.7,2026-07-21,True,True,False,True,True,True,False,True,False,True,False,False
D003707,pay_29581139,item_not_as_described,3993.01,2026-09-11,True,True,True,True,,True,,False,False,False,False,False
D001651,pay_48748830,item_not_received,6825.45,2026-10-15,True,False,False,True,False,False,False,True,True,False,True,False
D001437,pay_47542719,duplicate_charge,3597.21,2026-06-25,,True,False,True,False,True,False,False,False,True,True,False
D005251,pay_85122761,unauthorized_transaction,2396.09,2026-10-16,True,False,True,True,,False,True,True,False,True,,True
D001269,pay_48315061,duplicate_charge,6073.98,2026-02-14,False,True,False,False,False,True,False,False,True,,False,True
D000408,pay_62942341,duplicate_charge,4290.34,2026-01-20,True,,True,True,True,False,True,False,True,,False,True
D003883,pay_47888335,duplicate_charge,2213.39,2026-01-30,True,True,False,True,True,False,,False,False,False,False,False
D001394,pay_40456082,item_not_received,3434.49,2026-09-14,False,True,True,True,False,False,False,True,True,True,,True
D005988,pay_38943590,duplicate_charge,6098.34,2026-02-25,False,,False,True,True,False,False,,False,,True,False
D004193,pay_95118871,item_not_as_described,4668.43,2026-04-01,True,,False,False,False,True,True,False,False,,True,True
D003450,pay_51872712,duplicate_charge,1144.94,2026-01-28,,False,True,,True,False,True,False,False,True,,True
D000557,pay_44405710,unauthorized_transaction,1361.83,2026-01-26,True,True,,True,False,False,False,False,True,False,False,False
D005710,pay_92874496,unauthorized_transaction,5702.61,2026-08-01,True,,True,False,True,True,True,True,False,False,False,False
D004944,pay_84224870,item_not_received,7926.64,2026-07-13,True,False,True,False,False,False,False,,False,True,True,True
D000643,pay_19371183,duplicate_charge,7039.96,2026-04-02,False,True,False,,False,False,True,True,False,False,,True
D005775,pay_15747039,item_not_received,7589.75,2026-07-31,False,False,,False,True,True,True,False,,False,True,False
D000458,pay_22175662,item_not_as_described,4704.38,2026-01-22,True,True,True,,,,False,,True,True,False,False
D002609,pay_77784712,unauthorized_transaction,2966.31,2026-08-13,True,False,True,False,False,True,True,False,False,True,False,True
D002208,pay_64431612,duplicate_charge,7987.55,2026-09-06,True,True,True,False,True,True,,False,False,True,True,False
D004382,pay_72353434,unauthorized_transaction,686.57,2026-03-17,False,True,True,True,True,False,,True,False,,False,False
D005742,pay_33491349,duplicate_charge,4881.52,2026-08-19,True,True,True,True,True,,False,False,False,False,False,False
D003824,pay_81160504,unauthorized_transaction,7758.99,2026-04-08,True,True,True,True,True,True,True,False,False,False,False,False
D003879,pay_24087523,unauthorized_transaction,7093.59,2026-02-04,False,True,False,False,False,False,False,,False,False,False,False
D004264,pay_54463776,duplicate_charge,3402.38,2026-06-15,,False,True,False,True,False,False,True,,False,True,True
D000823,pay_78843944,item_not_as_described,5789.04,2026-03-13,True,True,True,True,True,False,False,True,False,False,False,False
D002193,pay_95821358,item_not_received,5903.68,2026-07-29,True,True,True,True,False,False,,False,,,True,True
D005177,pay_74928296,item_not_as_described,7879.1,2026-10-12,True,False,,True,True,True,False,True,,False,True,False
D001976,pay_38237741,duplicate_charge,7143.61,2026-10-21,False,False,False,False,False,False,True,False,,False,False,False
D004001,pay_07715984,item_not_as_described,7595.91,2026-10-09,False,True,False,False,False,False,True,True,True,True,False,True
D000600,pay_76867112,unauthorized_transaction,513.88,2026-07-09,True,True,True,True,True,True,True,False,,True,True,True
D002118,pay_47693713,unauthorized_transaction,6981.18,2026-09-02,False,False,True,True,False,False,False,,False,True,True,False
D001596,pay_14638723,item_not_as_described,5169.5,2026-10-11,False,False,,True,False,False,True,True,True,,True,True
D002682,pay_61438311,unauthorized_transaction,3820.94,2026-08-15,True,True,True,True,False,False,False,False,,False,,False
D003302,pay_37965972,unauthorized_transaction,5109.86,2026-09-19,,True,True,False,True,True,,False,True,True,False,True
D005189,pay_33357672,unauthorized_transaction,333.29,2026-02-28,False,True,True,,False,False,True,True,True,False,,True
D000335,pay_59097257,unauthorized_transaction,596.46,2026-09-18,True,True,True,False,True,,True,True,True,True,,True
D000669,pay_25783955,item_not_as_described,5961.35,2026-09-30,True,True,False,True,True,False,,True,False,False,False,False
D002224,pay_71157051,duplicate_charge,5811.9,2026-03-01,True,False,True,True,True,True,False,True,False,False,,True
D002566,pay_19736708,item_not_received,5147.13,2026-01-26,False,True,False,False,True,True,False,False,True,,True,False
D001892,pay_00427861,unauthorized_transaction,2998.1,2026-06-27,True,,,True,False,False,False,False,True,False,,True
D000303,pay_13933416,item_not_received,1064.03,2026-02-15,True,,True,True,True,True,True,False,True,True,True,True
D002893,pay_17736911,unauthorized_transaction,2233.11,2026-03-10,True,True,False,True,True,,False,True,False,True,False,False
D004256,pay_64297116,unauthorized_transaction,552.5,2026-02-10,True,,True,,True,True,,True,,False,False,False
D000622,pay_84594084,duplicate_charge,6796.57,2026-10-22,False,,False,True,,True,False,True,False,True,False,False
D005915,pay_95122880,unauthorized_transaction,5755.93,2026-01-06,False,True,True,False,False,False,False,,False,True,False,False
D004717,pay_43747181,item_not_received,2424.1,2026-04-26,,True,True,True,True,False,False,False,True,False,True,True
D001033,pay_11170819,unauthorized_transaction,846.68,2026-04-03,True,,True,,True,True,True,False,True,,,True
D002184,pay_27664739,unauthorized_transaction,5088.19,2026-04-24,False,,True,,True,False,False,False,True,False,True,False
D004145,pay_29238802,item_not_received,800.28,2026-04-01,False,False,True,True,False,False,True,True,True,True,False,False
D000990,pay_45661243,duplicate_charge,2406.08,2026-04-15,,False,False,False,False,True,False,True,False,,False,True
D003207,pay_89451722,item_not_received,4196.62,2026-03-12,True,True,True,,True,False,False,False,False,,True,True
D000644,pay_52914143,duplicate_charge,5444.97,2026-04-05,False,,True,True,False,True,True,False,False,,False,True
D001287,pay_61428633,unauthorized_transaction,3366.27,2026-05-05,False,False,True,True,True,,,True,,True,False,False
D002618,pay_73971066,item_not_received,1761.21,2026-01-02,,True,True,False,True,True,True,True,False,True,True,True
D003918,pay_44543286,item_not_received,2950.07,2026-03-19,False,False,True,True,False,False,True,False,True,True,,True
D001452,pay_44447728,unauthorized_transaction,2147.97,2026-10-05,True,True,True,True,False,False,,False,True,False,True,True
D003063,pay_29912020,duplicate_charge,6980.51,2026-03-18,False,False,False,,False,False,,False,False,True,True,False
D001705,pay_87129525,duplicate_charge,4700.28,2026-03-30,True,True,True,False,,False,True,False,False,True,False,False
D005350,pay_44616810,duplicate_charge,6461.86,2026-09-16,False,True,False,False,,True,True,True,False,True,True,False
D004870,pay_56613595,unauthorized_transaction,2004.13,2026-04-25,False,False,False,,False,False,False,True,False,True,False,True
D000753,pay_32559181,item_not_received,2515.28,2026-06-19,True,False,True,True,False,True,False,,False,,,False
D001334,pay_41087924,unauthorized_transaction,5925.88,2026-01-09,True,True,False,False,False,False,True,False,False,True,False,False
D002982,pay_18237780,duplicate_charge,6493.64,2026-03-18,False,False,True,,True,,True,True,True,False,False,True
D003108,pay_81323346,unauthorized_transaction,2602.76,2026-03-04,False,False,False,True,True,True,,True,False,,False,True
D004033,pay_67335812,item_not_as_described,6529.24,2026-05-20,False,False,True,True,False,True,False,True,True,True,False,False
D001907,pay_21001513,duplicate_charge,1690.65,2026-01-11,,True,False,False,,,True,True,False,True,True,False
D001399,pay_54003319,item_not_received,4659.55,2026-01-24,,True,True,False,,False,True,False,,True,False,True
D005448,pay_17397851,item_not_received,5846.58,2026-06-23,False,,False,False,True,True,False,False,False,True,True,True
D005689,pay_69573415,item_not_as_described,7698.85,2026-04-12,True,True,True,True,True,False,False,False,,False,False,False
D005737,pay_95373734,duplicate_charge,5269.93,2026-10-25,False,False,,True,False,,False,True,False,,True,True
D002724,pay_64820629,unauthorized_transaction,7808.81,2026-09-19,True,True,False,,True,False,True,False,,,False,True
D000608,pay_49477949,unauthorized_transaction,5701.51,2026-07-13,False,False,,,False,True,False,True,True,,False,True
D003400,pay_66223009,item_not_received,7061.28,2026-02-12,False,False,True,True,,False,True,True,True,,True,True
D004176,pay_38369797,duplicate_charge,598.63,2026-06-14,False,False,True,False,True,True,False,True,False,False,True,True
D004234,pay_99204585,item_not_as_described,3937.72,2026-03-22,False,True,True,True,False,,True,False,True,False,False,False
D001909,pay_66386094,duplicate_charge,4901.01,2026-01-07,True,True,False,True,True,,False,,False,False,False,False
D004155,pay_77194408,duplicate_charge,6259.65,2026-07-30,True,,True,False,False,,True,False,False,True,True,True
D002943,pay_18459070,duplicate_charge,4188.19,2026-03-08,True,False,True,True,True,False,True,True,True,,True,True
D004170,pay_02076969,item_not_as_described,880.33,2026-05-13,True,True,True,False,,True,True,True,False,False,True,False
D002583,pay_55672829,item_not_as_described,4530.63,2026-02-21,True,False,,True,True,False,True,False,True,False,False,True
D004732,pay_58253921,item_not_as_described,7637.5,2026-02-13,False,,,False,False,,False,False,True,,,False
D004245,pay_01287082,duplicate_charge,5568.56,2026-07-10,False,True,True,,False,False,True,True,True,False,True,False
D000087,pay_97973354,item_not_as_described,809.09,2026-08-13,,True,,False,False,,False,True,True,True,False,False
D000044,pay_07003454,item_not_as_described,4955.91,2026-05-10,False,,True,False,False,True,False,False,True,False,True,True
D003333,pay_10051611,item_not_received,626.87,2026-07-27,False,False,True,True,False,False,True,True,False,False,True,False
D005610,pay_83753046,duplicate_charge,3885.13,2026-06-13,,False,False,True,False,True,False,True,False,False,True,False
D002947,pay_90901809,item_not_received,3911.18,2026-01-08,,,True,False,True,False,True,True,True,True,True,False
D001677,pay_71765125,item_not_received,1233.92,2026-08-30,False,True,True,False,False,True,,True,False,False,True,True
D005565,pay_62677648,item_not_received,5874.14,2026-08-07,True,False,False,True,True,True,,,False,True,False,True
D005908,pay_84313563,unauthorized_transaction,5346.19,2026-06-17,True,True,True,,False,False,True,False,True,True,True,True
D002856,pay_73327727,item_not_received,4483.56,2026-05-31,False,True,True,True,True,True,True,True,True,False,True,False
D005757,pay_99109923,item_not_as_described,819.03,2026-04-29,True,False,False,True,,True,False,False,True,True,True,True
D005952,pay_60859311,item_not_received,6718.9,2026-07-04,False,False,False,,True,True,True,True,False,,False,False
D004351,pay_45360834,unauthorized_transaction,1455.22,2026-02-20,True,True,False,False,False,True,False,False,False,False,False,True
D001400,pay_68646672,unauthorized_transaction,4347.74,2026-10-11,False,True,True,False,False,False,False,True,False,True,,False
D002689,pay_82222394,duplicate_charge,4681.17,2026-10-16,False,True,True,False,True,True,False,False,False,,True,True
D001106,pay_76204237,duplicate_charge,7570.27,2026-06-07,True,,False,False,True,True,True,True,False,,False,True
D002198,pay_62305916,item_not_as_described,5187.26,2026-06-04,True,True,False,False,,True,True,False,True,False,,True
D004854,pay_26351487,duplicate_charge,793.97,2026-03-02,True,True,True,False,True,,True,False,False,False,,False
D005493,pay_62970348,item_not_received,5861.22,2026-08-28,True,False,True,False,False,True,False,,False,,True,False
D004998,pay_15309938,duplicate_charge,3024.97,2026-06-19,True,False,False,True,False,True,True,True,True,False,True,False
D003825,pay_45932387,item_not_received,7520.79,2026-08-02,False,False,True,False,,False,True,True,False,True,True,True
D000328,pay_82040231,item_not_as_described,4730.24,2026-09-24,True,False,,True,,,True,True,False,True,,False
D003936,pay_62596959,unauthorized_transaction,5640.83,2026-08-29,,True,False,True,,True,True,False,True,,,True
D000294,pay_95207723,unauthorized_transaction,4704.9,2026-06-07,True,,False,True,,,False,True,True,False,False,True
D004127,pay_24388728,duplicate_charge,6377.28,2026-08-24,,,True,False,True,True,True,True,True,,True,True
D004226,pay_58509036,unauthorized_transaction,4537.98,2026-05-06,False,False,True,False,True,False,,,False,,True,True
D004531,pay_59229934,unauthorized_transaction,6015.7,2026-02-05,,,False,True,,,,True,True,False,True,False
D003749,pay_05537927,duplicate_charge,1734.42,2026-02-24,,False,False,False,True,True,,True,False,True,,True
D001598,pay_71203008,item_not_received,7382.04,2026-05-26,False,False,True,True,False,True,False,False,True,False,True,True
D004036,pay_36468343,item_not_received,3372.57,2026-10-10,True,,True,,True,,False,True,False,True,True,True
D003744,pay_65232864,item_not_received,1491.92,2026-10-27,,False,True,True,,True,,,True,True,False,True
